plan_index,trial_uid,repeat_id,target_order_in_repeat,target_id,charuco_id,method_order_in_block,method,camera,paper_gt_x_mm,paper_gt_y_mm,paper_pred_x_mm,paper_pred_y_mm,vision_dx_mm,vision_dy_mm,vision_xy_error_mm,robot_surface_x_mm,robot_surface_y_mm,robot_surface_z_mm,robot_high_z_mm,robot_measure_hover_z_mm,session_id,executed_at,high_t105_x_mm,high_t105_y_mm,high_t105_z_mm,high_t105_dx_mm,high_t105_dy_mm,high_t105_dz_mm,high_t105_xy_residual_mm,high_t105_3d_residual_mm,hover_t105_x_mm,hover_t105_y_mm,hover_t105_z_mm,hover_t105_dx_mm,hover_t105_dy_mm,hover_t105_dz_mm,hover_t105_xy_residual_mm,hover_t105_3d_residual_mm,measured_pointer_x_mm,measured_pointer_y_mm,e2e_dx_mm,e2e_dy_mm,e2e_xy_error_mm,downstream_dx_mm,downstream_dy_mm,downstream_xy_error_mm,measurement_status,notes
1,R1-T06-Oracle,1,1,T06,22,1,Oracle,ihawk1,59.0,8.0,59.0,8.0,0.0,0.0,0.0,191.420154218,-63.123470463000004,-118.775401124,-78.775401124,-108.775401124,20260811_195552,2026-08-11T19:58:06,191.1263519,-62.81460183,-79.91447702,-0.29380231799999024,0.308868633000003,-1.1390758960000085,0.42628586009092295,1.2162292264872112,191.6810669,-62.9969116,-109.0464931,0.2609126819999972,0.12655886300000674,-0.2710919760000081,0.28998719529021644,0.39696779829587575,60.0,8.0,1.0,0.0,1.0,1.0,0.0,1.0,MEASURED,NO
2,R1-T06-Affine,1,1,T06,22,2,Affine,ihawk1,59.0,8.0,58.835657241126796,6.413977380095092,-0.16434275887320382,-1.5860226199049077,1.5945144380795313,189.8585873519334,-62.95031448717314,-118.78569572313413,-78.78569572313413,-108.78569572313413,20260811_195552,2026-08-11T20:00:09,189.8219846,-63.67907984,-79.77986092,-0.03660275193340112,-0.7287653528268621,-0.9941651968658789,0.7296839733267813,1.2332084736934508,189.5252439,-63.57953303,-109.8110381,-0.3333434519334162,-0.6292185428268624,-1.0253423768658791,0.7120630811831532,1.2483432305984667,59.5,7.5,0.5,-0.5,0.7071067811865476,0.6643427588732038,1.0860226199049077,1.273105035812984,MEASURED,No
3,R1-T06-Homography,1,1,T06,22,3,Homography,ihawk1,59.0,8.0,59.48414303214988,8.455106311784222,0.4841430321498805,0.45510631178422223,0.6644668769811765,191.83586007675316,-63.60433766226443,-118.7718329698104,-78.7718329698104,-108.7718329698104,20260811_195552,2026-08-11T20:02:24,193.1161495,-64.45475945,-79.75013981,1.2802894232468418,-0.85042178773557,-0.9783068401895889,1.5369964945741073,1.8219337248909004,191.0708882,-63.77212973,-109.6649948,-0.764971876753151,-0.16779206773557576,-0.893161830189598,0.7831578067147247,1.1878864445416701,60.5,8.0,1.5,0.0,1.5,1.0158569678501195,-0.45510631178422223,1.1131429082357198,MEASURED,"The first time contacted the paper, the second time and the third time is above, accurate."
4,R1-T06-PnP_IPPE,1,1,T06,22,4,PnP_IPPE,ihawk1,59.0,8.0,59.46281021907498,8.363551573047914,0.46281021907498143,0.3635515730479142,0.5885261635185348,191.74659491951522,-63.58265345538269,-118.77244388410168,-78.77244388410168,-108.77244388410168,20260811_195552,2026-08-11T20:04:35,192.2787918,-64.17528159,-80.01324502,0.5321968804847756,-0.592628134617307,-1.240801135898323,0.7965184401743098,1.4744589124096623,191.0708882,-63.77212973,-109.6649948,-0.6757067195152047,-0.18947627461731287,-0.892550915898326,0.7017697837901364,1.1353977130995974,60.5,8.0,1.5,0.0,1.5,1.0371897809250186,-0.3635515730479142,1.0990597744985944,MEASURED,exactly the same as the third
5,R1-T09-Affine,1,2,T09,38,1,Affine,ihawk1,59.0,-42.0,55.05935624120093,-45.526146020337606,-3.9406437587990695,-3.526146020337606,5.287946575988149,138.6003659885375,-58.86406273370258,-119.12057344817107,-79.12057344817107,-109.12057344817107,20260811_195552,2026-08-11T20:07:46,139.6752935,-58.60990531,-79.03774973,1.074927511462505,0.2541574237025799,0.08282371817107048,1.1045655937616863,1.1076664295778704,139.6138437,-58.33240735,-109.8240609,1.0134777114624853,0.531655383702585,-0.7034874518289342,1.144462545761625,1.3433871793090577,55.0,-42.0,-4.0,0.0,4.0,-0.059356241200930526,3.526146020337606,3.5266455620195574,MEASURED,"the x change between 54 to 58,y change between 42 to 44.finanlly stay here."
6,R1-T09-Homography,1,2,T09,38,2,Homography,ihawk1,59.0,-42.0,58.393975968187476,-41.75288778675622,-0.6060240318125238,0.2471122132437813,0.6544689244483247,142.09730317952625,-62.18054739907387,-119.09194490169365,-79.09194490169365,-109.09194490169365,20260811_195552,2026-08-11T20:10:35,141.8657523,-61.58725444,-79.64939271,-0.23155087952625308,0.5932929590738709,-0.5574478083063497,0.6368770250966911,0.8463807677880942,143.8691026,-62.45695584,-109.3102501,1.7717994204737408,-0.2764084409261258,-0.21830519830635353,1.7932302731680323,1.8064694772439063,59.0,-38.0,0.0,4.0,4.0,0.6060240318125238,3.7528877867562187,3.8015038954495752,MEASURED,"higher above 3mm,the last time before is 2mm."
7,R1-T09-PnP_IPPE,1,2,T09,38,3,PnP_IPPE,ihawk1,59.0,-42.0,58.172548237618116,-42.07766962584344,-0.8274517623818838,-0.07766962584344128,0.8310890384595057,141.79144438076548,-61.95980924872417,-119.09431690161206,-79.09431690161206,-109.09431690161206,20260811_195552,2026-08-11T20:13:18,140.8832904,-62.19086747,-79.84873609,-0.9081539807654906,-0.23105822127583053,-0.7544191883879421,0.9370867379273691,1.2030294535909247,141.8576986,-62.62100568,-109.9313409,0.06625421923450858,-0.6611964312758332,-0.8370239983879344,0.6645075938605005,1.068727989797028,59.0,-39.5,0.0,2.5,2.5,0.8274517623818838,2.5776696258434413,2.70722313802626,MEASURED,
8,R1-T09-Oracle,1,2,T09,38,4,Oracle,ihawk1,59.0,-42.0,59.0,-42.0,0.0,0.0,0.0,141.807194218,-62.776807913,-119.092661174,-79.092661174,-109.092661174,20260811_195552,2026-08-11T20:15:36,141.0335326,-63.81456351,-79.89074503,-0.7736616180000055,-1.0377555970000003,-0.7980838560000052,1.2944068055565892,1.5206665707771216,142.5084999,-61.60665462,-110.4137487,0.7013056819999974,1.1701532929999985,-1.3210875259999995,1.3642171340091802,1.8990420322038744,59.0,-39.5,0.0,2.5,2.5,0.0,2.5,2.5,MEASURED,
9,R1-T04-Homography,1,3,T04,17,1,Homography,ihawk1,-66.0,8.0,-65.92190157349302,7.978506401368168,0.07809842650698329,-0.021493598631831645,0.08100209259650608,200.65620236445633,60.139158065201045,-118.95110237090921,-78.95110237090921,-108.95110237090921,20260811_195552,2026-08-11T20:17:20,202.1582438,62.34138818,-79.31638795,1.5020414355436742,2.202230114798958,-0.36528557909079495,2.6656980235235825,2.690609504723647,198.9429671,61.34986385,-110.3948642,-1.7132352644563298,1.2107057847989537,-1.4437618290907892,2.0978521322348724,2.5466510926826986,-65.5,7.5,0.5,-0.5,0.7071067811865476,0.4219015734930167,-0.47850640136816835,0.6379414658620319,MEASURED,
10,R1-T04-PnP_IPPE,1,3,T04,17,2,PnP_IPPE,ihawk1,-66.0,8.0,-66.03055790102417,7.736584544640152,-0.030557901024167222,-0.2634154553598478,0.26518198927800274,200.42420518651144,60.248048342237,-118.95279011899319,-78.95279011899319,-108.95279011899319,20260811_195552,2026-08-11T20:19:13,201.6556365,63.54399245,-79.64081177,1.2314313134885708,3.295944107762999,-0.6880216510068067,3.5184756132930377,3.5851142845928847,201.2111777,60.02697738,-109.5618385,0.7869725134885641,-0.2210709622370004,-0.6090483810068008,0.8174338550188031,1.0193812033473575,-66.0,9.0,0.0,1.0,1.0,0.030557901024167222,1.2634154553598478,1.2637849493316236,MEASURED,
11,R1-T04-Oracle,1,3,T04,17,3,Oracle,ihawk1,-66.0,8.0,-66.0,8.0,0.0,0.0,0.0,200.683317093,60.21607003700001,-118.951075749,-78.951075749,-108.951075749,20260811_195552,2026-08-11T20:21:20,201.945926,62.61531525,-79.64081177,1.2626089069999864,2.3992452129999933,-0.6897360210000016,2.711191406769187,2.7975515406876776,199.3850655,61.82129534,-109.8694179,-1.2982515930000034,1.6052253029999903,-0.9183421510000045,2.0645109522883276,2.2595481358939384,-66.0,8.0,0.0,0.0,0.0,0.0,0.0,0.0,MEASURED,
12,R1-T04-Affine,1,3,T04,17,4,Affine,ihawk1,-66.0,8.0,-67.0718656851742,4.5990132202245935,-1.0718656851742026,-3.4009867797754065,3.5658949961070157,197.38808760306463,61.29727730068869,-118.97416209053436,-78.97416209053436,-108.97416209053436,20260811_195552,2026-08-11T20:25:40,198.406177,61.18432898,-79.85747985,1.0180893969353804,-0.11294832068869454,-0.8833177594656405,1.02433556186371,1.3525951380535277,196.3985473,64.21368921,-110.1327265,-0.9895403030646435,2.9164119093113072,-1.1585644094656402,3.0797156420945897,3.2904285324319926,-67.0,5.5,-1.0,-2.5,2.692582403567252,0.07186568517420255,0.9009867797754065,0.9038483578762615,MEASURED,everytime near this point will touch the paper.
13,R1-T05-PnP_IPPE,1,4,T05,19,1,PnP_IPPE,ihawk1,-16.0,8.0,-15.711865471149281,8.080388872490062,0.2881345288507191,0.08038887249006166,0.2991385590930218,197.03646624474067,10.595389437644364,-118.87989087204343,-78.87989087204343,-108.87989087204343,20260811_195552,2026-08-11T20:27:07,198.0191251,10.64174074,-79.72909354,0.9826588552593307,0.04635130235563523,-0.8492026679565612,0.9837514264536757,1.299581486600276,196.2830212,10.85042992,-109.6930106,-0.7534450447406584,0.2550404823556356,-0.8131197279565612,0.7954401819649596,1.137492318689054,-16.0,8.0,0.0,0.0,0.0,-0.2881345288507191,-0.08038887249006166,0.2991385590930218,MEASURED,"CORRECTED_20260813: photo-verified manual x; original -6.0, corrected -16.0."
14,R1-T05-Oracle,1,4,T05,19,2,Oracle,ihawk1,-16.0,8.0,-16.0,8.0,0.0,0.0,0.0,196.978051943,10.880253837,-118.880805899,-78.880805899,-108.880805899,20260811_195552,2026-08-11T20:28:51,197.8457278,11.54575869,-80.03319547,0.8676758569999947,0.6655048529999998,-1.1523895710000005,1.0935072483469082,1.588634578981835,196.416559,11.46235614,-109.3913276,-0.5614929429999904,0.582102303000001,-0.5105217010000018,0.8087752569142403,0.9564255451359664,-17.5,8.0,-1.5,0.0,1.5,-1.5,0.0,1.5,MEASURED,"CORRECTED_20260813: photo-verified manual x; original -7.5, corrected -17.5."
15,R1-T05-Affine,1,4,T05,19,3,Affine,ihawk1,-16.0,8.0,-21.066021883547137,5.3533665939887545,-5.066021883547137,-2.6466334060112455,5.715701716359345,194.72732468354292,15.897330100946046,-118.90471909189152,-78.90471909189152,-108.90471909189152,20260811_195552,2026-08-11T20:31:38,195.5866261,16.23856887,-79.98007802,0.8593014164570718,0.34123876905395534,-1.0753589281084714,0.9245771043188278,1.4181818099570975,194.8019474,16.17342097,-109.5231075,0.07462271645707119,0.2760908690539523,-0.6183884081084727,0.2859977583590457,0.6813214667609777,-21.0,6.0,-5.0,-2.0,5.385164807134504,0.0660218835471369,0.6466334060112455,0.6499951160407408,MEASURED,last 2 or 3 times may have the 10mm error cause I read wrong x.
16,R1-T05-Homography,1,4,T05,19,4,Homography,ihawk1,-16.0,8.0,-15.285746675234282,8.263242003523663,0.7142533247657177,0.2632420035236631,0.7612188675788548,197.18632628377227,10.17366329909822,-118.87813176609613,-78.87813176609613,-108.87813176609613,20260811_195552,2026-08-11T20:33:13,198.1727548,10.04035323,-79.42480399,0.9864285162277326,-0.1333100690982203,-0.5466722239038688,0.9953957967312392,1.1356334410971791,196.4013929,8.440918296,-109.6930106,-0.7849333837722838,-1.7327450030982199,-0.8148788339038617,1.9022422723517785,2.0694330568217407,-15.5,8.0,0.5,0.0,0.5,-0.21425332476571768,-0.2632420035236631,0.33941249180358163,MEASURED,
17,R1-T07-Oracle,1,5,T07,33,1,Oracle,ihawk1,-66.0,-42.0,-66.0,-42.0,0.0,0.0,0.0,151.070357093,60.562732587,-119.268335799,-79.268335799,-109.268335799,20260811_195552,2026-08-11T20:35:56,150.6526939,62.40238902,-79.12022329,-0.41766319300000987,1.8396564330000018,0.14811250900000061,1.8864724578602396,1.8922778996721197,153.0357218,59.57240205,-109.5455442,1.965364706999992,-0.9903305369999984,-0.2772084009999958,2.2007755460373213,2.218165345870511,-67.5,-41.5,-1.5,0.5,1.5811388300841898,-1.5,0.5,1.5811388300841898,MEASURED,
18,R1-T07-Affine,1,5,T07,33,2,Affine,ihawk1,-66.0,-42.0,-64.2492721010783,-40.15962987976651,1.7507278989216957,1.8403701202334872,2.5400807773594516,152.76674305478664,58.822501042275256,-119.25419781293576,-79.25419781293576,-109.25419781293576,20260811_195552,2026-08-11T20:37:23,152.7139334,59.98730222,-79.55713115,-0.05280965478664257,1.1648011777247405,-0.3029333370642462,1.165997702942689,1.2047071220726253,153.08523,60.40437791,-110.0675938,0.3184869452133512,1.5818768677247448,-0.81339598706424,1.613619645057032,1.8070366323586777,-66.5,-40.0,-0.5,2.0,2.0615528128088303,-2.2507278989216957,0.15962987976651277,2.256381566468478,MEASURED,
19,R1-T07-Homography,1,5,T07,33,3,Homography,ihawk1,-66.0,-42.0,-66.64258556560806,-42.593388241135685,-0.6425855656080586,-0.5933882411356848,0.874657540895824,150.5291811496041,61.20089636376849,-119.27300405448719,-79.27300405448719,-109.27300405448719,20260811_195552,2026-08-11T20:39:16,149.8289855,62.60042114,-80.1937731,-0.700195649604126,1.3995247762315088,-0.920769045512813,1.5649100763335888,1.8156979876028323,149.7629374,62.57282546,-109.7672331,-0.766243749604115,1.3719290962315043,-0.4942290455128102,1.5714066720279527,1.6472951400166485,-67.0,-43.0,-1.0,-1.0,1.4142135623730951,-0.3574144343919414,-0.4066117588643152,0.5413669738342407,MEASURED,
20,R1-T07-PnP_IPPE,1,5,T07,33,4,PnP_IPPE,ihawk1,-66.0,-42.0,-66.48881599015226,-42.479918344927626,-0.4888159901522613,-0.47991834492762564,0.6850275104159008,150.63037755705827,61.04838269826034,-119.27206795788825,-79.27206795788825,-109.27206795788825,20260811_195552,2026-08-11T20:42:07,149.3415334,62.39675758,-80.18576869,-1.2888441570582643,1.3483748817396588,-0.9137007321117494,1.8652705119873811,2.0770370990310245,149.5389809,62.47925363,-110.5172108,-1.0913966570582545,1.430870931739662,-1.245142842111747,1.7995939226212845,2.1883598843877534,-67.5,-43.0,-1.5,-1.0,1.8027756377319946,-1.0111840098477387,-0.5200816550723744,1.1370919178828824,MEASURED,I may wrong the -43 to the -48.in last times
21,R1-T08-Affine,1,6,T08,35,1,Affine,ihawk1,-16.0,-42.0,-19.537479351360844,-41.33693968712085,-3.537479351360844,0.6630603128791535,3.5990844863408995,148.28516561779807,14.712807845223349,-119.19883026090761,-79.19883026090761,-109.19883026090761,20260811_195552,2026-08-11T20:44:19,146.9138796,18.12009878,-79.77660042,-1.3712860177980701,3.4072909347766505,-0.5777701590923812,3.672881274533609,3.7180472312165787,149.5028018,15.41973796,-109.5779283,1.2176361822019146,0.706930114776652,-0.3790980390923835,1.4079730321939354,1.4581163817161766,-21.0,-39.0,-5.0,3.0,5.830951894845301,-1.4625206486391562,2.3369396871208465,2.7568557722406113,MEASURED,
22,R1-T08-Homography,1,6,T08,35,2,Homography,ihawk1,-16.0,-42.0,-15.162532392436894,-41.316650628737726,0.8374676075631058,0.683349371262274,1.0808877633325382,147.98109085263806,10.395835595084604,-119.19255298542285,-79.19255298542285,-109.19255298542285,20260811_195552,2026-08-11T20:45:55,147.7327753,12.72198596,-79.7516748,-0.2483155526380756,2.326150364915396,-0.5591218145771535,2.3393666095501113,2.4052553580470475,148.6196341,10.50450482,-109.8313669,0.6385432473619517,0.10866922491539555,-0.6388139145771561,0.6477240764363013,0.9097415548674522,-17.0,-39.5,-1.0,2.5,2.692582403567252,-1.8374676075631058,1.816650628737726,2.5838937121593952,MEASURED,
23,R1-T08-PnP_IPPE,1,6,T08,35,3,PnP_IPPE,ihawk1,-16.0,-42.0,-15.515487821407191,-41.39008146878177,0.4845121785928086,0.6099185312182271,0.7789433008429748,147.93438429504997,10.744611592939185,-119.19351496136353,-79.19351496136353,-109.19351496136353,20260811_195552,2026-08-11T20:47:54,147.3281257,12.68713963,-79.51773949,-0.6062585950499795,1.942528037060816,-0.32422452863646356,2.0349360331075084,2.0606033591666444,149.2844027,11.0118791,-109.7499961,1.3500184049500206,0.26726750706081503,-0.556481138636471,1.3762200456447002,1.4844705694935294,-17.0,-39.0,-1.0,3.0,3.1622776601683795,-1.4845121785928086,2.390081468781773,2.813585938940626,MEASURED,
24,R1-T08-Oracle,1,6,T08,35,4,Oracle,ihawk1,-16.0,-42.0,-16.0,-42.0,0.0,0.0,0.0,147.365091943,11.226916387,-119.198065949,-79.198065949,-109.198065949,20260811_195552,2026-08-11T20:49:08,147.7126648,12.72025415,-79.29380027,0.34757285699998874,1.4933377630000013,-0.095734321000009,1.5332529358605458,1.5362387918361897,148.4604521,12.55525555,-109.8313669,1.0953601569999876,1.3283391630000008,-0.6333009510000096,1.7217139151155687,1.8344941809774422,-17.5,-40.0,-1.5,2.0,2.5,-1.5,2.0,2.5,MEASURED,
25,R1-T03-Homography,1,7,T03,14,1,Homography,ihawk1,59.0,33.0,59.25820926407876,33.0026309673326,0.2582092640787579,0.0026309673325997096,0.25822266756657697,216.2101101437887,-63.55159927503143,-118.61639151845834,-78.61639151845834,-108.61639151845834,20260811_195552,2026-08-11T20:50:22,213.19215,-62.17927099,-80.99195435,-3.017960143788713,1.3723282850314291,-2.3755628315416573,3.3153232649915894,4.0785618933634815,215.601643,-63.24104274,-110.1271818,-0.6084671437887152,0.31055653503143077,-1.5107902815416594,0.6831380728089493,1.6580605843339535,60.0,31.5,1.0,-1.5,1.8027756377319946,0.7417907359212421,-1.5026309673325997,1.6757545523988537,MEASURED,
26,R1-T03-PnP_IPPE,1,7,T03,14,2,PnP_IPPE,ihawk1,59.0,33.0,59.32733371865129,33.15668077794558,0.327333718651289,0.15668077794558144,0.36289975136904384,216.3578449969769,-63.62087356874922,-118.6153168941449,-78.6153168941449,-108.6153168941449,20260811_195552,2026-08-11T20:52:38,213.0336214,-61.7786054,-80.98612889,-3.324223596976907,1.8422681687492215,-2.3708119958551066,3.8005808145972497,4.479415592236912,215.715553,-64.71456132,-110.1351862,-0.6422919969768941,-1.0936877512507834,-1.51986930585511,1.268342188298001,1.9795692999986276,60.5,32.5,1.5,-0.5,1.5811388300841898,1.172666281348711,-0.6566807779455814,1.3440148256382547,MEASURED,
27,R1-T03-Oracle,1,7,T03,14,3,Oracle,ihawk1,59.0,33.0,59.0,33.0,0.0,0.0,0.0,216.22663421800002,-63.296801738,-118.61677109899999,-78.61677109899999,-108.61677109899999,20260811_195552,2026-08-11T20:55:00,213.25371,-62.90777155,-80.99737466,-2.972924218000003,0.38903018799999955,-2.380603561000015,2.998269983364781,3.8284326045775177,216.0110804,-63.72116902,-110.1351862,-0.21555381800001783,-0.4243672819999986,-1.5184151010000164,0.4759737792005471,1.5912685057624125,59.5,32.5,0.5,-0.5,0.7071067811865476,0.5,-0.5,0.7071067811865476,MEASURED,
28,R1-T03-Affine,1,7,T03,14,4,Affine,ihawk1,59.0,33.0,59.918111341345025,33.94955653783778,0.9181113413450248,0.949556537837779,1.320827791067719,217.10080350945157,-64.20930069957019,-118.60945566098175,-78.60945566098175,-108.60945566098175,20260811_195552,2026-08-11T20:56:20,213.5310053,-63.34578826,-81.58892038,-3.5697982094515623,0.8635124395701936,-2.979464719018253,3.6727527808846663,4.729304705912971,216.9923094,-64.37261355,-109.4271621,-0.10849410945155569,-0.16331285042980426,-0.8177064390182522,0.1960664655192054,0.840883986833561,61.0,33.0,2.0,0.0,2.0,1.0818886586549752,-0.949556537837779,1.4394932053596956,MEASURED,
29,R1-T02-PnP_IPPE,1,8,T02,11,1,PnP_IPPE,ihawk1,-16.0,33.0,-13.933017352902368,35.27259327792069,2.066982647097632,2.2725932779206914,3.0719859163500485,223.88635915551606,8.651640583067298,-118.70485088164905,-78.70485088164905,-108.70485088164905,20260811_195552,2026-08-11T20:58:19,223.4649772,8.917294255,-80.32925572,-0.4213819555160683,0.26565367193270184,-1.624404838350955,0.4981311331826925,1.6990661272310343,223.8826019,8.933959427,-109.7948665,-0.003757255516063651,0.28231884393270157,-1.0900156183509466,0.2823438446442743,1.125989384877809,-14.5,35.5,1.5,2.5,2.9154759474226504,-0.5669826470976318,0.22740672207930857,0.6108871739991711,MEASURED,
30,R1-T02-Oracle,1,8,T02,11,2,Oracle,ihawk1,-16.0,33.0,-16.0,33.0,0.0,0.0,0.0,221.78453194300002,10.706922561999999,-118.722175874,-78.722175874,-108.722175874,20260811_195552,2026-08-11T20:59:43,222.1096121,8.521975069,-80.12487728,0.3250801569999737,-2.1849474929999992,-1.4027014060000056,2.208998111280793,2.6167238849440158,221.2401113,12.91099367,-109.9083666,-0.5444206430000236,2.204071108000001,-1.1861907259999924,2.2703134773957783,2.561517465115805,-16.5,34.0,-0.5,1.0,1.118033988749895,-0.5,1.0,1.118033988749895,MEASURED,
31,R1-T02-Affine,1,8,T02,11,3,Affine,ihawk1,-16.0,33.0,-20.089730283291374,32.93298609373822,-4.089730283291374,-0.06701390626177783,4.0902792879830345,222.02110747981538,14.742790817513345,-118.72834878537597,-78.72834878537597,-108.72834878537597,20260811_195552,2026-08-11T21:01:01,222.6723165,14.36603498,-79.83642025,0.6512090201846092,-0.37675583751334507,-1.1080714646240324,0.7523417767678336,1.3393433166235718,220.6486517,16.95680351,-110.0108984,-1.3724557798153967,2.214012692486655,-1.2825496146240312,2.6048967484414227,2.903518655702585,-20.0,32.5,-4.0,-0.5,4.031128874149275,0.08973028329137378,-0.43298609373822217,0.4421860254578775,MEASURED,
32,R1-T02-Homography,1,8,T02,11,4,Homography,ihawk1,-16.0,33.0,-13.467255259699206,35.3629263876456,2.532744740300794,2.362926387645601,3.4638442564516705,223.94147757366247,8.191439220479994,-118.70362311926239,-78.70362311926239,-108.70362311926239,20260811_195552,2026-08-11T21:02:15,224.6449971,8.619253559,-80.23989617,0.7035195263375442,0.4278143385200064,-1.5362730507376057,0.8233861986829225,1.7430145491659395,223.7036566,8.583135895,-109.1013678,-0.23782097366247967,0.39169667452000567,-0.3977446807376168,0.45824131234950993,0.6067832655890156,-13.0,35.5,3.0,2.5,3.905124837953327,0.4672552596992059,0.1370736123543992,0.48694625259925395,MEASURED,
33,R1-T01-Oracle,1,9,T01,9,1,Oracle,ihawk1,-66.0,33.0,-66.0,33.0,0.0,0.0,0.0,225.489797093,60.042738762,-118.79244572399999,-78.79244572399999,-108.79244572399999,20260811_195552,2026-08-11T21:03:39,220.5166073,58.84560978,-82.36050303,-4.973189792999989,-1.1971289820000024,-3.5680573060000143,5.1152453036725065,6.236727303293267,224.9865742,60.0384357,-109.3337623,-0.503222892999986,-0.004303061999998192,-0.541316576000014,0.5032412904182756,0.7391044796469781,-64.5,33.5,1.5,0.5,1.5811388300841898,1.5,0.5,1.5811388300841898,MEASURED,
34,R1-T01-Affine,1,9,T01,9,2,Affine,ihawk1,-66.0,33.0,-67.1650275970469,30.257862630527416,-1.165027597046901,-2.7421373694725837,2.9793634647251244,222.85522078355956,61.21130243657569,-118.81148246306871,-78.81148246306871,-108.81148246306871,20260811_195552,2026-08-11T21:05:10,219.2677648,60.31760442,-81.45180727,-3.5874559835595505,-0.8936980165756907,-2.6403248069312895,3.6970983999358937,4.543110351389816,221.1836695,60.84464399,-110.0758729,-1.6715512835595518,-0.36665844657569124,-1.2643904369312793,1.711292526137739,2.1277230287370945,-65.5,30.0,0.5,-3.0,3.0413812651491097,1.665027597046901,-0.2578626305274163,1.6848768605302573,MEASURED,
35,R1-T01-Homography,1,9,T01,9,3,Homography,ihawk1,-66.0,33.0,-63.80284213657175,34.8781474443333,2.1971578634282523,1.878147444333301,2.890491394119746,227.19058512438804,57.86174556410381,-118.77744062188827,-78.77744062188827,-108.77744062188827,20260811_195552,2026-08-11T21:06:30,222.6156847,57.58042686,-81.78744566,-4.574900424388034,-0.28131870410381055,-3.0100050381117285,4.583541655351728,5.483519347627256,226.3360901,58.54272442,-109.5574593,-0.8544950243880294,0.6809788558961856,-0.7800186781117304,1.0926545423332925,1.3425062707804192,-63.0,35.0,3.0,2.0,3.605551275463989,0.8028421365717477,0.12185255566669895,0.8120366627053207,MEASURED,
36,R1-T01-PnP_IPPE,1,9,T01,9,4,PnP_IPPE,ihawk1,-66.0,33.0,-64.0650643250732,34.601060830519316,1.9349356749268054,1.601060830519316,2.5114481577623007,226.9350754373665,58.122405589055504,-118.77956731842438,-78.77956731842438,-108.77956731842438,20260811_195552,2026-08-11T21:08:06,223.0507688,55.87130904,-81.78744566,-3.8843066373665067,-2.2510965490555037,-3.007878341575619,4.489462520865843,5.403943545595086,225.4909379,57.58662531,-109.5398298,-1.4441375373664869,-0.5357802790555013,-0.7602624815756229,1.5403226072014045,1.7177289585808515,-62.0,34.0,4.0,1.0,4.123105625617661,2.0650643250731946,-0.6010608305193159,2.1507591191657376,MEASURED,
37,R2-T02-Affine,2,1,T02,11,1,Affine,ihawk1,-16.0,33.0,-20.089730283291374,32.93298609373822,-4.089730283291374,-0.06701390626177783,4.0902792879830345,222.02110747981538,14.742790817513345,-118.72834878537597,-78.72834878537597,-108.72834878537597,20260811_195552,2026-08-11T21:09:33,222.4792563,17.0974851,-79.83642025,0.45814882018461844,2.354694282486655,-1.1080714646240324,2.398850871857586,2.642405698625014,220.8617194,13.90904718,-110.0108984,-1.1593880798153862,-0.8337436375133453,-1.2825496146240312,1.428043827307829,1.9194381174406858,-19.0,32.5,-3.0,-0.5,3.0413812651491097,1.0897302832913738,-0.43298609373822217,1.172599269867154,MEASURED,
38,R2-T02-Homography,2,1,T02,11,2,Homography,ihawk1,-16.0,33.0,-13.467255259699206,35.3629263876456,2.532744740300794,2.362926387645601,3.4638442564516705,223.94147757366247,8.191439220479994,-118.70362311926239,-78.70362311926239,-108.70362311926239,20260811_195552,2026-08-11T21:11:30,223.231076,8.565003767,-81.01500419,-0.710401573662466,0.37356454652000615,-2.3113810707376103,0.8026337061691379,2.446774064036757,223.9929296,7.906100312,-109.104357,0.05145202633752888,-0.28533890847999377,-0.4007338807376044,0.2899406899812305,0.4946243492569008,-12.5,36.0,3.5,3.0,4.6097722286464435,0.9672552596992059,0.6370736123543992,1.1582078936762872,MEASURED,"CORRECTED_20260813: user/photo-verified manual x; original -17.5, corrected -12.5."
39,R2-T02-PnP_IPPE,2,1,T02,11,3,PnP_IPPE,ihawk1,-16.0,33.0,-13.933017352902368,35.27259327792069,2.066982647097632,2.2725932779206914,3.0719859163500485,223.88635915551606,8.651640583067298,-118.70485088164905,-78.70485088164905,-108.70485088164905,20260811_195552,2026-08-11T21:13:18,223.8664874,9.621310223,-80.18514604,-0.019871755516049916,0.969669639932702,-1.4802951583509554,0.9698732377349659,1.769725360928013,224.189621,9.635197823,-109.106941,0.30326184448392723,0.9835572399327024,-0.4020901183509551,1.029248556250544,1.1050018343058596,-14.5,36.0,1.5,3.0,3.3541019662496847,-0.5669826470976318,0.7274067220793086,0.9222742875283915,MEASURED,
40,R2-T02-Oracle,2,1,T02,11,4,Oracle,ihawk1,-16.0,33.0,-16.0,33.0,0.0,0.0,0.0,221.78453194300002,10.706922561999999,-118.722175874,-78.722175874,-108.722175874,20260811_195552,2026-08-11T21:14:52,222.3647645,12.29221601,-79.98097942,0.580232556999988,1.5852934480000016,-1.2588035459999958,1.6881425107124333,2.105804241589574,220.919266,12.21230955,-109.5610879,-0.8652659430000256,1.5053869880000015,-0.8389120260000027,1.7363395796201386,1.928379766312349,-16.0,33.0,0.0,0.0,0.0,0.0,0.0,0.0,MEASURED,
41,R2-T04-Homography,2,2,T04,17,1,Homography,ihawk1,-66.0,8.0,-65.92190157349302,7.978506401368168,0.07809842650698329,-0.021493598631831645,0.08100209259650608,200.65620236445633,60.139158065201045,-118.95110237090921,-78.95110237090921,-108.95110237090921,20260811_195552,2026-08-11T21:16:17,202.5369578,61.09979495,-79.31638795,1.8807554355436764,0.9606368847989586,-0.36528557909079495,2.111886415687011,2.1432446866970247,199.8533597,60.29022765,-109.8694179,-0.8028426644563353,0.15106958479895383,-0.9183155290907905,0.8169322880892126,1.2290979514635825,-66.0,8.0,0.0,0.0,0.0,-0.07809842650698329,0.021493598631831645,0.08100209259650608,MEASURED,
42,R2-T04-PnP_IPPE,2,2,T04,17,2,PnP_IPPE,ihawk1,-66.0,8.0,-66.03055790102417,7.736584544640152,-0.030557901024167222,-0.2634154553598478,0.26518198927800274,200.42420518651144,60.248048342237,-118.95279011899319,-78.95279011899319,-108.95279011899319,20260811_195552,2026-08-11T21:17:53,202.041739,62.30546053,-79.64081177,1.6175338134885635,2.057412187762999,-0.6880216510068067,2.617128301809941,2.706055125157046,199.4796636,61.51536987,-109.8694179,-0.9445415865114342,1.267321527763002,-0.9166277810068095,1.580589340524947,1.8271478189502224,-65.5,9.0,0.5,1.0,1.118033988749895,0.5305579010241672,1.2634154553598478,1.3702956977168474,MEASURED,
43,R2-T04-Oracle,2,2,T04,17,3,Oracle,ihawk1,-66.0,8.0,-66.0,8.0,0.0,0.0,0.0,200.683317093,60.21607003700001,-118.951075749,-78.951075749,-108.951075749,20260811_195552,2026-08-11T21:19:14,202.2319387,61.68531199,-79.64081177,1.5486216070000012,1.4692419529999938,-0.6897360210000016,2.13468985993809,2.2433538679368925,199.9463085,60.98814313,-110.0909851,-0.737008593000013,0.7720730929999888,-1.139909351,1.0673699110853876,1.5616247486472765,-66.0,9.0,0.0,1.0,1.0,0.0,1.0,1.0,MEASURED,
44,R2-T04-Affine,2,2,T04,17,4,Affine,ihawk1,-66.0,8.0,-67.0718656851742,4.5990132202245935,-1.0718656851742026,-3.4009867797754065,3.5658949961070157,197.38808760306463,61.29727730068869,-118.97416209053436,-78.97416209053436,-108.97416209053436,20260811_195552,2026-08-11T21:20:54,198.5736803,60.5694605,-79.21915353,1.1855926969353732,-0.7278168006886929,-0.24499143946563606,1.3911676169287497,1.412575004664411,196.7187756,64.31838977,-109.4982776,-0.6693120030646469,3.021112469311305,-0.5241155094656307,3.094365703932659,3.138438493413098,-66.5,5.5,-0.5,-2.5,2.5495097567963922,0.5718656851742026,0.9009867797754065,1.067149258168611,MEASURED,
