camera,ros_frame_count,timestamp,charuco_id,paper_x_mm,paper_y_mm,paper_z_mm,u_raw_px,v_raw_px,u_undist_px,v_undist_px,detected_aruco_markers,detected_charuco_corners
ihawk2,1,1786447084.048308,0,-91.0,58.0,0.0,270.022705078125,343.6977233886719,270.022705078125,343.6977233886719,30,46
ihawk2,1,1786447084.048308,2,-41.0,58.0,0.0,313.5445861816406,342.8448486328125,313.5445861816406,342.8448486328125,30,46
ihawk2,1,1786447084.048308,5,34.0,58.0,0.0,377.9825134277344,341.06195068359375,377.9825134277344,341.06195068359375,30,46
ihawk2,1,1786447084.048308,7,84.0,58.0,0.0,420.5393371582031,339.8912658691406,420.5393371582031,339.8912658691406,30,46
ihawk2,1,1786447084.048308,24,-91.0,-17.0,0.0,274.247314453125,299.4165344238281,274.247314453125,299.4165344238281,30,46
ihawk2,1,1786447084.048308,26,-41.0,-17.0,0.0,311.913818359375,298.95794677734375,311.913818359375,298.95794677734375,30,46
ihawk2,1,1786447084.048308,29,34.0,-17.0,0.0,368.4430236816406,298.1793212890625,368.4430236816406,298.1793212890625,30,46
ihawk2,1,1786447084.048308,31,84.0,-17.0,0.0,405.77197265625,297.2445373535156,405.77197265625,297.2445373535156,30,46
ihawk2,1,1786447084.048308,42,-41.0,-67.0,0.0,311.74481201171875,274.7817687988281,311.74481201171875,274.7817687988281,30,46
ihawk2,1,1786447084.048308,45,34.0,-67.0,0.0,363.5360412597656,274.7128601074219,363.5360412597656,274.7128601074219,30,46
ihawk2,1,1786447084.048308,47,84.0,-67.0,0.0,397.8475341796875,274.06207275390625,397.8475341796875,274.06207275390625,30,46
ihawk1,1,1786447084.065751,0,-91.0,58.0,0.0,254.4058380126953,247.68504333496094,254.4058380126953,247.68504333496094,28,40
ihawk1,1,1786447084.065751,2,-41.0,58.0,0.0,271.8846740722656,263.5107421875,271.8846740722656,263.5107421875,28,40
ihawk1,1,1786447084.065751,5,34.0,58.0,0.0,301.52203369140625,293.2976989746094,301.52203369140625,293.2976989746094,28,40
ihawk1,1,1786447084.065751,7,84.0,58.0,0.0,324.8085632324219,315.8047180175781,324.8085632324219,315.8047180175781,28,40
ihawk1,1,1786447084.065751,26,-41.0,-17.0,0.0,313.5736389160156,246.5199432373047,313.5736389160156,246.5199432373047,28,40
ihawk1,1,1786447084.065751,31,84.0,-17.0,0.0,369.6625061035156,290.8194885253906,369.6625061035156,290.8194885253906,28,40
ihawk1,1,1786447084.065751,42,-41.0,-67.0,0.0,338.57452392578125,235.5341339111328,338.57452392578125,235.5341339111328,28,40
ihawk1,1,1786447084.065751,45,34.0,-67.0,0.0,371.0659484863281,258.0750427246094,371.0659484863281,258.0750427246094,28,40
ihawk1,1,1786447084.065751,47,84.0,-67.0,0.0,395.9449462890625,275.3385314941406,395.9449462890625,275.3385314941406,28,40
ihawk2,2,1786447084.152602,0,-91.0,58.0,0.0,270.0419006347656,343.713134765625,270.0419006347656,343.713134765625,30,46
ihawk2,2,1786447084.152602,2,-41.0,58.0,0.0,313.52587890625,342.8732604980469,313.52587890625,342.8732604980469,30,46
ihawk2,2,1786447084.152602,5,34.0,58.0,0.0,377.9814147949219,341.0526428222656,377.9814147949219,341.0526428222656,30,46
ihawk2,2,1786447084.152602,7,84.0,58.0,0.0,420.5306091308594,339.9021911621094,420.5306091308594,339.9021911621094,30,46
ihawk2,2,1786447084.152602,24,-91.0,-17.0,0.0,274.2314758300781,299.4193420410156,274.2314758300781,299.4193420410156,30,46
ihawk2,2,1786447084.152602,26,-41.0,-17.0,0.0,311.9229431152344,298.9465026855469,311.9229431152344,298.9465026855469,30,46
ihawk2,2,1786447084.152602,29,34.0,-17.0,0.0,368.4532775878906,298.1440124511719,368.4532775878906,298.1440124511719,30,46
ihawk2,2,1786447084.152602,31,84.0,-17.0,0.0,405.7647705078125,297.2492980957031,405.7647705078125,297.2492980957031,30,46
ihawk2,2,1786447084.152602,42,-41.0,-67.0,0.0,311.8102111816406,274.8075256347656,311.8102111816406,274.8075256347656,30,46
ihawk2,2,1786447084.152602,45,34.0,-67.0,0.0,363.5395202636719,274.7144470214844,363.5395202636719,274.7144470214844,30,46
ihawk2,2,1786447084.152602,47,84.0,-67.0,0.0,398.0511474609375,274.1837463378906,398.0511474609375,274.1837463378906,30,46
ihawk1,2,1786447084.25745,0,-91.0,58.0,0.0,254.360107421875,247.85496520996094,254.360107421875,247.85496520996094,29,42
ihawk1,2,1786447084.25745,2,-41.0,58.0,0.0,271.9636535644531,263.4599304199219,271.9636535644531,263.4599304199219,29,42
ihawk1,2,1786447084.25745,5,34.0,58.0,0.0,301.5530090332031,293.2894592285156,301.5530090332031,293.2894592285156,29,42
ihawk1,2,1786447084.25745,7,84.0,58.0,0.0,324.8081970214844,315.8044738769531,324.8081970214844,315.8044738769531,29,42
ihawk1,2,1786447084.25745,29,34.0,-17.0,0.0,345.0860290527344,271.3578796386719,345.0860290527344,271.3578796386719,29,42
ihawk1,2,1786447084.25745,31,84.0,-17.0,0.0,369.6722717285156,290.8924255371094,369.6722717285156,290.8924255371094,29,42
ihawk1,2,1786447084.25745,40,-91.0,-67.0,0.0,320.00469970703125,222.475830078125,320.00469970703125,222.475830078125,29,42
ihawk1,2,1786447084.25745,42,-41.0,-67.0,0.0,338.6310729980469,235.54261779785156,338.6310729980469,235.54261779785156,29,42
ihawk1,2,1786447084.25745,45,34.0,-67.0,0.0,371.0340881347656,258.0540466308594,371.0340881347656,258.0540466308594,29,42
ihawk1,2,1786447084.25745,47,84.0,-67.0,0.0,395.9718933105469,275.3360595703125,395.9718933105469,275.3360595703125,29,42
ihawk2,3,1786447084.411084,0,-91.0,58.0,0.0,270.0481872558594,343.6771545410156,270.0481872558594,343.6771545410156,30,46
ihawk2,3,1786447084.411084,2,-41.0,58.0,0.0,313.5299377441406,342.8759765625,313.5299377441406,342.8759765625,30,46
ihawk2,3,1786447084.411084,5,34.0,58.0,0.0,377.9852600097656,341.0503845214844,377.9852600097656,341.0503845214844,30,46
ihawk2,3,1786447084.411084,7,84.0,58.0,0.0,420.5323791503906,339.8999938964844,420.5323791503906,339.8999938964844,30,46
ihawk2,3,1786447084.411084,24,-91.0,-17.0,0.0,274.257080078125,299.4222106933594,274.257080078125,299.4222106933594,30,46
ihawk2,3,1786447084.411084,26,-41.0,-17.0,0.0,311.9184875488281,299.0185546875,311.9184875488281,299.0185546875,30,46
ihawk2,3,1786447084.411084,29,34.0,-17.0,0.0,368.599365234375,298.1363220214844,368.599365234375,298.1363220214844,30,46
ihawk2,3,1786447084.411084,31,84.0,-17.0,0.0,405.8181457519531,297.1832580566406,405.8181457519531,297.1832580566406,30,46
ihawk2,3,1786447084.411084,42,-41.0,-67.0,0.0,311.8169250488281,274.8007507324219,311.8169250488281,274.8007507324219,30,46
ihawk2,3,1786447084.411084,45,34.0,-67.0,0.0,363.5474853515625,274.7077941894531,363.5474853515625,274.7077941894531,30,46
ihawk2,3,1786447084.411084,47,84.0,-67.0,0.0,397.8287048339844,274.0604248046875,397.8287048339844,274.0604248046875,30,46
ihawk1,3,1786447084.49574,0,-91.0,58.0,0.0,254.3321075439453,247.7696990966797,254.3321075439453,247.7696990966797,29,44
ihawk1,3,1786447084.49574,2,-41.0,58.0,0.0,271.93408203125,263.4273986816406,271.93408203125,263.4273986816406,29,44
ihawk1,3,1786447084.49574,5,34.0,58.0,0.0,301.5526428222656,293.28875732421875,301.5526428222656,293.28875732421875,29,44
ihawk1,3,1786447084.49574,7,84.0,58.0,0.0,324.8080749511719,315.80517578125,324.8080749511719,315.80517578125,29,44
ihawk1,3,1786447084.49574,26,-41.0,-17.0,0.0,313.4782409667969,246.60621643066406,313.4782409667969,246.60621643066406,29,44
ihawk1,3,1786447084.49574,29,34.0,-17.0,0.0,345.1369323730469,271.4106750488281,345.1369323730469,271.4106750488281,29,44
ihawk1,3,1786447084.49574,31,84.0,-17.0,0.0,369.5816345214844,289.8047180175781,369.5816345214844,289.8047180175781,29,44
ihawk1,3,1786447084.49574,42,-41.0,-67.0,0.0,338.6346130371094,235.34938049316406,338.6346130371094,235.34938049316406,29,44
ihawk1,3,1786447084.49574,45,34.0,-67.0,0.0,371.1197509765625,258.0224304199219,371.1197509765625,258.0224304199219,29,44
ihawk1,3,1786447084.49574,47,84.0,-67.0,0.0,396.0464172363281,275.32928466796875,396.0464172363281,275.32928466796875,29,44
ihawk2,4,1786447084.576144,0,-91.0,58.0,0.0,270.0134582519531,343.6349182128906,270.0134582519531,343.6349182128906,30,46
ihawk2,4,1786447084.576144,2,-41.0,58.0,0.0,313.54559326171875,342.8649597167969,313.54559326171875,342.8649597167969,30,46
ihawk2,4,1786447084.576144,5,34.0,58.0,0.0,377.982666015625,341.0528259277344,377.982666015625,341.0528259277344,30,46
ihawk2,4,1786447084.576144,7,84.0,58.0,0.0,420.5394592285156,339.8911437988281,420.5394592285156,339.8911437988281,30,46
ihawk2,4,1786447084.576144,24,-91.0,-17.0,0.0,274.3138122558594,299.4391784667969,274.3138122558594,299.4391784667969,30,46
ihawk2,4,1786447084.576144,26,-41.0,-17.0,0.0,311.9224548339844,299.0357971191406,311.9224548339844,299.0357971191406,30,46
ihawk2,4,1786447084.576144,29,34.0,-17.0,0.0,368.5533142089844,298.1794738769531,368.5533142089844,298.1794738769531,30,46
ihawk2,4,1786447084.576144,31,84.0,-17.0,0.0,405.7479553222656,297.2538757324219,405.7479553222656,297.2538757324219,30,46
ihawk2,4,1786447084.576144,42,-41.0,-67.0,0.0,311.79620361328125,274.8104248046875,311.79620361328125,274.8104248046875,30,46
ihawk2,4,1786447084.576144,45,34.0,-67.0,0.0,363.5395202636719,274.7144775390625,363.5395202636719,274.7144775390625,30,46
ihawk2,4,1786447084.576144,47,84.0,-67.0,0.0,397.8421630859375,274.0551452636719,397.8421630859375,274.0551452636719,30,46
ihawk1,4,1786447084.625719,2,-41.0,58.0,0.0,272.02752685546875,263.5039367675781,272.02752685546875,263.5039367675781,29,44
ihawk1,4,1786447084.625719,5,34.0,58.0,0.0,301.5582580566406,293.2822265625,301.5582580566406,293.2822265625,29,44
ihawk1,4,1786447084.625719,7,84.0,58.0,0.0,324.8088684082031,315.8050231933594,324.8088684082031,315.8050231933594,29,44
ihawk1,4,1786447084.625719,26,-41.0,-17.0,0.0,313.4701843261719,246.5806884765625,313.4701843261719,246.5806884765625,29,44
ihawk1,4,1786447084.625719,29,34.0,-17.0,0.0,344.7852478027344,273.0523986816406,344.7852478027344,273.0523986816406,29,44
ihawk1,4,1786447084.625719,31,84.0,-17.0,0.0,369.5849609375,289.7333679199219,369.5849609375,289.7333679199219,29,44
ihawk1,4,1786447084.625719,40,-91.0,-67.0,0.0,319.9095153808594,222.46214294433594,319.9095153808594,222.46214294433594,29,44
ihawk1,4,1786447084.625719,42,-41.0,-67.0,0.0,338.6556396484375,235.5008544921875,338.6556396484375,235.5008544921875,29,44
ihawk1,4,1786447084.625719,45,34.0,-67.0,0.0,371.07568359375,258.0801086425781,371.07568359375,258.0801086425781,29,44
ihawk1,4,1786447084.625719,47,84.0,-67.0,0.0,396.0461730957031,275.3652648925781,396.0461730957031,275.3652648925781,29,44
ihawk2,5,1786447084.682652,0,-91.0,58.0,0.0,270.0174865722656,343.6615295410156,270.0174865722656,343.6615295410156,30,46
ihawk2,5,1786447084.682652,2,-41.0,58.0,0.0,313.5466003417969,342.841064453125,313.5466003417969,342.841064453125,30,46
ihawk2,5,1786447084.682652,5,34.0,58.0,0.0,377.9894714355469,341.06951904296875,377.9894714355469,341.06951904296875,30,46
ihawk2,5,1786447084.682652,7,84.0,58.0,0.0,420.5312805175781,339.9010314941406,420.5312805175781,339.9010314941406,30,46
ihawk2,5,1786447084.682652,24,-91.0,-17.0,0.0,274.3248596191406,299.31561279296875,274.3248596191406,299.31561279296875,30,46
ihawk2,5,1786447084.682652,26,-41.0,-17.0,0.0,311.9109802246094,299.0409240722656,311.9109802246094,299.0409240722656,30,46
ihawk2,5,1786447084.682652,29,34.0,-17.0,0.0,368.536376953125,298.1579895019531,368.536376953125,298.1579895019531,30,46
ihawk2,5,1786447084.682652,31,84.0,-17.0,0.0,405.7423095703125,297.2626037597656,405.7423095703125,297.2626037597656,30,46
ihawk2,5,1786447084.682652,42,-41.0,-67.0,0.0,311.7949523925781,274.7773742675781,311.7949523925781,274.7773742675781,30,46
ihawk2,5,1786447084.682652,45,34.0,-67.0,0.0,363.5481872558594,274.7084655761719,363.5481872558594,274.7084655761719,30,46
ihawk2,5,1786447084.682652,47,84.0,-67.0,0.0,397.854248046875,274.0600891113281,397.854248046875,274.0600891113281,30,46
ihawk1,5,1786447084.785655,0,-91.0,58.0,0.0,254.332763671875,247.6913299560547,254.332763671875,247.6913299560547,29,44
ihawk1,5,1786447084.785655,2,-41.0,58.0,0.0,271.973876953125,263.4418640136719,271.973876953125,263.4418640136719,29,44
ihawk1,5,1786447084.785655,5,34.0,58.0,0.0,301.5823669433594,293.2544860839844,301.5823669433594,293.2544860839844,29,44
ihawk1,5,1786447084.785655,7,84.0,58.0,0.0,324.8087158203125,315.8047180175781,324.8087158203125,315.8047180175781,29,44
ihawk1,5,1786447084.785655,26,-41.0,-17.0,0.0,313.47076416015625,246.57508850097656,313.47076416015625,246.57508850097656,29,44
ihawk1,5,1786447084.785655,29,34.0,-17.0,0.0,344.6242980957031,273.1418762207031,344.6242980957031,273.1418762207031,29,44
ihawk1,5,1786447084.785655,31,84.0,-17.0,0.0,369.6192321777344,290.9624328613281,369.6192321777344,290.9624328613281,29,44
ihawk1,5,1786447084.785655,42,-41.0,-67.0,0.0,338.6260681152344,235.5458984375,338.6260681152344,235.5458984375,29,44
ihawk1,5,1786447084.785655,45,34.0,-67.0,0.0,371.05419921875,258.0209045410156,371.05419921875,258.0209045410156,29,44
ihawk1,5,1786447084.785655,47,84.0,-67.0,0.0,395.9461364746094,275.3257141113281,395.9461364746094,275.3257141113281,29,44
ihawk2,6,1786447084.807117,0,-91.0,58.0,0.0,270.0018005371094,343.6589660644531,270.0018005371094,343.6589660644531,30,46
ihawk2,6,1786447084.807117,2,-41.0,58.0,0.0,313.5430908203125,342.8905334472656,313.5430908203125,342.8905334472656,30,46
ihawk2,6,1786447084.807117,5,34.0,58.0,0.0,377.9895324707031,341.06866455078125,377.9895324707031,341.06866455078125,30,46
ihawk2,6,1786447084.807117,7,84.0,58.0,0.0,420.5384826660156,339.8902587890625,420.5384826660156,339.8902587890625,30,46
ihawk2,6,1786447084.807117,24,-91.0,-17.0,0.0,274.25860595703125,299.4068908691406,274.25860595703125,299.4068908691406,30,46
ihawk2,6,1786447084.807117,26,-41.0,-17.0,0.0,311.9039611816406,299.0292663574219,311.9039611816406,299.0292663574219,30,46
ihawk2,6,1786447084.807117,29,34.0,-17.0,0.0,368.5364074707031,298.1479187011719,368.5364074707031,298.1479187011719,30,46
ihawk2,6,1786447084.807117,31,84.0,-17.0,0.0,405.7587890625,297.25128173828125,405.7587890625,297.25128173828125,30,46
ihawk2,6,1786447084.807117,42,-41.0,-67.0,0.0,311.8297119140625,274.7825927734375,311.8297119140625,274.7825927734375,30,46
ihawk2,6,1786447084.807117,45,34.0,-67.0,0.0,363.5323181152344,274.7140808105469,363.5323181152344,274.7140808105469,30,46
ihawk2,6,1786447084.807117,47,84.0,-67.0,0.0,397.8349914550781,274.0744323730469,397.8349914550781,274.0744323730469,30,46
ihawk1,6,1786447084.885656,2,-41.0,58.0,0.0,272.06903076171875,263.4820251464844,272.06903076171875,263.4820251464844,30,46
ihawk1,6,1786447084.885656,5,34.0,58.0,0.0,301.5460510253906,293.28472900390625,301.5460510253906,293.28472900390625,30,46
ihawk1,6,1786447084.885656,7,84.0,58.0,0.0,324.8088684082031,315.8050231933594,324.8088684082031,315.8050231933594,30,46
ihawk1,6,1786447084.885656,24,-91.0,-17.0,0.0,295.2859802246094,232.20008850097656,295.2859802246094,232.20008850097656,30,46
ihawk1,6,1786447084.885656,26,-41.0,-17.0,0.0,313.6105651855469,246.52825927734375,313.6105651855469,246.52825927734375,30,46
ihawk1,6,1786447084.885656,29,34.0,-17.0,0.0,345.1361389160156,271.4763488769531,345.1361389160156,271.4763488769531,30,46
ihawk1,6,1786447084.885656,31,84.0,-17.0,0.0,369.6710510253906,290.88055419921875,369.6710510253906,290.88055419921875,30,46
ihawk1,6,1786447084.885656,40,-91.0,-67.0,0.0,319.89556884765625,222.4561004638672,319.89556884765625,222.4561004638672,30,46
ihawk1,6,1786447084.885656,42,-41.0,-67.0,0.0,338.6311340332031,235.54248046875,338.6311340332031,235.54248046875,30,46
ihawk1,6,1786447084.885656,45,34.0,-67.0,0.0,371.1382751464844,258.0446472167969,371.1382751464844,258.0446472167969,30,46
ihawk1,6,1786447084.885656,47,84.0,-67.0,0.0,395.9664001464844,275.3332824707031,395.9664001464844,275.3332824707031,30,46
ihawk2,7,1786447085.072855,0,-91.0,58.0,0.0,270.0124206542969,343.6638488769531,270.0124206542969,343.6638488769531,30,46
ihawk2,7,1786447085.072855,2,-41.0,58.0,0.0,313.5525817871094,342.8938903808594,313.5525817871094,342.8938903808594,30,46
ihawk2,7,1786447085.072855,5,34.0,58.0,0.0,377.982177734375,341.0612487792969,377.982177734375,341.0612487792969,30,46
ihawk2,7,1786447085.072855,7,84.0,58.0,0.0,420.5387268066406,339.89208984375,420.5387268066406,339.89208984375,30,46
ihawk2,7,1786447085.072855,24,-91.0,-17.0,0.0,274.2532043457031,299.4071960449219,274.2532043457031,299.4071960449219,30,46
ihawk2,7,1786447085.072855,26,-41.0,-17.0,0.0,311.9139709472656,299.0434875488281,311.9139709472656,299.0434875488281,30,46
ihawk2,7,1786447085.072855,29,34.0,-17.0,0.0,368.5315856933594,298.1822204589844,368.5315856933594,298.1822204589844,30,46
ihawk2,7,1786447085.072855,31,84.0,-17.0,0.0,405.7411804199219,297.2486877441406,405.7411804199219,297.2486877441406,30,46
ihawk2,7,1786447085.072855,42,-41.0,-67.0,0.0,311.7950134277344,274.8092956542969,311.7950134277344,274.8092956542969,30,46
ihawk2,7,1786447085.072855,45,34.0,-67.0,0.0,363.5637512207031,274.71343994140625,363.5637512207031,274.71343994140625,30,46
ihawk2,7,1786447085.072855,47,84.0,-67.0,0.0,397.8952331542969,274.1164245605469,397.8952331542969,274.1164245605469,30,46
ihawk1,7,1786447085.115996,0,-91.0,58.0,0.0,254.31150817871094,247.7945098876953,254.31150817871094,247.7945098876953,29,44
ihawk1,7,1786447085.115996,2,-41.0,58.0,0.0,271.8969421386719,263.5473937988281,271.8969421386719,263.5473937988281,29,44
ihawk1,7,1786447085.115996,5,34.0,58.0,0.0,301.55645751953125,293.2786560058594,301.55645751953125,293.2786560058594,29,44
ihawk1,7,1786447085.115996,7,84.0,58.0,0.0,324.8081970214844,315.8054504394531,324.8081970214844,315.8054504394531,29,44
ihawk1,7,1786447085.115996,26,-41.0,-17.0,0.0,313.5437316894531,246.59886169433594,313.5437316894531,246.59886169433594,29,44
ihawk1,7,1786447085.115996,29,34.0,-17.0,0.0,344.6409912109375,273.1434631347656,344.6409912109375,273.1434631347656,29,44
ihawk1,7,1786447085.115996,31,84.0,-17.0,0.0,369.7054748535156,290.94317626953125,369.7054748535156,290.94317626953125,29,44
ihawk1,7,1786447085.115996,42,-41.0,-67.0,0.0,338.6090087890625,235.52276611328125,338.6090087890625,235.52276611328125,29,44
ihawk1,7,1786447085.115996,45,34.0,-67.0,0.0,371.1481018066406,257.9521789550781,371.1481018066406,257.9521789550781,29,44
ihawk1,7,1786447085.115996,47,84.0,-67.0,0.0,395.9493408203125,275.3965148925781,395.9493408203125,275.3965148925781,29,44
ihawk2,8,1786447085.214225,0,-91.0,58.0,0.0,270.0041198730469,343.7132263183594,270.0041198730469,343.7132263183594,30,46
ihawk2,8,1786447085.214225,2,-41.0,58.0,0.0,313.542724609375,342.8695373535156,313.542724609375,342.8695373535156,30,46
ihawk2,8,1786447085.214225,5,34.0,58.0,0.0,377.9356689453125,341.0976257324219,377.9356689453125,341.0976257324219,30,46
ihawk2,8,1786447085.214225,7,84.0,58.0,0.0,420.5303039550781,339.9411315917969,420.5303039550781,339.9411315917969,30,46
ihawk2,8,1786447085.214225,24,-91.0,-17.0,0.0,274.2005615234375,299.51904296875,274.2005615234375,299.51904296875,30,46
ihawk2,8,1786447085.214225,26,-41.0,-17.0,0.0,311.9067687988281,299.0190734863281,311.9067687988281,299.0190734863281,30,46
ihawk2,8,1786447085.214225,29,34.0,-17.0,0.0,368.5518798828125,298.1820983886719,368.5518798828125,298.1820983886719,30,46
ihawk2,8,1786447085.214225,31,84.0,-17.0,0.0,405.7543029785156,297.2499694824219,405.7543029785156,297.2499694824219,30,46
ihawk2,8,1786447085.214225,42,-41.0,-67.0,0.0,311.8033142089844,274.7733154296875,311.8033142089844,274.7733154296875,30,46
ihawk2,8,1786447085.214225,45,34.0,-67.0,0.0,363.5539855957031,274.7173156738281,363.5539855957031,274.7173156738281,30,46
ihawk2,8,1786447085.214225,47,84.0,-67.0,0.0,397.7330627441406,274.0359191894531,397.7330627441406,274.0359191894531,30,46
ihawk1,8,1786447085.285658,0,-91.0,58.0,0.0,254.41424560546875,247.8502655029297,254.41424560546875,247.8502655029297,28,43
ihawk1,8,1786447085.285658,2,-41.0,58.0,0.0,272.06939697265625,263.528076171875,272.06939697265625,263.528076171875,28,43
ihawk1,8,1786447085.285658,5,34.0,58.0,0.0,301.5194091796875,293.27618408203125,301.5194091796875,293.27618408203125,28,43
ihawk1,8,1786447085.285658,7,84.0,58.0,0.0,324.8086242675781,315.80517578125,324.8086242675781,315.80517578125,28,43
ihawk1,8,1786447085.285658,26,-41.0,-17.0,0.0,313.5724182128906,246.63482666015625,313.5724182128906,246.63482666015625,28,43
ihawk1,8,1786447085.285658,29,34.0,-17.0,0.0,344.77001953125,273.12713623046875,344.77001953125,273.12713623046875,28,43
ihawk1,8,1786447085.285658,31,84.0,-17.0,0.0,369.6806945800781,290.78228759765625,369.6806945800781,290.78228759765625,28,43
ihawk1,8,1786447085.285658,42,-41.0,-67.0,0.0,338.6086120605469,235.5232391357422,338.6086120605469,235.5232391357422,28,43
ihawk1,8,1786447085.285658,45,34.0,-67.0,0.0,371.072998046875,257.9911193847656,371.072998046875,257.9911193847656,28,43
ihawk1,8,1786447085.285658,47,84.0,-67.0,0.0,396.0389099121094,275.3096618652344,396.0389099121094,275.3096618652344,28,43
ihawk2,9,1786447085.342559,0,-91.0,58.0,0.0,270.0104675292969,343.7134704589844,270.0104675292969,343.7134704589844,30,46
ihawk2,9,1786447085.342559,2,-41.0,58.0,0.0,313.5519714355469,342.871826171875,313.5519714355469,342.871826171875,30,46
ihawk2,9,1786447085.342559,5,34.0,58.0,0.0,377.9827575683594,341.0528259277344,377.9827575683594,341.0528259277344,30,46
ihawk2,9,1786447085.342559,7,84.0,58.0,0.0,420.4837341308594,339.9658508300781,420.4837341308594,339.9658508300781,30,46
ihawk2,9,1786447085.342559,24,-91.0,-17.0,0.0,274.201171875,299.514892578125,274.201171875,299.514892578125,30,46
ihawk2,9,1786447085.342559,26,-41.0,-17.0,0.0,311.9266052246094,299.0333557128906,311.9266052246094,299.0333557128906,30,46
ihawk2,9,1786447085.342559,29,34.0,-17.0,0.0,368.5733947753906,298.1471252441406,368.5733947753906,298.1471252441406,30,46
ihawk2,9,1786447085.342559,31,84.0,-17.0,0.0,405.7652587890625,297.2503356933594,405.7652587890625,297.2503356933594,30,46
ihawk2,9,1786447085.342559,42,-41.0,-67.0,0.0,311.8054504394531,274.8066101074219,311.8054504394531,274.8066101074219,30,46
ihawk2,9,1786447085.342559,45,34.0,-67.0,0.0,363.5395812988281,274.7150573730469,363.5395812988281,274.7150573730469,30,46
ihawk2,9,1786447085.342559,47,84.0,-67.0,0.0,397.8363952636719,274.0504150390625,397.8363952636719,274.0504150390625,30,46
ihawk1,9,1786447085.385659,0,-91.0,58.0,0.0,254.4441680908203,247.8707275390625,254.4441680908203,247.8707275390625,29,44
ihawk1,9,1786447085.385659,2,-41.0,58.0,0.0,271.9750671386719,263.4789733886719,271.9750671386719,263.4789733886719,29,44
ihawk1,9,1786447085.385659,5,34.0,58.0,0.0,301.5138854980469,293.2879333496094,301.5138854980469,293.2879333496094,29,44
ihawk1,9,1786447085.385659,7,84.0,58.0,0.0,324.8085632324219,315.80487060546875,324.8085632324219,315.80487060546875,29,44
ihawk1,9,1786447085.385659,24,-91.0,-17.0,0.0,295.2643737792969,232.13294982910156,295.2643737792969,232.13294982910156,29,44
ihawk1,9,1786447085.385659,26,-41.0,-17.0,0.0,313.5512390136719,246.53857421875,313.5512390136719,246.53857421875,29,44
ihawk1,9,1786447085.385659,29,34.0,-17.0,0.0,345.1504211425781,271.4647521972656,345.1504211425781,271.4647521972656,29,44
ihawk1,9,1786447085.385659,31,84.0,-17.0,0.0,369.6732177734375,290.836181640625,369.6732177734375,290.836181640625,29,44
ihawk1,9,1786447085.385659,45,34.0,-67.0,0.0,371.0599365234375,258.0008239746094,371.0599365234375,258.0008239746094,29,44
ihawk1,9,1786447085.385659,47,84.0,-67.0,0.0,396.0450744628906,275.3242492675781,396.0450744628906,275.3242492675781,29,44
ihawk2,10,1786447085.442556,0,-91.0,58.0,0.0,270.0050048828125,343.7160949707031,270.0050048828125,343.7160949707031,30,46
ihawk2,10,1786447085.442556,2,-41.0,58.0,0.0,313.5562744140625,342.8682556152344,313.5562744140625,342.8682556152344,30,46
ihawk2,10,1786447085.442556,5,34.0,58.0,0.0,377.980712890625,341.0613098144531,377.980712890625,341.0613098144531,30,46
ihawk2,10,1786447085.442556,7,84.0,58.0,0.0,420.5303955078125,339.9410095214844,420.5303955078125,339.9410095214844,30,46
ihawk2,10,1786447085.442556,24,-91.0,-17.0,0.0,274.3731689453125,299.3587341308594,274.3731689453125,299.3587341308594,30,46
ihawk2,10,1786447085.442556,26,-41.0,-17.0,0.0,311.9234313964844,299.0260925292969,311.9234313964844,299.0260925292969,30,46
ihawk2,10,1786447085.442556,29,34.0,-17.0,0.0,368.4462585449219,298.1433410644531,368.4462585449219,298.1433410644531,30,46
ihawk2,10,1786447085.442556,31,84.0,-17.0,0.0,405.7635803222656,297.2539367675781,405.7635803222656,297.2539367675781,30,46
ihawk2,10,1786447085.442556,42,-41.0,-67.0,0.0,311.8471984863281,274.763671875,311.8471984863281,274.763671875,30,46
ihawk2,10,1786447085.442556,45,34.0,-67.0,0.0,363.5396728515625,274.7145690917969,363.5396728515625,274.7145690917969,30,46
ihawk2,10,1786447085.442556,47,84.0,-67.0,0.0,397.8450622558594,274.06744384765625,397.8450622558594,274.06744384765625,30,46
ihawk1,10,1786447085.485687,0,-91.0,58.0,0.0,254.34864807128906,247.7556610107422,254.34864807128906,247.7556610107422,30,46
ihawk1,10,1786447085.485687,2,-41.0,58.0,0.0,272.0467529296875,263.4599304199219,272.0467529296875,263.4599304199219,30,46
ihawk1,10,1786447085.485687,5,34.0,58.0,0.0,301.5152893066406,293.28692626953125,301.5152893066406,293.28692626953125,30,46
ihawk1,10,1786447085.485687,7,84.0,58.0,0.0,324.8085632324219,315.80487060546875,324.8085632324219,315.80487060546875,30,46
ihawk1,10,1786447085.485687,24,-91.0,-17.0,0.0,295.28814697265625,232.18104553222656,295.28814697265625,232.18104553222656,30,46
ihawk1,10,1786447085.485687,26,-41.0,-17.0,0.0,313.55267333984375,246.52764892578125,313.55267333984375,246.52764892578125,30,46
ihawk1,10,1786447085.485687,29,34.0,-17.0,0.0,345.208984375,271.5166931152344,345.208984375,271.5166931152344,30,46
ihawk1,10,1786447085.485687,31,84.0,-17.0,0.0,369.6808166503906,290.9662780761719,369.6808166503906,290.9662780761719,30,46
ihawk1,10,1786447085.485687,42,-41.0,-67.0,0.0,338.5440979003906,235.5062255859375,338.5440979003906,235.5062255859375,30,46
ihawk1,10,1786447085.485687,45,34.0,-67.0,0.0,371.1552734375,257.95294189453125,371.1552734375,257.95294189453125,30,46
ihawk1,10,1786447085.485687,47,84.0,-67.0,0.0,395.9521484375,275.33489990234375,395.9521484375,275.33489990234375,30,46
ihawk2,11,1786447085.542571,0,-91.0,58.0,0.0,270.01129150390625,343.6739196777344,270.01129150390625,343.6739196777344,30,46
ihawk2,11,1786447085.542571,2,-41.0,58.0,0.0,313.5475158691406,342.8898620605469,313.5475158691406,342.8898620605469,30,46
ihawk2,11,1786447085.542571,5,34.0,58.0,0.0,377.9838562011719,341.0505676269531,377.9838562011719,341.0505676269531,30,46
ihawk2,11,1786447085.542571,7,84.0,58.0,0.0,420.5365295410156,339.89361572265625,420.5365295410156,339.89361572265625,30,46
ihawk2,11,1786447085.542571,24,-91.0,-17.0,0.0,274.2881774902344,299.4544372558594,274.2881774902344,299.4544372558594,30,46
ihawk2,11,1786447085.542571,26,-41.0,-17.0,0.0,311.9074401855469,299.0432434082031,311.9074401855469,299.0432434082031,30,46
ihawk2,11,1786447085.542571,29,34.0,-17.0,0.0,368.539306640625,298.15594482421875,368.539306640625,298.15594482421875,30,46
ihawk2,11,1786447085.542571,31,84.0,-17.0,0.0,405.7503662109375,297.2520751953125,405.7503662109375,297.2520751953125,30,46
ihawk2,11,1786447085.542571,42,-41.0,-67.0,0.0,311.8072509765625,274.77630615234375,311.8072509765625,274.77630615234375,30,46
ihawk2,11,1786447085.542571,45,34.0,-67.0,0.0,363.5399475097656,274.7146301269531,363.5399475097656,274.7146301269531,30,46
ihawk2,11,1786447085.542571,47,84.0,-67.0,0.0,397.8670349121094,274.0738220214844,397.8670349121094,274.0738220214844,30,46
ihawk1,11,1786447085.615866,0,-91.0,58.0,0.0,254.3526611328125,247.89210510253906,254.3526611328125,247.89210510253906,31,48
ihawk1,11,1786447085.615866,2,-41.0,58.0,0.0,271.99017333984375,263.4808349609375,271.99017333984375,263.4808349609375,31,48
ihawk1,11,1786447085.615866,5,34.0,58.0,0.0,301.5451354980469,293.28546142578125,301.5451354980469,293.28546142578125,31,48
ihawk1,11,1786447085.615866,7,84.0,58.0,0.0,324.78302001953125,315.8121032714844,324.78302001953125,315.8121032714844,31,48
ihawk1,11,1786447085.615866,24,-91.0,-17.0,0.0,295.3024597167969,232.19468688964844,295.3024597167969,232.19468688964844,31,48
ihawk1,11,1786447085.615866,26,-41.0,-17.0,0.0,313.5599060058594,246.5257568359375,313.5599060058594,246.5257568359375,31,48
ihawk1,11,1786447085.615866,29,34.0,-17.0,0.0,345.1344909667969,271.4012145996094,345.1344909667969,271.4012145996094,31,48
ihawk1,11,1786447085.615866,31,84.0,-17.0,0.0,369.6744384765625,290.8448181152344,369.6744384765625,290.8448181152344,31,48
ihawk1,11,1786447085.615866,40,-91.0,-67.0,0.0,319.9146423339844,222.46466064453125,319.9146423339844,222.46466064453125,31,48
ihawk1,11,1786447085.615866,42,-41.0,-67.0,0.0,338.6424865722656,235.33033752441406,338.6424865722656,235.33033752441406,31,48
ihawk1,11,1786447085.615866,45,34.0,-67.0,0.0,371.171630859375,257.9324645996094,371.171630859375,257.9324645996094,31,48
ihawk1,11,1786447085.615866,47,84.0,-67.0,0.0,396.0459899902344,275.3153991699219,396.0459899902344,275.3153991699219,31,48
ihawk2,12,1786447085.772742,0,-91.0,58.0,0.0,270.0667724609375,343.65478515625,270.0667724609375,343.65478515625,30,46
ihawk2,12,1786447085.772742,2,-41.0,58.0,0.0,313.5459289550781,342.8910217285156,313.5459289550781,342.8910217285156,30,46
ihawk2,12,1786447085.772742,5,34.0,58.0,0.0,377.9893493652344,341.0672302246094,377.9893493652344,341.0672302246094,30,46
ihawk2,12,1786447085.772742,7,84.0,58.0,0.0,420.5369567871094,339.8932800292969,420.5369567871094,339.8932800292969,30,46
ihawk2,12,1786447085.772742,24,-91.0,-17.0,0.0,274.2550964355469,299.4186096191406,274.2550964355469,299.4186096191406,30,46
ihawk2,12,1786447085.772742,26,-41.0,-17.0,0.0,311.9390869140625,299.0361328125,311.9390869140625,299.0361328125,30,46
ihawk2,12,1786447085.772742,29,34.0,-17.0,0.0,368.5685119628906,298.1566467285156,368.5685119628906,298.1566467285156,30,46
ihawk2,12,1786447085.772742,31,84.0,-17.0,0.0,405.7358703613281,297.2641906738281,405.7358703613281,297.2641906738281,30,46
ihawk2,12,1786447085.772742,42,-41.0,-67.0,0.0,311.8495788574219,274.7586669921875,311.8495788574219,274.7586669921875,30,46
ihawk2,12,1786447085.772742,45,34.0,-67.0,0.0,363.5395202636719,274.7144470214844,363.5395202636719,274.7144470214844,30,46
ihawk2,12,1786447085.772742,47,84.0,-67.0,0.0,397.84521484375,274.0674133300781,397.84521484375,274.0674133300781,30,46
ihawk1,12,1786447085.839971,0,-91.0,58.0,0.0,254.3678741455078,247.87062072753906,254.3678741455078,247.87062072753906,28,40
ihawk1,12,1786447085.839971,2,-41.0,58.0,0.0,272.1171875,263.3597106933594,272.1171875,263.3597106933594,28,40
ihawk1,12,1786447085.839971,5,34.0,58.0,0.0,301.5168151855469,293.2864074707031,301.5168151855469,293.2864074707031,28,40
ihawk1,12,1786447085.839971,7,84.0,58.0,0.0,324.80828857421875,315.8050842285156,324.80828857421875,315.8050842285156,28,40
ihawk1,12,1786447085.839971,29,34.0,-17.0,0.0,344.7939147949219,273.1352844238281,344.7939147949219,273.1352844238281,28,40
ihawk1,12,1786447085.839971,31,84.0,-17.0,0.0,369.670166015625,290.8548278808594,369.670166015625,290.8548278808594,28,40
ihawk1,12,1786447085.839971,42,-41.0,-67.0,0.0,338.6202392578125,235.52964782714844,338.6202392578125,235.52964782714844,28,40
ihawk1,12,1786447085.839971,45,34.0,-67.0,0.0,371.1866149902344,258.08709716796875,371.1866149902344,258.08709716796875,28,40
ihawk1,12,1786447085.839971,47,84.0,-67.0,0.0,395.9564208984375,275.36920166015625,395.9564208984375,275.36920166015625,28,40
ihawk2,13,1786447085.896273,0,-91.0,58.0,0.0,269.9985656738281,343.6719055175781,269.9985656738281,343.6719055175781,30,46
ihawk2,13,1786447085.896273,2,-41.0,58.0,0.0,313.5504455566406,342.8731994628906,313.5504455566406,342.8731994628906,30,46
ihawk2,13,1786447085.896273,5,34.0,58.0,0.0,377.9831848144531,341.0511474609375,377.9831848144531,341.0511474609375,30,46
ihawk2,13,1786447085.896273,7,84.0,58.0,0.0,420.5369567871094,339.89324951171875,420.5369567871094,339.89324951171875,30,46
ihawk2,13,1786447085.896273,24,-91.0,-17.0,0.0,274.2538757324219,299.4230651855469,274.2538757324219,299.4230651855469,30,46
ihawk2,13,1786447085.896273,26,-41.0,-17.0,0.0,311.9178771972656,299.0307312011719,311.9178771972656,299.0307312011719,30,46
ihawk2,13,1786447085.896273,29,34.0,-17.0,0.0,368.5506591796875,298.1127624511719,368.5506591796875,298.1127624511719,30,46
ihawk2,13,1786447085.896273,31,84.0,-17.0,0.0,405.7555847167969,297.2487487792969,405.7555847167969,297.2487487792969,30,46
ihawk2,13,1786447085.896273,42,-41.0,-67.0,0.0,311.7864074707031,274.8367004394531,311.7864074707031,274.8367004394531,30,46
ihawk2,13,1786447085.896273,45,34.0,-67.0,0.0,363.5328063964844,274.70977783203125,363.5328063964844,274.70977783203125,30,46
ihawk2,13,1786447085.896273,47,84.0,-67.0,0.0,397.8464660644531,274.0458679199219,397.8464660644531,274.0458679199219,30,46
ihawk1,13,1786447085.971961,0,-91.0,58.0,0.0,254.42327880859375,247.98277282714844,254.42327880859375,247.98277282714844,28,43
ihawk1,13,1786447085.971961,2,-41.0,58.0,0.0,271.9737854003906,263.5335388183594,271.9737854003906,263.5335388183594,28,43
ihawk1,13,1786447085.971961,5,34.0,58.0,0.0,301.5470886230469,293.2550354003906,301.5470886230469,293.2550354003906,28,43
ihawk1,13,1786447085.971961,7,84.0,58.0,0.0,324.8087158203125,315.8052062988281,324.8087158203125,315.8052062988281,28,43
ihawk1,13,1786447085.971961,26,-41.0,-17.0,0.0,313.5152282714844,246.50474548339844,313.5152282714844,246.50474548339844,28,43
ihawk1,13,1786447085.971961,29,34.0,-17.0,0.0,344.6434326171875,273.12548828125,344.6434326171875,273.12548828125,28,43
ihawk1,13,1786447085.971961,31,84.0,-17.0,0.0,369.662353515625,290.91253662109375,369.662353515625,290.91253662109375,28,43
ihawk1,13,1786447085.971961,42,-41.0,-67.0,0.0,338.63165283203125,235.53143310546875,338.63165283203125,235.53143310546875,28,43
ihawk1,13,1786447085.971961,45,34.0,-67.0,0.0,371.150634765625,258.0959777832031,371.150634765625,258.0959777832031,28,43
ihawk1,13,1786447085.971961,47,84.0,-67.0,0.0,396.0585632324219,275.3229064941406,396.0585632324219,275.3229064941406,28,43
ihawk2,14,1786447086.00256,0,-91.0,58.0,0.0,270.0024719238281,343.6607666015625,270.0024719238281,343.6607666015625,30,46
ihawk2,14,1786447086.00256,2,-41.0,58.0,0.0,313.5520935058594,342.8793029785156,313.5520935058594,342.8793029785156,30,46
ihawk2,14,1786447086.00256,5,34.0,58.0,0.0,377.9790954589844,341.04681396484375,377.9790954589844,341.04681396484375,30,46
ihawk2,14,1786447086.00256,7,84.0,58.0,0.0,420.5379638671875,339.8925476074219,420.5379638671875,339.8925476074219,30,46
ihawk2,14,1786447086.00256,24,-91.0,-17.0,0.0,274.2562255859375,299.4045715332031,274.2562255859375,299.4045715332031,30,46
ihawk2,14,1786447086.00256,26,-41.0,-17.0,0.0,311.92254638671875,299.0067443847656,311.92254638671875,299.0067443847656,30,46
ihawk2,14,1786447086.00256,29,34.0,-17.0,0.0,368.57861328125,298.1486511230469,368.57861328125,298.1486511230469,30,46
ihawk2,14,1786447086.00256,31,84.0,-17.0,0.0,405.7548522949219,297.256591796875,405.7548522949219,297.256591796875,30,46
ihawk2,14,1786447086.00256,42,-41.0,-67.0,0.0,311.78021240234375,274.8097839355469,311.78021240234375,274.8097839355469,30,46
ihawk2,14,1786447086.00256,45,34.0,-67.0,0.0,363.5536804199219,274.7167053222656,363.5536804199219,274.7167053222656,30,46
ihawk2,14,1786447086.00256,47,84.0,-67.0,0.0,397.9765319824219,274.1652526855469,397.9765319824219,274.1652526855469,30,46
ihawk1,14,1786447086.070947,0,-91.0,58.0,0.0,254.4240264892578,247.88050842285156,254.4240264892578,247.88050842285156,29,44
ihawk1,14,1786447086.070947,2,-41.0,58.0,0.0,271.86572265625,263.6324768066406,271.86572265625,263.6324768066406,29,44
ihawk1,14,1786447086.070947,5,34.0,58.0,0.0,301.5586242675781,293.25201416015625,301.5586242675781,293.25201416015625,29,44
ihawk1,14,1786447086.070947,7,84.0,58.0,0.0,324.8087463378906,315.8042907714844,324.8087463378906,315.8042907714844,29,44
ihawk1,14,1786447086.070947,26,-41.0,-17.0,0.0,313.5189514160156,246.49700927734375,313.5189514160156,246.49700927734375,29,44
ihawk1,14,1786447086.070947,29,34.0,-17.0,0.0,345.1075439453125,271.4068298339844,345.1075439453125,271.4068298339844,29,44
ihawk1,14,1786447086.070947,31,84.0,-17.0,0.0,369.6777648925781,290.8638916015625,369.6777648925781,290.8638916015625,29,44
ihawk1,14,1786447086.070947,42,-41.0,-67.0,0.0,338.63067626953125,235.54197692871094,338.63067626953125,235.54197692871094,29,44
ihawk1,14,1786447086.070947,45,34.0,-67.0,0.0,371.1399230957031,258.1194152832031,371.1399230957031,258.1194152832031,29,44
ihawk1,14,1786447086.070947,47,84.0,-67.0,0.0,395.95654296875,275.3463134765625,395.95654296875,275.3463134765625,29,44
ihawk2,15,1786447086.127222,0,-91.0,58.0,0.0,270.0130310058594,343.669921875,270.0130310058594,343.669921875,30,46
ihawk2,15,1786447086.127222,2,-41.0,58.0,0.0,313.5755920410156,342.8973083496094,313.5755920410156,342.8973083496094,30,46
ihawk2,15,1786447086.127222,5,34.0,58.0,0.0,377.9792785644531,341.0665283203125,377.9792785644531,341.0665283203125,30,46
ihawk2,15,1786447086.127222,7,84.0,58.0,0.0,420.5369873046875,339.89324951171875,420.5369873046875,339.89324951171875,30,46
ihawk2,15,1786447086.127222,24,-91.0,-17.0,0.0,274.2350158691406,299.55072021484375,274.2350158691406,299.55072021484375,30,46
ihawk2,15,1786447086.127222,26,-41.0,-17.0,0.0,311.916015625,299.0083312988281,311.916015625,299.0083312988281,30,46
ihawk2,15,1786447086.127222,29,34.0,-17.0,0.0,368.5653991699219,298.1804504394531,368.5653991699219,298.1804504394531,30,46
ihawk2,15,1786447086.127222,31,84.0,-17.0,0.0,405.7654724121094,297.2333984375,405.7654724121094,297.2333984375,30,46
ihawk2,15,1786447086.127222,42,-41.0,-67.0,0.0,311.82073974609375,274.81829833984375,311.82073974609375,274.81829833984375,30,46
ihawk2,15,1786447086.127222,45,34.0,-67.0,0.0,363.5408630371094,274.7148742675781,363.5408630371094,274.7148742675781,30,46
ihawk2,15,1786447086.127222,47,84.0,-67.0,0.0,397.8615417480469,274.03228759765625,397.8615417480469,274.03228759765625,30,46
ihawk1,15,1786447086.145662,0,-91.0,58.0,0.0,254.43284606933594,247.99237060546875,254.43284606933594,247.99237060546875,28,40
ihawk1,15,1786447086.145662,2,-41.0,58.0,0.0,271.8467102050781,263.6772155761719,271.8467102050781,263.6772155761719,28,40
ihawk1,15,1786447086.145662,5,34.0,58.0,0.0,301.5228271484375,293.2924499511719,301.5228271484375,293.2924499511719,28,40
ihawk1,15,1786447086.145662,7,84.0,58.0,0.0,324.7935791015625,315.8066711425781,324.7935791015625,315.8066711425781,28,40
ihawk1,15,1786447086.145662,29,34.0,-17.0,0.0,345.1130676269531,271.3645935058594,345.1130676269531,271.3645935058594,28,40
ihawk1,15,1786447086.145662,31,84.0,-17.0,0.0,369.7078857421875,290.94183349609375,369.7078857421875,290.94183349609375,28,40
ihawk1,15,1786447086.145662,42,-41.0,-67.0,0.0,338.5653381347656,235.52203369140625,338.5653381347656,235.52203369140625,28,40
ihawk1,15,1786447086.145662,45,34.0,-67.0,0.0,371.1153564453125,258.09039306640625,371.1153564453125,258.09039306640625,28,40
ihawk1,15,1786447086.145662,47,84.0,-67.0,0.0,395.9382629394531,275.3317565917969,395.9382629394531,275.3317565917969,28,40
ihawk2,16,1786447086.232687,0,-91.0,58.0,0.0,270.0347900390625,343.6843566894531,270.0347900390625,343.6843566894531,29,42
ihawk2,16,1786447086.232687,2,-41.0,58.0,0.0,313.5476989746094,342.8889465332031,313.5476989746094,342.8889465332031,29,42
ihawk2,16,1786447086.232687,5,34.0,58.0,0.0,377.9753112792969,341.06353759765625,377.9753112792969,341.06353759765625,29,42
ihawk2,16,1786447086.232687,7,84.0,58.0,0.0,420.5368347167969,339.8933410644531,420.5368347167969,339.8933410644531,29,42
ihawk2,16,1786447086.232687,24,-91.0,-17.0,0.0,274.2373352050781,299.5525817871094,274.2373352050781,299.5525817871094,29,42
ihawk2,16,1786447086.232687,26,-41.0,-17.0,0.0,311.9203796386719,299.0123596191406,311.9203796386719,299.0123596191406,29,42
ihawk2,16,1786447086.232687,29,34.0,-17.0,0.0,368.5580749511719,298.1318664550781,368.5580749511719,298.1318664550781,29,42
ihawk2,16,1786447086.232687,31,84.0,-17.0,0.0,405.7628173828125,297.256103515625,405.7628173828125,297.256103515625,29,42
ihawk2,16,1786447086.232687,42,-41.0,-67.0,0.0,311.8126220703125,274.81201171875,311.8126220703125,274.81201171875,29,42
ihawk2,16,1786447086.232687,45,34.0,-67.0,0.0,363.5395202636719,274.7151794433594,363.5395202636719,274.7151794433594,29,42
ihawk2,16,1786447086.232687,47,84.0,-67.0,0.0,397.8606262207031,274.0315246582031,397.8606262207031,274.0315246582031,29,42
ihawk1,16,1786447086.275763,0,-91.0,58.0,0.0,254.35398864746094,247.7451629638672,254.35398864746094,247.7451629638672,27,39
ihawk1,16,1786447086.275763,2,-41.0,58.0,0.0,271.9407043457031,263.54669189453125,271.9407043457031,263.54669189453125,27,39
ihawk1,16,1786447086.275763,5,34.0,58.0,0.0,301.5625305175781,293.2567443847656,301.5625305175781,293.2567443847656,27,39
ihawk1,16,1786447086.275763,7,84.0,58.0,0.0,324.8086853027344,315.8046569824219,324.8086853027344,315.8046569824219,27,39
ihawk1,16,1786447086.275763,26,-41.0,-17.0,0.0,313.550537109375,246.60484313964844,313.550537109375,246.60484313964844,27,39
ihawk1,16,1786447086.275763,31,84.0,-17.0,0.0,369.6785888671875,290.7877197265625,369.6785888671875,290.7877197265625,27,39
ihawk1,16,1786447086.275763,42,-41.0,-67.0,0.0,338.6307067871094,235.5415496826172,338.6307067871094,235.5415496826172,27,39
ihawk1,16,1786447086.275763,45,34.0,-67.0,0.0,371.1518859863281,258.1089782714844,371.1518859863281,258.1089782714844,27,39
ihawk1,16,1786447086.275763,47,84.0,-67.0,0.0,395.9471435546875,275.33624267578125,395.9471435546875,275.33624267578125,27,39
ihawk2,17,1786447086.358804,0,-91.0,58.0,0.0,269.9947814941406,343.6646728515625,269.9947814941406,343.6646728515625,30,46
ihawk2,17,1786447086.358804,2,-41.0,58.0,0.0,313.5431823730469,342.9024963378906,313.5431823730469,342.9024963378906,30,46
ihawk2,17,1786447086.358804,5,34.0,58.0,0.0,377.9546813964844,341.0635070800781,377.9546813964844,341.0635070800781,30,46
ihawk2,17,1786447086.358804,7,84.0,58.0,0.0,420.532470703125,339.9016418457031,420.532470703125,339.9016418457031,30,46
ihawk2,17,1786447086.358804,24,-91.0,-17.0,0.0,274.2644348144531,299.42291259765625,274.2644348144531,299.42291259765625,30,46
ihawk2,17,1786447086.358804,26,-41.0,-17.0,0.0,311.9721374511719,299.02691650390625,311.9721374511719,299.02691650390625,30,46
ihawk2,17,1786447086.358804,29,34.0,-17.0,0.0,368.541015625,298.1354675292969,368.541015625,298.1354675292969,30,46
ihawk2,17,1786447086.358804,31,84.0,-17.0,0.0,405.7652587890625,297.2462463378906,405.7652587890625,297.2462463378906,30,46
ihawk2,17,1786447086.358804,42,-41.0,-67.0,0.0,311.81201171875,274.8123779296875,311.81201171875,274.8123779296875,30,46
ihawk2,17,1786447086.358804,45,34.0,-67.0,0.0,363.5395202636719,274.7144775390625,363.5395202636719,274.7144775390625,30,46
ihawk2,17,1786447086.358804,47,84.0,-67.0,0.0,397.7709045410156,274.0807189941406,397.7709045410156,274.0807189941406,30,46
ihawk1,17,1786447086.375755,0,-91.0,58.0,0.0,254.35369873046875,247.7823486328125,254.35369873046875,247.7823486328125,29,42
ihawk1,17,1786447086.375755,2,-41.0,58.0,0.0,271.8594665527344,263.590087890625,271.8594665527344,263.590087890625,29,42
ihawk1,17,1786447086.375755,5,34.0,58.0,0.0,301.5580139160156,293.25628662109375,301.5580139160156,293.25628662109375,29,42
ihawk1,17,1786447086.375755,7,84.0,58.0,0.0,324.79351806640625,315.8070983886719,324.79351806640625,315.8070983886719,29,42
ihawk1,17,1786447086.375755,24,-91.0,-17.0,0.0,295.29315185546875,232.1891632080078,295.29315185546875,232.1891632080078,29,42
ihawk1,17,1786447086.375755,26,-41.0,-17.0,0.0,313.5392150878906,246.5033721923828,313.5392150878906,246.5033721923828,29,42
ihawk1,17,1786447086.375755,31,84.0,-17.0,0.0,369.6319274902344,291.001220703125,369.6319274902344,291.001220703125,29,42
ihawk1,17,1786447086.375755,42,-41.0,-67.0,0.0,338.6291198730469,235.53961181640625,338.6291198730469,235.53961181640625,29,42
ihawk1,17,1786447086.375755,45,34.0,-67.0,0.0,371.1087951660156,258.15869140625,371.1087951660156,258.15869140625,29,42
ihawk1,17,1786447086.375755,47,84.0,-67.0,0.0,395.9941711425781,275.33526611328125,395.9941711425781,275.33526611328125,29,42
ihawk2,18,1786447086.432714,0,-91.0,58.0,0.0,270.0109558105469,343.696044921875,270.0109558105469,343.696044921875,30,46
ihawk2,18,1786447086.432714,2,-41.0,58.0,0.0,313.5442810058594,342.8908386230469,313.5442810058594,342.8908386230469,30,46
ihawk2,18,1786447086.432714,5,34.0,58.0,0.0,377.984619140625,341.0570983886719,377.984619140625,341.0570983886719,30,46
ihawk2,18,1786447086.432714,7,84.0,58.0,0.0,420.5391540527344,339.8924255371094,420.5391540527344,339.8924255371094,30,46
ihawk2,18,1786447086.432714,24,-91.0,-17.0,0.0,274.3149108886719,299.3486633300781,274.3149108886719,299.3486633300781,30,46
ihawk2,18,1786447086.432714,26,-41.0,-17.0,0.0,311.9482116699219,299.0233459472656,311.9482116699219,299.0233459472656,30,46
ihawk2,18,1786447086.432714,29,34.0,-17.0,0.0,368.5381164550781,298.14031982421875,368.5381164550781,298.14031982421875,30,46
ihawk2,18,1786447086.432714,31,84.0,-17.0,0.0,405.755615234375,297.2522888183594,405.755615234375,297.2522888183594,30,46
ihawk2,18,1786447086.432714,42,-41.0,-67.0,0.0,311.8149108886719,274.81744384765625,311.8149108886719,274.81744384765625,30,46
ihawk2,18,1786447086.432714,45,34.0,-67.0,0.0,363.5392150878906,274.7145690917969,363.5392150878906,274.7145690917969,30,46
ihawk2,18,1786447086.432714,47,84.0,-67.0,0.0,397.6559753417969,274.0749206542969,397.6559753417969,274.0749206542969,30,46
ihawk1,18,1786447086.49989,0,-91.0,58.0,0.0,254.32215881347656,247.9315643310547,254.32215881347656,247.9315643310547,29,44
ihawk1,18,1786447086.49989,2,-41.0,58.0,0.0,271.9084167480469,263.4992980957031,271.9084167480469,263.4992980957031,29,44
ihawk1,18,1786447086.49989,7,84.0,58.0,0.0,324.7932434082031,315.8074645996094,324.7932434082031,315.8074645996094,29,44
ihawk1,18,1786447086.49989,26,-41.0,-17.0,0.0,313.47161865234375,246.5645294189453,313.47161865234375,246.5645294189453,29,44
ihawk1,18,1786447086.49989,29,34.0,-17.0,0.0,345.1826171875,271.4336853027344,345.1826171875,271.4336853027344,29,44
ihawk1,18,1786447086.49989,31,84.0,-17.0,0.0,369.656494140625,291.0831604003906,369.656494140625,291.0831604003906,29,44
ihawk1,18,1786447086.49989,40,-91.0,-67.0,0.0,319.9600524902344,222.47662353515625,319.9600524902344,222.47662353515625,29,44
ihawk1,18,1786447086.49989,42,-41.0,-67.0,0.0,338.5693054199219,235.5260009765625,338.5693054199219,235.5260009765625,29,44
ihawk1,18,1786447086.49989,45,34.0,-67.0,0.0,371.1315002441406,258.0412902832031,371.1315002441406,258.0412902832031,29,44
ihawk1,18,1786447086.49989,47,84.0,-67.0,0.0,395.9447326660156,275.3337707519531,395.9447326660156,275.3337707519531,29,44
ihawk2,19,1786447086.556162,0,-91.0,58.0,0.0,270.01556396484375,343.6841735839844,270.01556396484375,343.6841735839844,30,46
ihawk2,19,1786447086.556162,2,-41.0,58.0,0.0,313.525390625,342.8939514160156,313.525390625,342.8939514160156,30,46
ihawk2,19,1786447086.556162,5,34.0,58.0,0.0,377.9803466796875,341.06207275390625,377.9803466796875,341.06207275390625,30,46
ihawk2,19,1786447086.556162,7,84.0,58.0,0.0,420.5369567871094,339.892822265625,420.5369567871094,339.892822265625,30,46
ihawk2,19,1786447086.556162,24,-91.0,-17.0,0.0,274.2369079589844,299.5604553222656,274.2369079589844,299.5604553222656,30,46
ihawk2,19,1786447086.556162,26,-41.0,-17.0,0.0,311.9727783203125,299.0010681152344,311.9727783203125,299.0010681152344,30,46
ihawk2,19,1786447086.556162,29,34.0,-17.0,0.0,368.5602722167969,298.1507568359375,368.5602722167969,298.1507568359375,30,46
ihawk2,19,1786447086.556162,31,84.0,-17.0,0.0,405.77587890625,297.24468994140625,405.77587890625,297.24468994140625,30,46
ihawk2,19,1786447086.556162,42,-41.0,-67.0,0.0,311.808837890625,274.8152160644531,311.808837890625,274.8152160644531,30,46
ihawk2,19,1786447086.556162,45,34.0,-67.0,0.0,363.5396728515625,274.7145080566406,363.5396728515625,274.7145080566406,30,46
ihawk2,19,1786447086.556162,47,84.0,-67.0,0.0,397.8531494140625,274.0675964355469,397.8531494140625,274.0675964355469,30,46
ihawk1,19,1786447086.605808,0,-91.0,58.0,0.0,254.34031677246094,247.93360900878906,254.34031677246094,247.93360900878906,29,44
ihawk1,19,1786447086.605808,2,-41.0,58.0,0.0,271.88653564453125,263.46710205078125,271.88653564453125,263.46710205078125,29,44
ihawk1,19,1786447086.605808,5,34.0,58.0,0.0,301.5846252441406,293.2576904296875,301.5846252441406,293.2576904296875,29,44
ihawk1,19,1786447086.605808,7,84.0,58.0,0.0,324.7934265136719,315.8072509765625,324.7934265136719,315.8072509765625,29,44
ihawk1,19,1786447086.605808,26,-41.0,-17.0,0.0,313.4934387207031,246.4712677001953,313.4934387207031,246.4712677001953,29,44
ihawk1,19,1786447086.605808,29,34.0,-17.0,0.0,345.159912109375,271.431396484375,345.159912109375,271.431396484375,29,44
ihawk1,19,1786447086.605808,31,84.0,-17.0,0.0,369.620361328125,291.03924560546875,369.620361328125,291.03924560546875,29,44
ihawk1,19,1786447086.605808,42,-41.0,-67.0,0.0,338.6327209472656,235.5436248779297,338.6327209472656,235.5436248779297,29,44
ihawk1,19,1786447086.605808,45,34.0,-67.0,0.0,371.0363464355469,258.0443420410156,371.0363464355469,258.0443420410156,29,44
ihawk1,19,1786447086.605808,47,84.0,-67.0,0.0,395.94970703125,275.3235778808594,395.94970703125,275.3235778808594,29,44
ihawk2,20,1786447086.62214,0,-91.0,58.0,0.0,270.01605224609375,343.6689453125,270.01605224609375,343.6689453125,30,46
ihawk2,20,1786447086.62214,2,-41.0,58.0,0.0,313.5447082519531,342.8588562011719,313.5447082519531,342.8588562011719,30,46
ihawk2,20,1786447086.62214,5,34.0,58.0,0.0,377.9830322265625,341.0440979003906,377.9830322265625,341.0440979003906,30,46
ihawk2,20,1786447086.62214,7,84.0,58.0,0.0,420.5364990234375,339.8934631347656,420.5364990234375,339.8934631347656,30,46
ihawk2,20,1786447086.62214,24,-91.0,-17.0,0.0,274.2529296875,299.4560241699219,274.2529296875,299.4560241699219,30,46
ihawk2,20,1786447086.62214,26,-41.0,-17.0,0.0,311.958251953125,298.9947204589844,311.958251953125,298.9947204589844,30,46
ihawk2,20,1786447086.62214,29,34.0,-17.0,0.0,368.5528564453125,298.1314392089844,368.5528564453125,298.1314392089844,30,46
ihawk2,20,1786447086.62214,31,84.0,-17.0,0.0,405.7567138671875,297.2457275390625,405.7567138671875,297.2457275390625,30,46
ihawk2,20,1786447086.62214,42,-41.0,-67.0,0.0,311.8035888671875,274.811279296875,311.8035888671875,274.811279296875,30,46
ihawk2,20,1786447086.62214,45,34.0,-67.0,0.0,363.6326904296875,274.7331237792969,363.6326904296875,274.7331237792969,30,46
ihawk2,20,1786447086.62214,47,84.0,-67.0,0.0,397.8020324707031,274.0987854003906,397.8020324707031,274.0987854003906,30,46
ihawk1,20,1786447086.705744,2,-41.0,58.0,0.0,271.87542724609375,263.4861145019531,271.87542724609375,263.4861145019531,29,44
ihawk1,20,1786447086.705744,5,34.0,58.0,0.0,301.5460205078125,293.28533935546875,301.5460205078125,293.28533935546875,29,44
ihawk1,20,1786447086.705744,7,84.0,58.0,0.0,324.7934875488281,315.8068542480469,324.7934875488281,315.8068542480469,29,44
ihawk1,20,1786447086.705744,26,-41.0,-17.0,0.0,313.4606628417969,246.55322265625,313.4606628417969,246.55322265625,29,44
ihawk1,20,1786447086.705744,29,34.0,-17.0,0.0,345.1771240234375,271.4856262207031,345.1771240234375,271.4856262207031,29,44
ihawk1,20,1786447086.705744,31,84.0,-17.0,0.0,369.7462463378906,289.9543762207031,369.7462463378906,289.9543762207031,29,44
ihawk1,20,1786447086.705744,40,-91.0,-67.0,0.0,319.9686584472656,222.4801483154297,319.9686584472656,222.4801483154297,29,44
ihawk1,20,1786447086.705744,42,-41.0,-67.0,0.0,338.6331481933594,235.53173828125,338.6331481933594,235.53173828125,29,44
ihawk1,20,1786447086.705744,45,34.0,-67.0,0.0,371.1202697753906,258.0702819824219,371.1202697753906,258.0702819824219,29,44
ihawk1,20,1786447086.705744,47,84.0,-67.0,0.0,395.9457092285156,275.3357238769531,395.9457092285156,275.3357238769531,29,44
ihawk1,21,1786447086.829894,0,-91.0,58.0,0.0,254.36334228515625,247.86231994628906,254.36334228515625,247.86231994628906,28,43
ihawk1,21,1786447086.829894,5,34.0,58.0,0.0,301.5253601074219,293.2936706542969,301.5253601074219,293.2936706542969,28,43
ihawk1,21,1786447086.829894,26,-41.0,-17.0,0.0,313.4690246582031,246.59388732910156,313.4690246582031,246.59388732910156,28,43
ihawk1,21,1786447086.829894,29,34.0,-17.0,0.0,344.833740234375,273.0777282714844,344.833740234375,273.0777282714844,28,43
ihawk1,21,1786447086.829894,42,-41.0,-67.0,0.0,338.6323547363281,235.5305938720703,338.6323547363281,235.5305938720703,28,43
ihawk1,22,1786447086.935758,0,-91.0,58.0,0.0,254.3916473388672,247.9037322998047,254.3916473388672,247.9037322998047,30,46
ihawk1,22,1786447086.935758,26,-41.0,-17.0,0.0,313.4581298828125,246.5965118408203,313.4581298828125,246.5965118408203,30,46
ihawk1,22,1786447086.935758,29,34.0,-17.0,0.0,345.1892395019531,271.4318542480469,345.1892395019531,271.4318542480469,30,46
ihawk1,22,1786447086.935758,40,-91.0,-67.0,0.0,320.00146484375,222.4668426513672,320.00146484375,222.4668426513672,30,46
ihawk1,23,1786447086.995713,0,-91.0,58.0,0.0,254.3430633544922,247.86083984375,254.3430633544922,247.86083984375,28,42
ihawk1,23,1786447086.995713,26,-41.0,-17.0,0.0,313.4696960449219,246.5889892578125,313.4696960449219,246.5889892578125,28,42
ihawk1,23,1786447086.995713,29,34.0,-17.0,0.0,345.1823425292969,271.40972900390625,345.1823425292969,271.40972900390625,28,42
ihawk1,26,1786447087.291934,40,-91.0,-67.0,0.0,319.9675598144531,222.46775817871094,319.9675598144531,222.46775817871094,29,44
ihawk1,29,1786447087.595719,24,-91.0,-17.0,0.0,295.3067626953125,232.1751251220703,295.3067626953125,232.1751251220703,28,43
ihawk1,31,1786447087.819952,24,-91.0,-17.0,0.0,295.2435302734375,232.13804626464844,295.2435302734375,232.13804626464844,28,41
ihawk1,33,1786447088.050872,40,-91.0,-67.0,0.0,319.9878845214844,222.46856689453125,319.9878845214844,222.46856689453125,29,44
ihawk1,34,1786447088.125714,24,-91.0,-17.0,0.0,295.2992248535156,232.17869567871094,295.2992248535156,232.17869567871094,29,44
ihawk2,36,1786447088.272033,40,-91.0,-67.0,0.0,276.72039794921875,275.9225769042969,276.72039794921875,275.9225769042969,31,48
ihawk1,36,1786447088.515665,24,-91.0,-17.0,0.0,295.23321533203125,232.1235809326172,295.23321533203125,232.1235809326172,28,43
ihawk1,37,1786447088.615839,24,-91.0,-17.0,0.0,295.2565612792969,232.15626525878906,295.2565612792969,232.15626525878906,27,39
ihawk1,38,1786447088.685717,24,-91.0,-17.0,0.0,295.236083984375,232.1363525390625,295.236083984375,232.1363525390625,29,44
ihawk1,40,1786447088.945663,24,-91.0,-17.0,0.0,295.2901916503906,232.18397521972656,295.2901916503906,232.18397521972656,28,40
ihawk1,41,1786447089.015662,24,-91.0,-17.0,0.0,295.2511291503906,232.1599578857422,295.2511291503906,232.1599578857422,28,40
ihawk2,42,1786447089.097416,40,-91.0,-67.0,0.0,276.7019958496094,275.9352722167969,276.7019958496094,275.9352722167969,31,48
ihawk1,42,1786447089.115859,24,-91.0,-17.0,0.0,295.2574462890625,232.15086364746094,295.2574462890625,232.15086364746094,28,43
ihawk1,43,1786447089.245737,24,-91.0,-17.0,0.0,295.2694396972656,232.20286560058594,295.2694396972656,232.20286560058594,28,38
ihawk1,45,1786447089.406047,24,-91.0,-17.0,0.0,295.2363586425781,232.1165008544922,295.2363586425781,232.1165008544922,26,35
ihawk1,46,1786447089.535982,24,-91.0,-17.0,0.0,295.25048828125,232.13873291015625,295.25048828125,232.13873291015625,27,37
ihawk1,48,1786447089.775691,24,-91.0,-17.0,0.0,295.2616271972656,232.1694793701172,295.2616271972656,232.1694793701172,30,44
ihawk1,48,1786447089.775691,40,-91.0,-67.0,0.0,320.0173645019531,222.48541259765625,320.0173645019531,222.48541259765625,30,44
ihawk1,49,1786447089.836254,24,-91.0,-17.0,0.0,295.2384948730469,232.11439514160156,295.2384948730469,232.11439514160156,29,42
ihawk1,51,1786447090.030934,24,-91.0,-17.0,0.0,295.2389831542969,232.1187744140625,295.2389831542969,232.1187744140625,27,39
ihawk2,55,1786447090.417054,40,-91.0,-67.0,0.0,276.70941162109375,275.9505920410156,276.70941162109375,275.9505920410156,31,48
ihawk2,62,1786447091.1526,40,-91.0,-67.0,0.0,276.69061279296875,275.95269775390625,276.69061279296875,275.95269775390625,31,48
ihawk2,71,1786447092.102584,40,-91.0,-67.0,0.0,276.7016296386719,275.9378356933594,276.7016296386719,275.9378356933594,31,48
ihawk2,72,1786447092.165986,40,-91.0,-67.0,0.0,276.70184326171875,275.9371032714844,276.70184326171875,275.9371032714844,31,48
ihawk2,83,1786447093.288004,40,-91.0,-67.0,0.0,276.70489501953125,275.92694091796875,276.70489501953125,275.92694091796875,31,48
ihawk2,85,1786447093.522666,40,-91.0,-67.0,0.0,276.70294189453125,275.9360656738281,276.70294189453125,275.9360656738281,31,48
ihawk2,92,1786447094.310879,40,-91.0,-67.0,0.0,276.7369689941406,275.91925048828125,276.7369689941406,275.91925048828125,31,48
ihawk1,106,1786447095.905049,40,-91.0,-67.0,0.0,320.0112609863281,222.47373962402344,320.0112609863281,222.47373962402344,30,44
ihawk2,109,1786447096.102561,40,-91.0,-67.0,0.0,276.7030334472656,275.9360656738281,276.7030334472656,275.9360656738281,31,48
ihawk2,122,1786447097.514258,40,-91.0,-67.0,0.0,276.7027282714844,275.93994140625,276.7027282714844,275.93994140625,31,48
ihawk1,124,1786447097.795708,40,-91.0,-67.0,0.0,319.9999694824219,222.48382568359375,319.9999694824219,222.48382568359375,30,46
ihawk1,125,1786447097.925713,40,-91.0,-67.0,0.0,319.9282531738281,222.47508239746094,319.9282531738281,222.47508239746094,28,38
ihawk1,127,1786447098.115957,40,-91.0,-67.0,0.0,319.9981994628906,222.48468017578125,319.9981994628906,222.48468017578125,29,42
ihawk1,133,1786447098.785656,40,-91.0,-67.0,0.0,319.9894104003906,222.48854064941406,319.9894104003906,222.48854064941406,31,48
ihawk1,134,1786447098.875367,40,-91.0,-67.0,0.0,319.9148864746094,222.4585723876953,319.9148864746094,222.4585723876953,31,48
ihawk1,135,1786447098.941068,40,-91.0,-67.0,0.0,319.9217834472656,222.4810791015625,319.9217834472656,222.4810791015625,30,46
ihawk1,137,1786447099.205084,40,-91.0,-67.0,0.0,320.0158996582031,222.4845733642578,320.0158996582031,222.4845733642578,30,46
ihawk1,142,1786447099.735752,40,-91.0,-67.0,0.0,319.9061584472656,222.4764404296875,319.9061584472656,222.4764404296875,31,48
ihawk1,143,1786447099.905752,40,-91.0,-67.0,0.0,319.9386901855469,222.46849060058594,319.9386901855469,222.46849060058594,31,48
ihawk2,180,1786447101.84261,40,-91.0,-67.0,0.0,276.6979675292969,275.9374694824219,276.6979675292969,275.9374694824219,31,48
ihawk2,184,1786447102.098978,40,-91.0,-67.0,0.0,276.70330810546875,275.94195556640625,276.70330810546875,275.94195556640625,31,48
ihawk2,187,1786447102.272561,40,-91.0,-67.0,0.0,276.7089538574219,275.940673828125,276.7089538574219,275.940673828125,31,48
ihawk2,193,1786447102.562845,40,-91.0,-67.0,0.0,276.6906433105469,275.9363098144531,276.6906433105469,275.9363098144531,31,48
ihawk2,194,1786447102.602559,40,-91.0,-67.0,0.0,276.6907958984375,275.936767578125,276.6907958984375,275.936767578125,31,48
ihawk2,197,1786447102.792648,40,-91.0,-67.0,0.0,276.6966857910156,275.941162109375,276.6966857910156,275.941162109375,31,48
ihawk2,207,1786447103.322597,40,-91.0,-67.0,0.0,276.72491455078125,275.9400329589844,276.72491455078125,275.9400329589844,31,48
ihawk2,216,1786447103.782671,40,-91.0,-67.0,0.0,276.70489501953125,275.9386291503906,276.70489501953125,275.9386291503906,31,48
ihawk2,239,1786447105.042576,40,-91.0,-67.0,0.0,276.70147705078125,275.9437561035156,276.70147705078125,275.9437561035156,31,48
