run_id,height_gt_mm,estimate_source,estimate_xy_rmse_mm,stereo_xy_rmse_mm,estimate_minus_stereo_xy_mm,estimate_z_rmse_mm,stereo_z_rmse_mm,estimate_minus_stereo_z_mm,estimate_3d_rmse_mm,stereo_3d_rmse_mm,estimate_minus_stereo_3d_mm,stereo_lower_3d_error
20260808_131913,0.0,ihawk1,8.340325381247458,0.6300516249719413,7.710273756275517,5.059083832485574,0.8454303580064549,4.213653474479119,9.75476071921795,1.0543801688047374,8.700380550413213,1
20260808_131913,0.0,ihawk2,3.1506340988071644,0.6300516249719413,2.520582473835223,3.019929466130757,0.8454303580064549,2.174499108124302,4.364226071707472,1.0543801688047374,3.309845902902735,1
20260808_131913,0.0,EqualXYZ,5.138165132725891,0.6300516249719413,4.508113507753949,3.7107922346669047,0.8454303580064549,2.8653618766604496,6.338037546435354,1.0543801688047374,5.283657377630616,1
20260808_131913,0.0,LOOWeightedXYZ,3.6239774339134434,0.6300516249719413,2.993925808941502,3.1729413306036993,0.8454303580064549,2.3275109725972443,4.816717671710377,1.0543801688047374,3.7623375029056394,1
20260808_131913,5.0,ihawk1,6.605960257487178,2.036955919361853,4.569004338125325,5.641978030804232,1.8029095246335758,3.839068506170656,8.687383209205038,2.7202338449915953,5.9671493642134426,1
20260808_131913,5.0,ihawk2,4.021488106384301,2.036955919361853,1.984532187022448,4.429646061321766,1.8029095246335758,2.6267365366881905,5.982819637794025,2.7202338449915953,3.2625857928024296,1
20260808_131913,5.0,EqualXYZ,4.471457636346103,2.036955919361853,2.4345017169842498,4.959925972134999,1.8029095246335758,3.1570164475014235,6.677933740514142,2.7202338449915953,3.9576998955225466,1
20260808_131913,5.0,LOOWeightedXYZ,3.9114664076126098,2.036955919361853,1.8745104882507566,4.613063338096907,1.8029095246335758,2.8101538134633315,6.048133829469688,2.7202338449915953,3.3278999844780923,1
20260808_131913,10.0,ihawk1,8.520431250456756,4.020340250825635,4.500090999631121,5.755167592052556,1.7099714347461528,4.045196157306403,10.282008690249784,4.368882928170145,5.9131257620796385,1
20260808_131913,10.0,ihawk2,6.235147588604909,4.020340250825635,2.2148073377792743,3.68355265832939,1.7099714347461528,1.973581223583237,7.241935213627027,4.368882928170145,2.8730522854568816,1
20260808_131913,10.0,EqualXYZ,6.420420082317266,4.020340250825635,2.400079831491631,4.405622743308217,1.7099714347461528,2.695651308562064,7.786610674085193,4.368882928170145,3.4177277459150472,1
20260808_131913,10.0,LOOWeightedXYZ,6.02836313254053,4.020340250825635,2.0080228817148953,3.859282680726646,1.7099714347461528,2.1493112459804933,7.157878517237529,4.368882928170145,2.788995589067384,1
20260808_131913,15.0,ihawk1,7.741190093271269,3.373575890482938,4.367614202788332,5.431553076586224,1.2569865781080314,4.1745664984781925,9.456626929510042,3.600142989714643,5.8564839397954,1
20260808_131913,15.0,ihawk2,6.010835015843663,3.373575890482938,2.6372591253607256,4.2893893900656215,1.2569865781080314,3.0324028119575903,7.3843753241083165,3.600142989714643,3.7842323343936735,1
20260808_131913,15.0,EqualXYZ,5.847307758817478,3.373575890482938,2.47373186833454,4.597384323782326,1.2569865781080314,3.340397745674295,7.4382088332397975,3.600142989714643,3.8380658435251545,1
20260808_131913,15.0,LOOWeightedXYZ,5.665545619059179,3.373575890482938,2.291969728576241,4.334733991555129,1.2569865781080314,3.0777474134470975,7.133605395533461,3.600142989714643,3.533462405818818,1
20260808_131913,20.0,ihawk1,8.99704430420057,4.929241450174549,4.06780285402602,5.587144028357932,1.835692585966559,3.7514514423913736,10.590702743697587,5.259960888095223,5.330741855602365,1
20260808_131913,20.0,ihawk2,7.126688901776607,4.929241450174549,2.1974474516020575,3.698140688255144,1.835692585966559,1.862448102288585,8.029068392586657,5.259960888095223,2.7691075044914344,1
20260808_131913,20.0,EqualXYZ,7.297533298323362,4.929241450174549,2.3682918481488127,4.425359202004553,1.835692585966559,2.589666616037994,8.534506213420002,5.259960888095223,3.2745453253247794,1
20260808_131913,20.0,LOOWeightedXYZ,6.982190511441775,4.929241450174549,2.052949061267226,3.9092293889961365,1.835692585966559,2.0735368030295778,8.002065905368354,5.259960888095223,2.742105017273132,1
20260808_131913,25.0,ihawk1,9.079101328998155,5.05624315771911,4.0228581712790445,4.36341070669166,1.8499112166698686,2.5134994900217915,10.07320375736972,5.384028824174543,4.6891749331951775,1
20260808_131913,25.0,ihawk2,7.0647610593738674,5.05624315771911,2.0085179016547574,3.586926147138372,1.8499112166698686,1.7370149304685036,7.9231867333207715,5.384028824174543,2.539157909146229,1
20260808_131913,25.0,EqualXYZ,6.931432406331773,5.05624315771911,1.8751892486126627,3.1553641071930976,1.8499112166698686,1.305452890523229,7.615843870019183,5.384028824174543,2.23181504584464,1
20260808_131913,25.0,LOOWeightedXYZ,6.7000160408404525,5.05624315771911,1.6437728831213425,3.212248944061838,1.8499112166698686,1.3623377273919692,7.430259633831497,5.384028824174543,2.0462308096569544,1
20260808_131913,30.0,ihawk1,9.997054236977622,3.3632690307841866,6.633785206193435,6.146971701662125,1.4015019854651158,4.745469716197009,11.735687219677729,3.643595255883214,8.092091963794514,1
20260808_131913,30.0,ihawk2,5.945105196126261,3.3632690307841866,2.5818361653420743,3.6986001789951026,1.4015019854651158,2.297098193529987,7.001708297056517,3.643595255883214,3.358113041173303,1
20260808_131913,30.0,EqualXYZ,6.555949671552037,3.3632690307841866,3.1926806407678505,4.261844988614893,1.4015019854651158,2.860343003149777,7.819450031997463,3.643595255883214,4.1758547761142495,1
20260808_131913,30.0,LOOWeightedXYZ,5.696342647675462,3.3632690307841866,2.3330736168912756,3.6903234342828513,1.4015019854651158,2.2888214488177354,6.787253244821757,3.643595255883214,3.143657988938543,1
20260808_131913,35.0,ihawk1,6.837956267667982,4.082707709736188,2.755248557931794,5.93395669482185,1.9169428382066191,4.017013856615231,9.05370023661933,4.510340573403627,4.5433596632157025,1
20260808_131913,35.0,ihawk2,4.534130476516311,4.082707709736188,0.45142276678012294,3.64503478189072,1.9169428382066191,1.728091943684101,5.817612718226194,4.510340573403627,1.3072721448225666,1
20260808_131913,35.0,EqualXYZ,4.486060715025024,4.082707709736188,0.4033530052888361,4.733907048408488,1.9169428382066191,2.816964210201869,6.5218568430978605,4.510340573403627,2.0115162696942335,1
20260808_131913,35.0,LOOWeightedXYZ,4.144987675604145,4.082707709736188,0.06227996586795648,4.047045152525132,1.9169428382066191,2.1301023143185125,5.79305595497639,4.510340573403627,1.2827153815727632,1
20260808_131913,40.0,ihawk1,10.858039439825275,5.394495714496991,5.463543725328283,6.640797633295664,1.4316954512636126,5.209102182032051,12.727812604025345,5.581248594973649,7.146564009051697,1
20260808_131913,40.0,ihawk2,3.815566077805218,5.394495714496991,-1.5789296366917736,2.917181559494853,1.4316954512636126,1.4854861082312403,4.802967077250761,5.581248594973649,-0.7782815177228875,0
20260808_131913,40.0,EqualXYZ,6.322018897714416,5.394495714496991,0.9275231832174242,4.116389472881968,1.4316954512636126,2.6846940216183555,7.5440430298024985,5.581248594973649,1.96279443482885,1
20260808_131913,40.0,LOOWeightedXYZ,4.261143885079149,5.394495714496991,-1.1333518294178422,3.0906293191453793,1.4316954512636126,1.6589338678817667,5.263965881130733,5.581248594973649,-0.31728271384291595,0
20260808_131913,45.0,ihawk1,7.892178577183061,5.632973932935151,2.2592046442479097,7.061314960973999,1.8008742229204877,5.260440738053512,10.59002604681511,5.91384336078547,4.67618268602964,1
20260808_131913,45.0,ihawk2,4.00395718107181,5.632973932935151,-1.6290167518633414,3.959594936457289,1.8008742229204877,2.1587207135368014,5.631169076548379,5.91384336078547,-0.28267428423709084,0
20260808_131913,45.0,EqualXYZ,3.949862417634105,5.632973932935151,-1.683111515301046,5.376250464109623,1.8008742229204877,3.5753762411891357,6.671242925503258,5.91384336078547,0.7573995647177885,1
20260808_131913,45.0,LOOWeightedXYZ,3.2059360351486386,5.632973932935151,-2.4270378977865126,4.4582943169777245,1.8008742229204877,2.657420094057237,5.491303495369788,5.91384336078547,-0.4225398654156818,0
20260808_131913,50.0,ihawk1,6.603113503196269,6.010756124125153,0.5923573790711165,6.32119233076023,1.5449206902088788,4.776271640551351,9.14103825714316,6.2061235181668355,2.9349147389763246,1
20260808_131913,50.0,ihawk2,5.714902461754741,6.010756124125153,-0.295853662370412,3.730162965019492,1.5449206902088788,2.185242274810613,6.824531184848772,6.2061235181668355,0.6184076666819367,1
20260808_131913,50.0,EqualXYZ,4.166038717237155,6.010756124125153,-1.8447174068879972,4.794975993941656,1.5449206902088788,3.2500553037327773,6.351981846321333,6.2061235181668355,0.14585832815449784,1
20260808_131913,50.0,LOOWeightedXYZ,4.670553884143423,6.010756124125153,-1.3402022399817293,4.0607200468344296,1.5449206902088788,2.5157993566255508,6.18898383286386,6.2061235181668355,-0.017139685302975494,0
20260808_141232,0.0,ihawk1,5.407011693290463,0.9393540468595527,4.467657646430911,3.959781672941913,0.9550103022949576,3.004771370646955,6.701913633339844,1.3395636240361726,5.362350009303672,1
20260808_141232,0.0,ihawk2,3.208559254863774,0.9393540468595527,2.2692052080042213,2.9209827842155653,0.9550103022949576,1.9659724819206077,4.339008287345818,1.3395636240361726,2.9994446633096454,1
20260808_141232,0.0,EqualXYZ,3.536810633764343,0.9393540468595527,2.59745658690479,2.932101127996225,0.9550103022949576,1.9770908257012674,4.594153511138398,1.3395636240361726,3.254589887102225,1
20260808_141232,0.0,LOOWeightedXYZ,3.0690405978249555,0.9393540468595527,2.1296865509654026,2.786009533035062,0.9550103022949576,1.8309992307401042,4.144980013131548,1.3395636240361726,2.805416389095375,1
20260808_141232,5.0,ihawk1,14.137677074696587,4.1419465657021695,9.995730508994416,5.874234187330766,0.7680582746428739,5.106175912687893,15.309491838595001,4.2125568086827485,11.096935029912252,1
20260808_141232,5.0,ihawk2,5.868760665895571,4.1419465657021695,1.7268141001934012,3.267931878635949,0.7680582746428739,2.499873603993075,6.717271061745841,4.2125568086827485,2.504714253063092,1
20260808_141232,5.0,EqualXYZ,9.63115556636444,4.1419465657021695,5.48920900066227,4.058322619601437,0.7680582746428739,3.2902643449585636,10.451274564773495,4.2125568086827485,6.238717756090747,1
20260808_141232,5.0,LOOWeightedXYZ,7.002882612359365,4.1419465657021695,2.860936046657195,3.3604902916206227,0.7680582746428739,2.5924320169777486,7.767448737041113,4.2125568086827485,3.554891928358365,1
20260808_141232,10.0,ihawk1,11.736905875996305,4.961672790140366,6.775233085855939,5.5779593073849565,1.0105968993505767,4.56736240803438,12.99494477005728,5.063546481409674,7.931398288647607,1
20260808_141232,10.0,ihawk2,4.51787633118072,4.961672790140366,-0.44379645895964526,3.0073735407652835,1.0105968993505767,1.9967766414147068,5.427292341263559,5.063546481409674,0.36374585985388563,1
20260808_141232,10.0,EqualXYZ,7.970424079002835,4.961672790140366,3.0087512888624692,4.109934916765532,1.0105968993505767,3.099338017414955,8.96767667900648,5.063546481409674,3.904130197596807,1
20260808_141232,10.0,LOOWeightedXYZ,5.636081651065968,4.961672790140366,0.6744088609256025,3.32118760603493,1.0105968993505767,2.310590706684353,6.541842515068865,5.063546481409674,1.4782960336591913,1
20260808_141232,15.0,ihawk1,12.289738070368356,4.300487674903797,7.989250395464559,5.848351907518951,1.4208437862863335,4.427508121232617,13.61032262190878,4.529126991709103,9.081195630199677,1
20260808_141232,15.0,ihawk2,5.843843167906155,4.300487674903797,1.543355493002358,3.8320876839910714,1.4208437862863335,2.411243897704738,6.988232894579252,4.529126991709103,2.4591059028701485,1
20260808_141232,15.0,EqualXYZ,8.781392263826403,4.300487674903797,4.480904588922606,4.56050118544965,1.4208437862863335,3.1396573991633163,9.894999805643147,4.529126991709103,5.365872813934044,1
20260808_141232,15.0,LOOWeightedXYZ,6.743020934901275,4.300487674903797,2.442533259997478,3.9961654150064816,1.4208437862863335,2.575321628720148,7.838218506306824,4.529126991709103,3.3090915145977213,1
20260808_141232,20.0,ihawk1,12.519296226477737,2.432123360624097,10.08717286585364,5.927546578246664,1.2105368622053487,4.717009716041316,13.851663670605905,2.7167303024134406,11.134933368192465,1
20260808_141232,20.0,ihawk2,5.57979094966208,2.432123360624097,3.1476675890379826,3.7026304802264116,1.2105368622053487,2.492093618021063,6.696531902039481,2.7167303024134406,3.97980159962604,1
20260808_141232,20.0,EqualXYZ,8.714027311491417,2.432123360624097,6.281903950867321,4.719821624499669,1.2105368622053487,3.5092847622943206,9.9101457180262,2.7167303024134406,7.19341541561276,1
20260808_141232,20.0,LOOWeightedXYZ,6.520491458701354,2.432123360624097,4.088368098077257,4.022318148442227,1.2105368622053487,2.811781286236878,7.661321827875723,2.7167303024134406,4.9445915254622825,1
20260808_141232,25.0,ihawk1,8.032042187422922,3.2046815538050204,4.827360633617902,4.679434658807512,2.1804888079058258,2.4989458509016864,9.295741521072461,3.8761469660863903,5.419594554986071,1
20260808_141232,25.0,ihawk2,4.596881690633235,3.2046815538050204,1.3922001368282144,3.424123771982079,2.1804888079058258,1.2436349640762532,5.732010544611014,3.8761469660863903,1.8558635785246236,1
20260808_141232,25.0,EqualXYZ,5.822838659383556,3.2046815538050204,2.6181571055785353,3.954075208111259,2.1804888079058258,1.7735864002054331,7.038477165169451,3.8761469660863903,3.1623301990830606,1
20260808_141232,25.0,LOOWeightedXYZ,4.849931852156616,3.2046815538050204,1.6452502983515958,3.578726335522598,2.1804888079058258,1.398237527616772,6.02736436223382,3.8761469660863903,2.15121739614743,1
20260808_141232,30.0,ihawk1,10.8528900108952,2.4787340473634405,8.37415596353176,6.560439567222585,1.8445048589875273,4.715934708235058,12.681663491189493,3.089712066259143,9.59195142493035,1
20260808_141232,30.0,ihawk2,7.012610467989883,2.4787340473634405,4.533876420626442,5.287531617437596,1.8445048589875273,3.4430267584500687,8.782636061067516,3.089712066259143,5.692923994808373,1
20260808_141232,30.0,EqualXYZ,6.903122858436941,2.4787340473634405,4.4243888110735,4.431396125305316,1.8445048589875273,2.5868912663177888,8.203071182066235,3.089712066259143,5.113359115807093,1
20260808_141232,30.0,LOOWeightedXYZ,6.368421069062298,2.4787340473634405,3.8896870216988573,4.63735666385567,1.8445048589875273,2.7928518048681426,7.877935246032628,3.089712066259143,4.788223179773485,1
20260808_141232,35.0,ihawk1,16.66825277910443,2.9152828354925733,13.752969943611859,8.542039422060114,1.4393350247149341,7.10270439734518,18.72957789690285,3.251239659620428,15.478338237282422,1
20260808_141232,35.0,ihawk2,5.131687596888043,2.9152828354925733,2.21640476139547,4.014741054148571,1.4393350247149341,2.575406029433637,6.515547814567902,3.251239659620428,3.2643081549474737,1
20260808_141232,35.0,EqualXYZ,10.676442917587446,2.9152828354925733,7.7611600820948725,6.191590696533551,1.4393350247149341,4.7522556718186175,12.341889187879787,3.251239659620428,9.090649528259359,1
20260808_141232,35.0,LOOWeightedXYZ,6.92487850010565,2.9152828354925733,4.009595664613077,4.730500219570488,1.4393350247149341,3.2911651948555543,8.386392226016019,3.251239659620428,5.1351525663955915,1
20260808_141232,40.0,ihawk1,10.181770750189715,3.4610887579340286,6.720681992255686,5.610699630741559,1.658045057938383,3.952654572803176,11.625334659949463,3.8377400647322655,7.787594595217197,1
20260808_141232,40.0,ihawk2,4.6745646421741105,3.4610887579340286,1.213475884240082,3.5914131171264456,1.658045057938383,1.9333680591880626,5.894896332568729,3.8377400647322655,2.0571562678364637,1
20260808_141232,40.0,EqualXYZ,7.268203431137311,3.4610887579340286,3.807114673203283,4.548007655532664,1.658045057938383,2.889962597594281,8.573864633359912,3.8377400647322655,4.7361245686276465,1
20260808_141232,40.0,LOOWeightedXYZ,5.503553449400592,3.4610887579340286,2.042464691466564,3.904269037116141,1.658045057938383,2.246223979177758,6.747771282771295,3.8377400647322655,2.910031218039029,1
20260808_141232,45.0,ihawk1,14.963712882813391,6.260797994126295,8.702914888687097,6.550682643069727,1.6598227131227703,4.8908599299469575,16.334752717120956,6.477082905309618,9.857669811811338,1
20260808_141232,45.0,ihawk2,13.53768480213249,6.260797994126295,7.2768868080061955,8.47165918587178,1.6598227131227703,6.811836472749009,15.969906673598773,6.477082905309618,9.492823768289156,1
20260808_141232,45.0,EqualXYZ,10.284393670754104,6.260797994126295,4.023595676627809,4.679953685219237,1.6598227131227703,3.020130972096467,11.299146855884485,6.477082905309618,4.822063950574868,1
20260808_141232,45.0,LOOWeightedXYZ,11.594931467030303,6.260797994126295,5.334133472904008,6.823927345520389,1.6598227131227703,5.164104632397619,13.453936975549961,6.477082905309618,6.976854070240344,1
20260808_141232,50.0,ihawk1,16.05464307422439,3.392295278227808,12.662347795996583,7.716098031155004,1.538615172709053,6.17748285844595,17.812628471596643,3.7249166305270767,14.087711841069567,1
20260808_141232,50.0,ihawk2,4.944286466197831,3.392295278227808,1.5519911879700232,3.457884994109948,1.538615172709053,1.9192698214008952,6.03348467241923,3.7249166305270767,2.3085680418921535,1
20260808_141232,50.0,EqualXYZ,10.233490523648845,3.392295278227808,6.841195245421037,5.354400794719898,1.538615172709053,3.815785622010845,11.549629265396693,3.7249166305270767,7.824712634869616,1
20260808_141232,50.0,LOOWeightedXYZ,6.626596744946323,3.392295278227808,3.2343014667185144,4.015118517881258,1.538615172709053,2.476503345172205,7.748094032261494,3.7249166305270767,4.023177401734417,1
20260808_145501,0.0,ihawk1,8.592824369342713,0.6310060222134862,7.961818347129227,5.151459471876333,0.8223635403638251,4.329095931512508,10.018690799338723,1.0365569895521476,8.982133809786575,1
20260808_145501,0.0,ihawk2,3.4956226320953037,0.6310060222134862,2.8646166098818173,3.169309640897846,0.8223635403638251,2.346946100534021,4.718463858704964,1.0365569895521476,3.681906869152816,1
20260808_145501,0.0,EqualXYZ,5.388994003533101,0.6310060222134862,4.757987981319615,3.8699541366674874,0.8223635403638251,3.0475905963036625,6.634591275280303,1.0365569895521476,5.598034285728155,1
20260808_145501,0.0,LOOWeightedXYZ,3.9114574976653285,0.6310060222134862,3.280451475451842,3.336555356302026,0.8223635403638251,2.514191815938201,5.141215945835192,1.0365569895521476,4.1046589562830444,1
20260808_145501,5.0,ihawk1,7.867512968015852,0.7993013034629125,7.06821166455294,4.451582247748756,0.5785437928413197,3.8730384549074364,9.039598708480897,0.9867094273152206,8.052889281165676,1
20260808_145501,5.0,ihawk2,3.5529560786373304,0.7993013034629125,2.753654775174418,2.995105096407402,0.5785437928413197,2.4165613035660822,4.646950767465861,0.9867094273152206,3.66024134015064,1
20260808_145501,5.0,EqualXYZ,5.117298316234187,0.7993013034629125,4.317997012771275,3.5337742831845356,0.5785437928413197,2.955230490343216,6.218866676640498,0.9867094273152206,5.232157249325277,1
20260808_145501,5.0,LOOWeightedXYZ,3.892919615946758,0.7993013034629125,3.0936183124838457,3.1391346417904797,0.5785437928413197,2.5605908489491602,5.000898862755784,0.9867094273152206,4.014189435440564,1
20260808_145501,10.0,ihawk1,4.469180010630344,1.9211228280567365,2.548057182573608,3.9790208221536085,1.3899688774291414,2.589051944724467,5.98382625671483,2.371228879864266,3.6125973768505646,1
20260808_145501,10.0,ihawk2,1.8997023197142415,1.9211228280567365,-0.02142050834249498,3.1717730244883766,1.3899688774291414,1.7818041470592352,3.69716283417431,2.371228879864266,1.3259339543100443,1
20260808_145501,10.0,EqualXYZ,2.57982730338299,1.9211228280567365,0.6587044753262536,3.4801036270477206,1.3899688774291414,2.090134749618579,4.332046879971528,2.371228879864266,1.960818000107262,1
20260808_145501,10.0,LOOWeightedXYZ,1.885297092748277,1.9211228280567365,-0.03582573530845945,3.261963109009189,1.3899688774291414,1.8719942315800475,3.7675918638384913,2.371228879864266,1.3963629839742255,1
20260808_145501,15.0,ihawk1,9.205902182434892,1.3753781970345211,7.8305239854003705,5.633753161110716,1.331029453129225,4.3027237079814915,10.792951851689349,1.91397612053427,8.878975731155078,1
20260808_145501,15.0,ihawk2,3.1167999327588984,1.3753781970345211,1.7414217357243773,3.8682051085515474,1.331029453129225,2.537175655422322,4.967640544833147,1.91397612053427,3.053664424298877,1
20260808_145501,15.0,EqualXYZ,5.784543432464117,1.3753781970345211,4.409165235429596,4.666653646684871,1.331029453129225,3.3356241935556463,7.432267418505671,1.91397612053427,5.518291297971402,1
20260808_145501,15.0,LOOWeightedXYZ,3.932946802995434,1.3753781970345211,2.557568605960913,4.144126027495669,1.331029453129225,2.813096574366444,5.713304743050124,1.91397612053427,3.7993286225158536,1
20260808_145501,20.0,ihawk1,9.862427541787948,0.7616730363444028,9.100754505443545,5.820283696579009,1.2038730383086345,4.616410658270374,11.45177625199169,1.4245898029469972,10.027186449044693,1
20260808_145501,20.0,ihawk2,3.06068711223995,0.7616730363444028,2.2990140758955473,3.162223206729523,1.2038730383086345,1.9583501684208884,4.400847782894845,1.4245898029469972,2.9762579799478477,1
20260808_145501,20.0,EqualXYZ,5.940506449506793,0.7616730363444028,5.17883341316239,4.281294676321043,1.2038730383086345,3.0774216380124084,7.322506468561616,1.4245898029469972,5.897916665614619,1
20260808_145501,20.0,LOOWeightedXYZ,3.865689836420643,0.7616730363444028,3.1040168000762405,3.507922108302824,1.2038730383086345,2.304049069994189,5.220064695894639,1.4245898029469972,3.7954748929476416,1
20260808_145501,25.0,ihawk1,10.804002811335078,2.066341435629891,8.737661375705187,5.908420501852816,1.559003743224937,4.3494167586278785,12.314053336495297,2.588485966736224,9.725567369759073,1
20260808_145501,25.0,ihawk2,5.210851663368924,2.066341435629891,3.1445102277390333,3.9421397350775793,1.559003743224937,2.383135991852642,6.534021789718198,2.588485966736224,3.9455358229819737,1
20260808_145501,25.0,EqualXYZ,7.309344638770282,2.066341435629891,5.2430032031403915,4.64983750426618,1.559003743224937,3.0908337610412424,8.662996471452601,2.588485966736224,6.074510504716377,1
20260808_145501,25.0,LOOWeightedXYZ,5.722567749468345,2.066341435629891,3.656226313838454,4.122549822567899,1.559003743224937,2.563546079342962,7.0528858410447715,2.588485966736224,4.464399874308548,1
20260808_145501,30.0,ihawk1,12.388014030236082,1.8443710472645702,10.543642982971512,7.698129141780539,1.2079539617383526,6.490175180042186,14.585063726184291,2.2047352071546342,12.380328519029657,1
20260808_145501,30.0,ihawk2,2.5648334836018396,1.8443710472645702,0.7204624363372694,3.464403043544313,1.2079539617383526,2.25644908180596,4.310505683411662,2.2047352071546342,2.105770476257028,1
20260808_145501,30.0,EqualXYZ,7.021426366507348,1.8443710472645702,5.177055319242777,5.376961271222473,1.2079539617383526,4.16900730948412,8.843762815256353,2.2047352071546342,6.639027608101719,1
20260808_145501,30.0,LOOWeightedXYZ,3.940895805657765,1.8443710472645702,2.096524758393195,4.101865564548173,1.2079539617383526,2.89391160280982,5.688230028811868,2.2047352071546342,3.483494821657234,1
20260808_145501,35.0,ihawk1,7.9803081302709105,1.8780309078015027,6.102277222469407,4.799850766853793,2.2650826130500423,2.5347681538037508,9.312565985706353,2.942379875984633,6.37018610972172,1
20260808_145501,35.0,ihawk2,3.284095107432369,1.8780309078015027,1.4060641996308663,3.831363644628218,2.2650826130500423,1.5662810315781757,5.046248909045217,2.942379875984633,2.103869033060584,1
20260808_145501,35.0,EqualXYZ,4.3891617223431725,1.8780309078015027,2.5111308145416698,3.8999587105681988,2.2650826130500423,1.6348760975181564,5.871492022392541,2.942379875984633,2.929112146407908,1
20260808_145501,35.0,LOOWeightedXYZ,3.1254439178118485,1.8780309078015027,1.2474130100103458,3.744535096703013,2.2650826130500423,1.4794524836529708,4.877493492955959,2.942379875984633,1.935113616971326,1
20260808_145501,40.0,ihawk1,9.706351177492648,1.8956889002626083,7.81066227723004,6.441008559150801,1.1831918572455697,5.257816701905232,11.649027617782817,2.234631821493437,9.41439579628938,1
20260808_145501,40.0,ihawk2,3.258457290632158,1.8956889002626083,1.3627683903695496,3.3839271521667196,1.1831918572455697,2.2007352949211496,4.697712942065003,2.234631821493437,2.463081120571566,1
20260808_145501,40.0,EqualXYZ,5.6511000369801,1.8956889002626083,3.755411136717492,4.8023645717831585,1.1831918572455697,3.619172714537589,7.4160391792569795,2.234631821493437,5.181407357763542,1
20260808_145501,40.0,LOOWeightedXYZ,3.724561099404436,1.8956889002626083,1.8288721991418275,3.879095663189294,1.1831918572455697,2.6959038059437246,5.377707555024797,2.234631821493437,3.1430757335313597,1
20260808_145501,45.0,ihawk1,10.215372825551956,1.8933024419970736,8.322070383554882,6.0202135321213275,1.4586666103566408,4.561546921764687,11.857352695157639,2.390042346286236,9.467310348871402,1
20260808_145501,45.0,ihawk2,1.7607642244175794,1.8933024419970736,-0.13253821757949424,3.1627623999052696,1.4586666103566408,1.7040957895486288,3.6198558883253047,2.390042346286236,1.2298135420390688,1
20260808_145501,45.0,EqualXYZ,5.792479310041712,1.8933024419970736,3.8991768680446377,4.4865971256112935,1.4586666103566408,3.0279305152546527,7.32682539199651,2.390042346286236,4.936783045710275,1
20260808_145501,45.0,LOOWeightedXYZ,3.1443626466165298,1.8933024419970736,1.251060204619456,3.6240919556212012,1.4586666103566408,2.1654253452645604,4.798026568938068,2.390042346286236,2.4079842226518324,1
20260808_145501,50.0,ihawk1,10.662368205660973,1.4096093128352385,9.252758892825735,7.713571668004508,2.1482128285172677,5.56535883948724,13.15998797987794,2.569400080064993,10.590587899812947,1
20260808_145501,50.0,ihawk2,3.2269212009439383,1.4096093128352385,1.8173118881086998,4.348150020015805,2.1482128285172677,2.1999371914985377,5.414741825208744,2.569400080064993,2.845341745143751,1
20260808_145501,50.0,EqualXYZ,6.23725981381058,1.4096093128352385,4.827650500975341,5.458975318672836,2.1482128285172677,3.3107624901555686,8.288776840695832,2.569400080064993,5.719376760630839,1
20260808_145501,50.0,LOOWeightedXYZ,3.969549714175072,1.4096093128352385,2.5599404013398335,4.562902394576414,2.1482128285172677,2.414689566059146,6.047925528289727,2.569400080064993,3.4785254482247336,1
20260808_151001,0.0,ihawk1,8.675267084335214,0.6040422842405891,8.071224800094624,5.128463527757312,0.8100048255948243,4.318458702162487,10.077767468050004,1.0104330253101836,9.06733444273982,1
20260808_151001,0.0,ihawk2,3.3095479077509258,0.6040422842405891,2.7055056235103367,3.1721817026148784,0.8100048255948243,2.362176877020054,4.58430410292589,1.0104330253101836,3.5738710776157068,1
20260808_151001,0.0,EqualXYZ,5.3838851899953495,0.6040422842405891,4.7798429057547605,3.852879722120036,0.8100048255948243,3.0428748965252117,6.620491061256334,1.0104330253101836,5.61005803594615,1
20260808_151001,0.0,LOOWeightedXYZ,3.8147327737105465,0.6040422842405891,3.2106904894699575,3.333695627358847,0.8100048255948243,2.523690801764023,5.0661338978251305,1.0104330253101836,4.055700872514947,1
20260808_151001,5.0,ihawk1,11.306212715399488,1.0952838891909817,10.210928826208505,7.212297628064252,0.6661961951086888,6.546101432955563,13.410730145731899,1.2819766644906674,12.128753481241231,1
20260808_151001,5.0,ihawk2,2.5505233050391047,1.0952838891909817,1.455239415848123,2.368448153416198,0.6661961951086888,1.702251958307509,3.4806200288121363,1.2819766644906674,2.1986433643214687,1
20260808_151001,5.0,EqualXYZ,6.260903721503345,1.0952838891909817,5.165619832312363,4.09440584987041,0.6661961951086888,3.428209654761721,7.480847189549286,1.2819766644906674,6.198870525058619,1
20260808_151001,5.0,LOOWeightedXYZ,3.531203750698354,1.0952838891909817,2.4359198615073723,2.6553619716291315,0.6661961951086888,1.9891657765204427,4.4181836912152335,1.2819766644906674,3.1362070267245663,1
20260808_151001,10.0,ihawk1,8.962568553883859,1.4256571978691077,7.536911356014751,5.996166963252578,1.3575207676906365,4.638646195561941,10.78339711474401,1.9685936809172608,8.81480343382675,1
20260808_151001,10.0,ihawk2,2.5432520616750756,1.4256571978691077,1.1175948638059678,3.465920484996876,1.3575207676906365,2.1083997173062397,4.298922639166179,1.9685936809172608,2.330328958248918,1
20260808_151001,10.0,EqualXYZ,5.268571005100011,1.4256571978691077,3.842913807230903,4.530764971649459,1.3575207676906365,3.1732442039588227,6.948789222886694,1.9685936809172608,4.980195541969433,1
20260808_151001,10.0,LOOWeightedXYZ,3.3107616890577543,1.4256571978691077,1.8851044911886465,3.8042924009903687,1.3575207676906365,2.4467716332997322,5.043191810150157,1.9685936809172608,3.0745981292328963,1
20260808_151001,15.0,ihawk1,6.2011585888745,1.4254109023250876,4.775747686549412,4.183206906318876,1.3133530727070712,2.869853833611805,7.480213089574783,1.9382189076717642,5.541994181903019,1
20260808_151001,15.0,ihawk2,3.9846993634740073,1.4254109023250876,2.5592884611489195,3.19125245984438,1.3133530727070712,1.8778993871373086,5.1050877837440725,1.9382189076717642,3.166868876072308,1
20260808_151001,15.0,EqualXYZ,4.562958907825706,1.4254109023250876,3.1375480055006184,3.6077223435625965,1.3133530727070712,2.2943692708555252,5.816893887870636,1.9382189076717642,3.8786749801988716,1
20260808_151001,15.0,LOOWeightedXYZ,4.034633416849011,1.4254109023250876,2.609222514523923,3.3284557832141743,1.3133530727070712,2.015102710507103,5.2303809334661855,1.9382189076717642,3.292162025794421,1
20260808_151001,20.0,ihawk1,9.721334805278667,1.3544883072176395,8.366846498061028,6.809845902035385,2.103363116254065,4.70648278578132,11.8692186602906,2.5017543790722776,9.367464281218322,1
20260808_151001,20.0,ihawk2,3.387483363385559,1.3544883072176395,2.0329950561679198,4.477283756554803,2.103363116254065,2.373920640300738,5.614366693931154,2.5017543790722776,3.1126123148588762,1
20260808_151001,20.0,EqualXYZ,5.704309174715796,1.3544883072176395,4.349820867498156,5.345043571556958,2.103363116254065,3.241680455302893,7.817201157869046,2.5017543790722776,5.315446778796768,1
20260808_151001,20.0,LOOWeightedXYZ,3.839559043038864,1.3544883072176395,2.4850707358212247,4.714729288816866,2.103363116254065,2.611366172562801,6.080368896030002,2.5017543790722776,3.5786145169577246,1
20260808_151001,25.0,ihawk1,6.849149313596237,1.8289874481817765,5.02016186541446,5.94574649593005,2.452815308080231,3.492931187849819,9.0698813505911,3.0596565201275783,6.010224830463521,1
20260808_151001,25.0,ihawk2,2.4101064293330836,1.8289874481817765,0.5811189811513071,4.441954273251683,2.452815308080231,1.9891389651714517,5.053669040051154,3.0596565201275783,1.9940125199235754,1
20260808_151001,25.0,EqualXYZ,4.031505636896261,1.8289874481817765,2.2025181887144845,5.094083571250231,2.452815308080231,2.6412682631699997,6.496362453805039,3.0596565201275783,3.436705933677461,1
20260808_151001,25.0,LOOWeightedXYZ,2.7270023006176913,1.8289874481817765,0.8980148524359148,4.6634929472943085,2.452815308080231,2.2106776392140777,5.40228729493702,3.0596565201275783,2.3426307748094417,1
20260808_151001,30.0,ihawk1,8.761034836662644,2.7270928890074506,6.033941947655193,6.7283426850077115,1.3403656924400738,5.387976992567638,11.046552706438023,3.0386865278842703,8.007866178553753,1
20260808_151001,30.0,ihawk2,2.0147659568077287,2.7270928890074506,-0.7123269321997219,3.39124384854034,1.3403656924400738,2.050878156100266,3.944593350520946,3.0386865278842703,0.9059068226366755,1
20260808_151001,30.0,EqualXYZ,4.693025230569115,2.7270928890074506,1.9659323415616647,4.810085922561213,1.3403656924400738,3.4697202301211396,6.720224132957162,3.0386865278842703,3.6815376050728914,1
20260808_151001,30.0,LOOWeightedXYZ,2.5735131459281333,2.7270928890074506,-0.15357974307931732,3.838956884057505,1.3403656924400738,2.4985911916174315,4.62174857277172,3.0386865278842703,1.5830620448874497,1
20260808_151001,35.0,ihawk1,8.650278537979005,3.8688460896642107,4.781432448314795,7.423255983449823,1.7481505778710207,5.675105405578803,11.398773977075068,4.245468231941071,7.153305745133998,1
20260808_151001,35.0,ihawk2,2.8212382551575197,3.8688460896642107,-1.047607834506691,4.170587311104574,1.7481505778710207,2.4224367332335537,5.035194515796855,4.245468231941071,0.7897262838557841,1
20260808_151001,35.0,EqualXYZ,4.410968504685089,3.8688460896642107,0.5421224150208781,5.631452654113633,1.7481505778710207,3.8833020762426123,7.153314067259125,4.245468231941071,2.9078458353180547,1
20260808_151001,35.0,LOOWeightedXYZ,2.681722549357839,3.8688460896642107,-1.1871235403063718,4.67252734157596,1.7481505778710207,2.9243767637049394,5.38740638800427,4.245468231941071,1.1419381560631994,1
20260808_151001,40.0,ihawk1,10.878016646718338,5.0166122959015995,5.861404350816739,7.541994559294,1.2033245939768822,6.338669965317118,13.236802034430431,5.158913548981098,8.077888485449332,1
20260808_151001,40.0,ihawk2,3.387088997676057,5.0166122959015995,-1.6295232982255423,2.825346967106498,1.2033245939768822,1.622022373129616,4.410777410243695,5.158913548981098,-0.7481361387374026,0
20260808_151001,40.0,EqualXYZ,5.9699811283522175,5.0166122959015995,0.953368832450618,4.930490320321769,1.2033245939768822,3.7271657263448867,7.742764975877047,5.158913548981098,2.583851426895949,1
20260808_151001,40.0,LOOWeightedXYZ,3.7213590756428276,5.0166122959015995,-1.2952532202587719,3.5135547183960485,1.2033245939768822,2.3102301244191663,5.117966405617799,5.158913548981098,-0.04094714336329908,0
20260808_151001,45.0,ihawk1,9.0207437861748,5.7200246811724655,3.300719105002334,6.013393426340668,1.0492310393136406,4.964162387027027,10.841343042066717,5.8154594080847435,5.025883633981973,1
20260808_151001,45.0,ihawk2,3.7991828130158463,5.7200246811724655,-1.9208418681566193,3.4136226632189977,1.0492310393136406,2.364391623905357,5.107505235783647,5.8154594080847435,-0.7079541723010969,0
20260808_151001,45.0,EqualXYZ,5.279139545347214,5.7200246811724655,-0.44088513582525124,4.691903046115637,1.0492310393136406,3.642672006801996,7.062808827470696,5.8154594080847435,1.2473494193859525,1
20260808_151001,45.0,LOOWeightedXYZ,3.855207306499524,5.7200246811724655,-1.8648173746729415,3.8978794817541518,1.0492310393136406,2.848648442440511,5.482343279143265,5.8154594080847435,-0.33311612894147835,0
20260808_151001,50.0,ihawk1,10.480541969658452,9.238712087458872,1.2418298821995801,6.450267274398223,0.8750133805050149,5.5752538938932075,12.30640921995303,9.280056543525017,3.0263526764280133,1
20260808_151001,50.0,ihawk2,4.8676325256380455,9.238712087458872,-4.371079561820826,4.1217054963846005,0.8750133805050149,3.2466921158795854,6.378267994022863,9.280056543525017,-2.901788549502154,0
20260808_151001,50.0,EqualXYZ,6.619811872450802,9.238712087458872,-2.61890021500807,5.056493889018956,0.8750133805050149,4.181480508513941,8.330068407661887,9.280056543525017,-0.9499881358631299,0
20260808_151001,50.0,LOOWeightedXYZ,5.099984165264566,9.238712087458872,-4.138727922194306,4.405510738411245,0.8750133805050149,3.5304973579062295,6.739314753905333,9.280056543525017,-2.540741789619684,0
20260808_162715,0.0,ihawk1,7.59233309829828,0.5920855511763418,7.000247547121938,4.697477394638124,0.8050463966973583,3.8924309979407656,8.928035380118727,0.9993322774468925,7.928703102671834,1
20260808_162715,0.0,ihawk2,2.895017789132072,0.5920855511763418,2.30293223795573,2.792553972261461,0.8050463966973583,1.9875075755641025,4.022373141241923,0.9993322774468925,3.0230408637950306,1
20260808_162715,0.0,EqualXYZ,4.709086354528466,0.5920855511763418,4.117000803352124,3.5893103655617464,0.8050463966973583,2.784263968864388,5.921033963315461,0.9993322774468925,4.921701685868568,1
20260808_162715,0.0,LOOWeightedXYZ,3.3331361021856476,0.5920855511763418,2.7410505510093057,3.043708452713812,0.8050463966973583,2.2386620560164534,4.513752033598527,0.9993322774468925,3.5144197561516344,1
20260808_162715,5.0,ihawk1,7.710717747581894,2.419567387858808,5.291150359723086,4.337546914736488,1.06373201130154,3.273814903434948,8.847004092935327,2.6430724803261665,6.203931612609161,1
20260808_162715,5.0,ihawk2,7.431658678646156,2.419567387858808,5.012091290787348,6.126192816007587,1.06373201130154,5.062460804706047,9.631188355275775,2.6430724803261665,6.988115874949608,1
20260808_162715,5.0,EqualXYZ,5.736436157285491,2.419567387858808,3.3168687694266827,3.533796315585199,1.06373201130154,2.470064304283659,6.737537843059276,2.6430724803261665,4.09446536273311,1
20260808_162715,5.0,LOOWeightedXYZ,6.394516240764052,2.419567387858808,3.9749488529052437,4.921025814312437,1.06373201130154,3.857293803010897,8.068849547396741,2.6430724803261665,5.425777067070575,1
20260808_162715,10.0,ihawk1,9.45408492582196,3.333438692574458,6.120646233247502,7.314696714483817,2.834751516786511,4.4799451976973055,11.953430880275937,4.375800461524261,7.577630418751675,1
20260808_162715,10.0,ihawk2,6.490990110210061,3.333438692574458,3.1575514176356028,5.471848416329305,2.834751516786511,2.6370968995427937,8.48964532251674,4.375800461524261,4.1138448609924785,1
20260808_162715,10.0,EqualXYZ,7.2487564576836006,3.333438692574458,3.9153177651091426,6.201701922273589,2.834751516786511,3.366950405487078,9.539684319490958,4.375800461524261,5.163883857966696,1
20260808_162715,10.0,LOOWeightedXYZ,6.557632551861854,3.333438692574458,3.224193859287396,5.695419048158729,2.834751516786511,2.8606675313722176,8.685640035102047,4.375800461524261,4.3098395735777855,1
20260808_162715,15.0,ihawk1,9.583495523501401,3.1414282766868253,6.442067246814576,5.701118908312157,1.442143741496127,4.258975166816031,11.151060185277712,3.456638567843622,7.694421617434091,1
20260808_162715,15.0,ihawk2,5.693653518825825,3.1414282766868253,2.552225242139,3.314354776207824,1.442143741496127,1.8722110347116971,6.5880678483914625,3.456638567843622,3.1314292805478408,1
20260808_162715,15.0,EqualXYZ,6.915454627784885,3.1414282766868253,3.7740263510980596,4.360396875106811,1.442143741496127,2.918253133610684,8.175363821714152,3.456638567843622,4.71872525387053,1
20260808_162715,15.0,LOOWeightedXYZ,5.911340660798173,3.1414282766868253,2.7699123841113473,3.6631304457611864,1.442143741496127,2.2209867042650595,6.95431327096129,3.456638567843622,3.497674703117668,1
20260808_162715,20.0,ihawk1,10.343090497333208,2.5356399984005904,7.807450498932617,6.093080158374388,1.2583656439772264,4.834714514397161,12.004380319383426,2.830716215983363,9.173664103400062,1
20260808_162715,20.0,ihawk2,5.501509540870136,2.5356399984005904,2.9658695424695454,3.721117105532452,1.2583656439772264,2.462751461555226,6.64178588493873,2.830716215983363,3.811069668955367,1
20260808_162715,20.0,EqualXYZ,7.002618308939706,2.5356399984005904,4.466978310539115,4.660138105569362,1.2583656439772264,3.4017724615921354,8.41151296400815,2.830716215983363,5.580796748024786,1
20260808_162715,20.0,LOOWeightedXYZ,5.730181701254125,2.5356399984005904,3.1945417028535346,3.9967697961421154,1.2583656439772264,2.7384041521648887,6.986354638346204,2.830716215983363,4.155638422362841,1
20260808_162715,25.0,ihawk1,9.487663067419764,1.6044398526568073,7.883223214762956,5.541167162454242,0.8170193032962787,4.724147859157963,10.987278280044709,1.8004854297528026,9.186792850291907,1
20260808_162715,25.0,ihawk2,4.648507709235255,1.6044398526568073,3.0440678565784474,2.89858391722521,0.8170193032962787,2.081564613928931,5.478176032952596,1.8004854297528026,3.6776906031997934,1
20260808_162715,25.0,EqualXYZ,6.189779009189046,1.6044398526568073,4.585339156532238,3.9510574034121007,0.8170193032962787,3.1340381001158217,7.343311159664616,1.8004854297528026,5.542825729911813,1
20260808_162715,25.0,LOOWeightedXYZ,4.8865550091362,1.6044398526568073,3.2821151564793922,3.19918132643847,0.8170193032962787,2.3821620231421914,5.840649023588619,1.8004854297528026,4.040163593835817,1
20260808_162715,30.0,ihawk1,10.103408263997904,2.449805393502153,7.653602870495751,5.569829748020535,1.1501586285204375,4.419671119500097,11.536978025937106,2.7063649674041104,8.830613058532997,1
20260808_162715,30.0,ihawk2,5.38969014025932,2.449805393502153,2.9398847467571665,3.210200285578033,1.1501586285204375,2.060041657057596,6.273288267052123,2.7063649674041104,3.5669232996480122,1
20260808_162715,30.0,EqualXYZ,6.9834257995367155,2.449805393502153,4.533620406034562,4.149701867650258,1.1501586285204375,2.99954323912982,8.123315917038747,2.7063649674041104,5.416950949634637,1
20260808_162715,30.0,LOOWeightedXYZ,5.7132442432998545,2.449805393502153,3.2634388497977014,3.4847107491529674,1.1501586285204375,2.33455212063253,6.692112430978813,2.7063649674041104,3.985747463574703,1
20260808_162715,35.0,ihawk1,9.943840436837117,3.128492665670346,6.815347771166771,5.967079189664063,1.59661743169801,4.370461757966053,11.596809763421962,3.5123572686096582,8.084452494812304,1
20260808_162715,35.0,ihawk2,5.885385003905355,3.128492665670346,2.7568923382350086,3.6972554260964996,1.59661743169801,2.1006379943984896,6.950356417479181,3.5123572686096582,3.437999148869523,1
20260808_162715,35.0,EqualXYZ,7.029709785717897,3.128492665670346,3.9012171200475514,4.6600177242978775,1.59661743169801,3.0634002925998676,8.434013567820978,3.5123572686096582,4.921656299211319,1
20260808_162715,35.0,LOOWeightedXYZ,6.017143276735285,3.128492665670346,2.8886506110649393,4.0081077573437,1.59661743169801,2.4114903256456897,7.229864522052912,3.5123572686096582,3.717507253443254,1
20260808_162715,40.0,ihawk1,7.043966200040133,2.5358653235243342,4.508100876515799,4.642025303954749,0.8172150848747712,3.8248102190799775,8.435985938221092,2.6642922951508257,5.771693643070266,1
20260808_162715,40.0,ihawk2,7.399159568747047,2.5358653235243342,4.863294245222713,6.861536815824649,0.8172150848747712,6.044321730949878,10.090998454003353,2.6642922951508257,7.426706158852527,1
20260808_162715,40.0,EqualXYZ,5.059004043421932,2.5358653235243342,2.5231387198975974,3.86798459936265,0.8172150848747712,3.050769514487879,6.368267171865993,2.6642922951508257,3.7039748767151672,1
20260808_162715,40.0,LOOWeightedXYZ,6.105616638326251,2.5358653235243342,3.5697513148019167,5.494099444837049,0.8172150848747712,4.676884359962278,8.213627897827191,2.6642922951508257,5.549335602676365,1
20260808_162715,45.0,ihawk1,7.309155147403348,2.09171650089324,5.217438646510107,4.671293704702903,0.8484115641902604,3.8228821405126423,8.674372244975991,2.257228411650187,6.417143833325804,1
20260808_162715,45.0,ihawk2,4.182631496300936,2.09171650089324,2.090914995407696,2.5071687418586026,0.8484115641902604,1.6587571776683423,4.876505032705437,2.257228411650187,2.6192766210552505,1
20260808_162715,45.0,EqualXYZ,4.900256162051617,2.09171650089324,2.808539661158377,3.4575252697944086,0.8484115641902604,2.6091137056041482,5.99724865625828,2.257228411650187,3.740020244608093,1
20260808_162715,45.0,LOOWeightedXYZ,4.157888572817374,2.09171650089324,2.0661720719241337,2.822028926805265,0.8484115641902604,1.9736173626150046,5.025125336515595,2.257228411650187,2.767896924865408,1
20260808_162715,50.0,ihawk1,9.347274601589412,1.87681270446818,7.470461897121232,6.467164947069694,1.9441074017244042,4.52305754534529,11.366431494982296,2.702217518463822,8.664213976518473,1
20260808_162715,50.0,ihawk2,3.9638019196073335,1.87681270446818,2.0869892151391536,3.6051418486610167,1.9441074017244042,1.6610344469366125,5.358056868571829,2.702217518463822,2.655839350108007,1
20260808_162715,50.0,EqualXYZ,5.7253805543671925,1.87681270446818,3.8485678498990126,4.902347179078949,1.9441074017244042,2.9582397773545446,7.537439243970681,2.702217518463822,4.835221725506859,1
20260808_162715,50.0,LOOWeightedXYZ,4.221654476994859,1.87681270446818,2.344841772526679,4.053562690579462,1.9441074017244042,2.109455288855058,5.852669220927195,2.702217518463822,3.150451702463373,1
