camera_id,calibration_id,image_id,rvec_x_rad,rvec_y_rad,rvec_z_rad,tvec_x_m,tvec_y_m,tvec_z_m,depth_m,tilt_deg,board_center_u_px,board_center_v_px,u_min_px,u_max_px,v_min_px,v_max_px,board_footprint_px2,normalized_center_u,normalized_center_v,minimum_border_margin_px,detected_corner_count,full_board_visible,reprojection_rmse_px,archived_reprojection_rmse_px,detector,image_width_px,image_height_px,image_sha256
camera_overhead_B242,camera_overhead_B242:6500bf7c4c0b785597dbae6bad0ed9ec3f676e39de300a6aa49f52cd7581145d,Color_flat_001.bmp,-1.0994489115947386,-0.03272895768238258,-0.04122798043415349,-0.11448286449724455,0.11207822387640663,0.5725533301434791,0.5725533301434791,63.01660912075352,302.09442138671875,311.6299743652344,225.86068725585938,377.92462158203125,279.7890930175781,351.69940185546875,10934.964480499737,0.47202253341674805,0.7790749073028564,47.30059814453125,48,True,0.1591685695808654,0.15938101948795888,findChessboardCornersSB,640,400,f685e97146cc83b0e5143c6aa3ea1b07827ede75983657b9edb8b954005b4347
camera_overhead_B242,camera_overhead_B242:6500bf7c4c0b785597dbae6bad0ed9ec3f676e39de300a6aa49f52cd7581145d,Color_flat_002.bmp,-1.0999954312118831,-0.029473959339231238,-0.03361477737927037,-0.0034760221767896108,0.11046998917442646,0.576765940906372,0.576765940906372,63.04433819760949,387.1681823730469,309.9661560058594,318.2858581542969,471.45904541015625,278.91259765625,348.89349365234375,10719.196886742488,0.6049503087997437,0.7749153971672058,50.10650634765625,48,True,0.1572520073052083,0.15583053551506537,findChessboardCornersSB,640,400,38ee5d709c056f943d3f100b92091f563d2926bee70296690862afb389ba284e
camera_overhead_B242,camera_overhead_B242:6500bf7c4c0b785597dbae6bad0ed9ec3f676e39de300a6aa49f52cd7581145d,Color_flat_003.bmp,-1.1001828797293594,0.002408482166460175,0.014402434361832528,0.11730429620284674,0.1028091345862269,0.5947498947073777,0.5947498947073777,63.03536678552079,473.53887939453125,303.1228942871094,400.1980285644531,563.730712890625,273.3410949707031,338.9607849121094,10730.964040769264,0.739904522895813,0.7578072547912598,60.039215087890625,48,True,0.18410487416919866,0.18529893471663292,findChessboardCornersSB,640,400,47050770f57e4a36f79bc8e6ece7cc0adc85f779a02f8e61ba3e6d47c1e41c89
camera_overhead_B242,camera_overhead_B242:6500bf7c4c0b785597dbae6bad0ed9ec3f676e39de300a6aa49f52cd7581145d,Color_flat_004.bmp,-1.1009816173438287,-0.0017180297027022502,0.007441854054176527,0.10586705949208061,0.1275819658700698,0.5450118805729469,0.5450118805729469,63.081511121540615,479.87432861328125,333.221923828125,399.1185607910156,580.8289794921875,298.096435546875,376.25616455078125,14202.437082869932,0.7498036623001099,0.833054780960083,22.74383544921875,48,True,0.17544885888726822,0.17573187982465535,findChessboardCornersSB,640,400,791a0606b9a8ee81e9e43574bbf5eba5603fc4f3388d8a96239a60a3b75ac971
camera_overhead_B242,camera_overhead_B242:6500bf7c4c0b785597dbae6bad0ed9ec3f676e39de300a6aa49f52cd7581145d,Color_flat_005.bmp,-1.100646268317885,-0.008808798268455674,-0.0032803637616424662,0.05159008949521161,0.12756099764265008,0.5439634969959876,0.5439634969959876,63.064373358523994,435.7425842285156,332.8643798828125,358.961181640625,531.8341674804688,298.1689147949219,375.8585205078125,13430.434108307585,0.6808477640151978,0.8321609497070312,23.1414794921875,48,True,0.16636238628176192,0.16650683157132573,findChessboardCornersSB,640,400,9cacdee0d65660f0a1c5f14b1ab12de794d35286134f0881f58fec92318c51fa
camera_overhead_B242,camera_overhead_B242:6500bf7c4c0b785597dbae6bad0ed9ec3f676e39de300a6aa49f52cd7581145d,Color_flat_006.bmp,-1.100892211066964,0.0001547948546805965,0.013982737798438637,-0.03230291810742611,0.12212759637983693,0.5530327049738997,0.5530327049738997,63.07589317977654,364.8740234375,327.0730895996094,289.87017822265625,450.184814453125,292.79595947265625,369.74139404296875,12335.479352734983,0.5701156854629517,0.8176827430725098,29.25860595703125,48,True,0.14917303526657863,0.1494596760755259,findChessboardCornersSB,640,400,267810c920874509c4fce5bd63a552f089527efe329dc37b3fc3d2fc2b539c06
camera_overhead_B242,camera_overhead_B242:6500bf7c4c0b785597dbae6bad0ed9ec3f676e39de300a6aa49f52cd7581145d,Color_flat_007.bmp,-1.0975581829381222,0.10531141988660285,0.18702373357510338,-0.05135752660558583,0.10674598950231581,0.5828775263122653,0.5828775263122653,63.06950779127204,337.693603515625,316.5715637207031,255.3121795654297,408.29248046875,277.71484375,367.6029052734375,13751.102699471638,0.5276462435722351,0.7914289236068726,31.3970947265625,48,True,0.1439963198545732,0.14421837035859666,findChessboardCornersSB,640,400,be4aded074d796fd7e649faee46429f6cf5ae477c157466bac0c4f1ce33c087c
camera_overhead_B242,camera_overhead_B242:6500bf7c4c0b785597dbae6bad0ed9ec3f676e39de300a6aa49f52cd7581145d,Color_flat_008.bmp,-0.7917439982601541,-0.9496119355243928,-1.5359984567063316,-0.22182441307231476,0.1634901112832701,0.4701493017319787,0.4701493017319787,63.04036101772195,193.991943359375,291.1430969238281,130.34507751464844,240.56295776367188,251.91848754882812,344.4910888671875,10203.155886447523,0.3031124174594879,0.727857768535614,54.5089111328125,48,True,0.14552582860534832,0.14667163323894214,findChessboardCornersSB,640,400,90a1dae84b9569bd15e1f19da47cbb0678021e1760759d27212a95839b11d279
camera_overhead_B242,camera_overhead_B242:6500bf7c4c0b785597dbae6bad0ed9ec3f676e39de300a6aa49f52cd7581145d,Color_flat_009.bmp,-1.1024409257966998,0.06087169506042719,0.11033157116381255,-0.24753744671600458,0.10936634001725196,0.5749275660027481,0.5749275660027481,63.2248861792543,187.7598114013672,316.7331848144531,91.3432846069336,267.05755615234375,280.64898681640625,363.1228332519531,14491.831847970141,0.2933747172355652,0.7918329834938049,35.877166748046875,48,True,0.27866070284117567,0.2801241460469689,findChessboardCornersSB,640,400,c7199903bab707387b633af715432143c28cf4acb044d58722735b0eb8a329ff
camera_overhead_B242,camera_overhead_B242:6500bf7c4c0b785597dbae6bad0ed9ec3f676e39de300a6aa49f52cd7581145d,Color_flat_010.bmp,-1.086779975323756,0.21511442654663726,0.36420353650758297,-0.21057305991368636,0.09209617941249608,0.6112556238377984,0.6112556238377984,63.07710024830558,202.96847534179688,306.2032775878906,114.8180923461914,284.2984924316406,264.7278137207031,362.70404052734375,16605.050118052168,0.3171382546424866,0.7655081748962402,36.29595947265625,48,True,0.14516862070970304,0.14560960243134471,findChessboardCornersSB,640,400,a68775d76fe422ef615da1f581432155e396d5c01fbef9f86cbb229548412336
camera_overhead_B242,camera_overhead_B242:6500bf7c4c0b785597dbae6bad0ed9ec3f676e39de300a6aa49f52cd7581145d,Color_flat_011.bmp,-0.5298186051081921,-1.2536833697905,-2.0392491047264647,-0.10944747193719698,0.17620868825475253,0.44689125113898404,0.44689125113898404,62.99168355148382,228.06121826171875,299.2545471191406,154.80865478515625,306.0628662109375,254.1582489013672,363.3677978515625,16518.40420662705,0.35634565353393555,0.7481363415718079,35.6322021484375,48,True,0.1413807914494722,0.14089196745778773,findChessboardCornersSB,640,400,4c0d025485a568b52a188627f7a6db73aa3512917f5a57c60ec1c35aa5e059e1
camera_overhead_B242,camera_overhead_B242:6500bf7c4c0b785597dbae6bad0ed9ec3f676e39de300a6aa49f52cd7581145d,Color_flat_012.bmp,-0.31725693321775744,1.4462511552190955,2.357349729645086,0.23191331838912238,0.1458151584109955,0.5094107888758364,0.5094107888758364,63.12019863786879,417.24932861328125,307.9412536621094,336.20111083984375,504.420166015625,266.239013671875,365.28460693359375,16661.356117811054,0.6519520878791809,0.7698531150817871,33.71539306640625,48,True,0.16130943642540618,0.16198718970035247,findChessboardCornersSB,640,400,2a72ef99f92c2951adf28b35856006922320b3b459c7b9c9fe463424ee32436b
camera_overhead_B242,camera_overhead_B242:6500bf7c4c0b785597dbae6bad0ed9ec3f676e39de300a6aa49f52cd7581145d,Color_flat_013.bmp,-1.081617749199845,-0.25016558407877776,-0.3962098554984146,0.012712536931696926,0.10699491932866548,0.5836946742404286,0.5836946742404286,63.13501746108273,404.93505859375,286.5567626953125,329.4798583984375,485.2165222167969,249.83494567871094,336.2454528808594,13457.284110514913,0.6327110528945923,0.716391921043396,62.754547119140625,48,True,0.1615620142387563,0.16144871234429042,findChessboardCornersSB,640,400,e54e05488012a4d14f6c331c96ba3139fbd12797a89da3d2bb2ce7bb7aa524d7
camera_overhead_B242,camera_overhead_B242:6500bf7c4c0b785597dbae6bad0ed9ec3f676e39de300a6aa49f52cd7581145d,Color_flat_014.bmp,-1.0056226558064405,-0.548055199462171,-0.8850958688318608,0.07685889185498522,0.1489105349206116,0.5016889392734499,0.5016889392734499,63.193869646747544,453.6709289550781,303.00335693359375,382.4086608886719,516.115478515625,257.0611267089844,368.7822265625,14937.872723196633,0.7088608145713806,0.757508397102356,30.2177734375,48,True,0.18548937877121327,0.1850227079598975,findChessboardCornersSB,640,400,0cc7917c5ecc377e9b5097f5d095ca6c5320e50198561c275c231f43d146eef2
camera_overhead_B242,camera_overhead_B242:6500bf7c4c0b785597dbae6bad0ed9ec3f676e39de300a6aa49f52cd7581145d,Color_flat_015.bmp,-0.9427166638535392,-0.6959079931520785,-1.131134010828945,0.17063253874824746,0.1650843073825084,0.47242972596314176,0.47242972596314176,63.09947959565211,515.5250244140625,307.3780212402344,465.0993347167969,586.1946411132812,262.20965576171875,370.6371765136719,13130.063847268932,0.8055078387260437,0.7684450745582581,28.362823486328125,48,True,0.168028958844325,0.16811823846380472,findChessboardCornersSB,640,400,56d7cc562a751db992d112ffc399078dcf280c31b1739e41494f76d227be388b
camera_overhead_B242,camera_overhead_B242:6500bf7c4c0b785597dbae6bad0ed9ec3f676e39de300a6aa49f52cd7581145d,Color_flat_016.bmp,-0.8598112815503051,-0.8475805761874674,-1.3810112563586356,0.17949036654430653,0.18144025302987857,0.44102082843474666,0.44102082843474666,63.00328985151637,510.1699523925781,314.9075012207031,443.7959899902344,599.1393432617188,272.8582458496094,371.2110290527344,15278.451146356761,0.7971405386924744,0.7872687578201294,27.788970947265625,48,True,0.1926115880614986,0.2023247857209691,findChessboardCornersSB,640,400,6ce3132811badbca529b2ecc77678cdf426ca2c40f5d5f815608b55ed7187e48
camera_overhead_B242,camera_overhead_B242:6500bf7c4c0b785597dbae6bad0ed9ec3f676e39de300a6aa49f52cd7581145d,Color_flat_017.bmp,-0.8634432621402549,-0.8415489970696114,-1.367675087619725,0.10810290335335214,0.16764179828909093,0.46589841798015574,0.46589841798015574,63.034475058184086,449.5189208984375,300.12127685546875,394.21124267578125,523.7421875,261.2906799316406,351.8306579589844,11727.728898245841,0.7023733258247375,0.7503032088279724,47.169342041015625,48,True,0.171161776262645,0.17087079505797503,findChessboardCornersSB,640,400,b851d3ebcdfe20489401df12d8ba94ebfc22cc715a15b60d1b41c81e20387591
camera_overhead_B242,camera_overhead_B242:6500bf7c4c0b785597dbae6bad0ed9ec3f676e39de300a6aa49f52cd7581145d,Color_flat_018.bmp,-0.5387103986194445,1.2573863050683438,2.05331325670232,0.18750350942092886,0.11351016994437359,0.5728190322055844,0.5728190322055844,63.096538560060964,379.96435546875,292.5012512207031,302.6431884765625,452.879638671875,249.935302734375,352.8726501464844,15464.94166771695,0.5936943292617798,0.7312531471252441,46.127349853515625,48,True,0.1646685656573509,0.16318041526123325,findChessboardCornersSB,640,400,e40e87f270c9c0efe985fdf46a9050519c8a85ec61d5cc2eb506ce5d49ae4a4e
camera_overhead_B242,camera_overhead_B242:6500bf7c4c0b785597dbae6bad0ed9ec3f676e39de300a6aa49f52cd7581145d,Color_flat_019.bmp,-0.8569169044250324,-0.8520192689480532,-1.3817535004550237,0.055753172462371915,0.1639108342366884,0.4726971401483258,0.4726971401483258,63.05092726219246,408.168701171875,295.6933288574219,357.9674987792969,475.2755126953125,258.2235412597656,345.353271484375,10221.015605687164,0.6377636194229126,0.7392333149909973,53.646728515625,48,True,0.15405845725920522,0.15162051137733482,findChessboardCornersSB,640,400,9fdc34f4f9c29debdd5dd3e9edb661c512d732bdead8d8269fe78f3aea3aac8b
camera_overhead_B242,camera_overhead_B242:6500bf7c4c0b785597dbae6bad0ed9ec3f676e39de300a6aa49f52cd7581145d,Color_flat_020.bmp,-1.1032554538523187,-0.03904500153849214,-0.054657570690272,-0.22282962502634182,0.11925157513365725,0.5574414049539694,0.5574414049539694,63.242488050564475,215.9817657470703,319.6890563964844,126.32854461669922,286.3541259765625,285.71319580078125,362.7448425292969,12327.034050838323,0.33747151494026184,0.7992226481437683,36.255157470703125,48,True,0.1479870954401179,0.14930424986928806,findChessboardCornersSB,640,400,70cbaa2bf2eccc8072a4c11306fe6ee37c5bc9b264c228fdcffe13254ea08d89
camera_overhead_B242,camera_overhead_B242:6500bf7c4c0b785597dbae6bad0ed9ec3f676e39de300a6aa49f52cd7581145d,Color_flat_021.bmp,-0.631492524884625,-1.150238232334553,-1.8687628177148399,-0.15471433044103453,0.1793363708144507,0.44069361371881705,0.44069361371881705,63.00835348559474,209.5312042236328,302.42626953125,146.73306274414062,281.58807373046875,256.1235656738281,368.5379638671875,15159.644903386943,0.3273925185203552,0.7560656666755676,30.4620361328125,48,True,0.17123275429213064,0.17063999252509507,findChessboardCornersSB,640,400,5bc82c1e060d34ca960eff18d0c86c89776566172adab579e45cec2c15048205
camera_overhead_B242,camera_overhead_B242:6500bf7c4c0b785597dbae6bad0ed9ec3f676e39de300a6aa49f52cd7581145d,Color_flat_022.bmp,-1.0992988683387077,-0.0073454800171498524,0.0008241973270186605,-0.14124974579767477,0.11141040770695723,0.5731642889683439,0.5731642889683439,62.98658963863195,278.96240234375,313.26165771484375,197.51026916503906,350.5450134277344,282.5161437988281,351.5235900878906,10560.536895068362,0.4358787536621094,0.7831541299819946,47.476409912109375,48,True,0.13834676027822726,0.141251921609028,findChessboardCornersSB,640,400,fcd0369766374d2e1530f8128d5fb8230552138b6904a3a387f627b53c914004
camera_overhead_B242,camera_overhead_B242:6500bf7c4c0b785597dbae6bad0ed9ec3f676e39de300a6aa49f52cd7581145d,Color_tilt_001.bmp,0.5153569783636832,0.4647133317564109,0.1006422506308376,0.12219556013377375,-0.09020941717008668,0.5033748198324468,0.5033748198324468,39.74214753011623,483.57366943359375,189.69537353515625,409.4833984375,579.6253662109375,131.78067016601562,248.327392578125,19829.48868874088,0.7555838823318481,0.47423842549324036,59.3746337890625,48,True,0.24476009462500234,0.24094540733938397,findChessboardCornersSB,640,400,9e9e34288c72008c07a8bbc7dfbcaa822b67276f2b9600199e7eb6864c3cb4a1
camera_overhead_B242,camera_overhead_B242:6500bf7c4c0b785597dbae6bad0ed9ec3f676e39de300a6aa49f52cd7581145d,Color_tilt_002.bmp,0.5136570747557698,0.46482876806893453,0.10093017715347359,0.12226341814587653,-0.09030619883456589,0.5035260588575756,0.5035260588575756,39.67423849512731,483.5752868652344,189.65538024902344,409.5129089355469,579.634521484375,131.3916473388672,248.27479553222656,19884.349650437944,0.7555863857269287,0.47413843870162964,59.365478515625,48,True,0.24455424337965204,0.2417208575185816,findChessboardCornersSB,640,400,76a76dd3a741b33f44faf1c97722422e9e6ef87fb634ce5e7e2c886cb6674260
camera_overhead_B242,camera_overhead_B242:6500bf7c4c0b785597dbae6bad0ed9ec3f676e39de300a6aa49f52cd7581145d,Color_tilt_004.bmp,0.8475714241784844,0.48611972510719476,0.015956269825987145,0.09386805806850587,-0.05198335673147632,0.46205788534854886,0.46205788534854886,55.98203201481037,477.02398681640625,210.61758422851562,402.5708923339844,578.31494140625,158.8303680419922,260.4372863769531,17856.81124194106,0.7453500032424927,0.5265439748764038,60.68505859375,48,True,0.2974411072689359,0.29612608609739055,findChessboardCornersSB,640,400,6403ccf748e28009e17e8ff30d4d27794c1a9716d5be9cc7ff5042d965949eda
camera_overhead_B242,camera_overhead_B242:6500bf7c4c0b785597dbae6bad0ed9ec3f676e39de300a6aa49f52cd7581145d,Color_tilt_005.bmp,0.3224581346071004,0.5707034426514663,0.18177452464097707,0.12151598580466069,-0.07558262723893515,0.4750264058978968,0.4750264058978968,37.50344220993029,488.8884582519531,208.78004455566406,407.18707275390625,597.6092529296875,139.890869140625,284.6058349609375,27556.939295567572,0.7638882398605347,0.5219501256942749,41.3907470703125,48,True,0.11890964711392656,0.11945076348819018,findChessboardCornersSB,640,400,560edc125b0e80877f46ad82f5896aa934dfcc23bf9333c9105c77c54ce47282
camera_overhead_B242,camera_overhead_B242:6500bf7c4c0b785597dbae6bad0ed9ec3f676e39de300a6aa49f52cd7581145d,Color_tilt_006.bmp,-0.02389093293880132,0.4667163586089288,0.24712022945955017,0.143867303313622,-0.07714072706105535,0.5203460445243833,0.5203460445243833,26.70629491967513,491.2723693847656,207.13507080078125,407.9501953125,589.620361328125,144.49391174316406,280.4247741699219,24694.582343716174,0.7676130533218384,0.5178377032279968,49.379638671875,48,True,0.11888164268766159,0.11741989061096321,findChessboardCornersSB,640,400,9e0b8979ed9a82ecbb1fae81f82ef4e54c6b908d13000a79080ed7daf6417d70
camera_overhead_B242,camera_overhead_B242:6500bf7c4c0b785597dbae6bad0ed9ec3f676e39de300a6aa49f52cd7581145d,Color_tilt_007.bmp,-0.7454370326886378,-0.03142239357488238,-2.77032597541974,0.2147226625063835,0.1208864992142846,0.3732391065535274,0.3732391065535274,29.860272956400426,475.4010925292969,241.6317138671875,381.3847961425781,592.8213500976562,165.08470153808594,334.6035461425781,35842.48033362022,0.7428141832351685,0.6040793061256409,46.17864990234375,48,True,0.1224672940689896,0.12184788084304485,findChessboardCornersSB,640,400,333eadc46f514d34e8a113483505ed46d0ac2a17fc07bc7f17649e03a57bfc22
camera_overhead_B242,camera_overhead_B242:6500bf7c4c0b785597dbae6bad0ed9ec3f676e39de300a6aa49f52cd7581145d,Color_tilt_008.bmp,-0.02003944872173575,0.3685230933751539,0.1950984088341835,0.06881486723855354,-0.04618352026713874,0.45777656092033076,0.45777656092033076,21.112029353780635,449.7027587890625,233.74974060058594,359.65252685546875,554.4175415039062,163.51840209960938,314.91552734375,29486.863315906376,0.7026605606079102,0.5843743681907654,84.08447265625,48,True,0.10547139736042198,0.10386343321196767,findChessboardCornersSB,640,400,76bff3d96bc0132b6cb5d764891e01742b1641c2f5dc7294d6eba2c48a280a8e
camera_overhead_B242,camera_overhead_B242:6500bf7c4c0b785597dbae6bad0ed9ec3f676e39de300a6aa49f52cd7581145d,Color_tilt_009.bmp,0.33444919928481087,0.3935123125102245,0.12583838078802748,0.04250919887441985,-0.03636472782450812,0.3959668041383741,0.3959668041383741,29.56966360886616,445.08416748046875,244.1627960205078,353.2104187011719,565.8864135742188,167.10716247558594,325.10565185546875,33602.48591730511,0.6954439878463745,0.6104069948196411,73.11358642578125,48,True,0.1428621068089201,0.14253274639643013,findChessboardCornersSB,640,400,a578ba2c8d9fa0e1b07079f6d94d0e7ecd9ceac4ae56203caa426f678df7f747
camera_overhead_B242,camera_overhead_B242:6500bf7c4c0b785597dbae6bad0ed9ec3f676e39de300a6aa49f52cd7581145d,Color_tilt_010.bmp,-1.040259794620959,-0.265746748738098,2.6579932273212075,0.06383149209244664,0.07590798574204498,0.46098408759176446,0.46098408759176446,43.55506192612994,310.93939208984375,250.36639404296875,215.35630798339844,376.37420654296875,164.35557556152344,355.9949951171875,30857.37661802885,0.4858427941799164,0.6259160041809082,43.0050048828125,48,True,0.20613465747204654,0.20681032052769358,findChessboardCornersSB,640,400,13e1c7f84fcb96e13ce5d409a3149734414f8fd93ca016419c65de54af3c8631
camera_overhead_B242,camera_overhead_B242:6500bf7c4c0b785597dbae6bad0ed9ec3f676e39de300a6aa49f52cd7581145d,Color_tilt_011.bmp,-0.4357839758851473,0.016018450625542392,0.02599672837649317,-0.1950626262759578,-0.002971982228744516,0.4004031614532656,0.4004031614532656,24.98472764210298,202.12371826171875,264.3475341796875,90.05977630615234,300.1609191894531,200.8477325439453,337.9454345703125,28804.383882413968,0.31581830978393555,0.6608688235282898,61.0545654296875,48,True,0.18704047014277875,0.18724466859882555,findChessboardCornersSB,640,400,c16c1fa5ca1153c2ef2435faa50c86b4ec308f5e0bd1b49a78ff7795d4a79984
camera_overhead_B242,camera_overhead_B242:6500bf7c4c0b785597dbae6bad0ed9ec3f676e39de300a6aa49f52cd7581145d,Color_tilt_012.bmp,-0.056796256437079765,-0.36324355771396294,-3.0874742442379133,-0.02308213559286136,0.12509227647547616,0.3243860163240587,0.3243860163240587,13.579849912619101,193.16204833984375,277.0674743652344,79.86228942871094,299.3493957519531,202.4361572265625,359.7701721191406,34532.787654989865,0.3018156886100769,0.6926686763763428,39.229827880859375,48,True,0.16795730695871994,0.1687985262152212,findChessboardCornersSB,640,400,efae3ffdc7c3ab2dd6e728cf48322488ab1f6547395eaf02b00a2c86ccbc3084
camera_overhead_B242,camera_overhead_B242:6500bf7c4c0b785597dbae6bad0ed9ec3f676e39de300a6aa49f52cd7581145d,Color_tilt_013.bmp,-0.8035496364923143,0.011748233767618098,0.03469147429051149,-0.1903953977655578,0.013996282091109615,0.47327464215549525,0.47327464215549525,46.042454760676264,221.17347717285156,260.58343505859375,115.39859008789062,307.2080078125,215.4352264404297,315.95867919921875,19281.344941330608,0.34558355808258057,0.6514585614204407,83.04132080078125,48,True,0.21234010337664552,0.21469113391260586,findChessboardCornersSB,640,400,4bc2e449bb40fd9d66a489158c5c1166da4a163367083fafc8f2159aaa41b5d8
camera_overhead_B242,camera_overhead_B242:6500bf7c4c0b785597dbae6bad0ed9ec3f676e39de300a6aa49f52cd7581145d,Color_tilt_014.bmp,-0.3543106860229876,0.05794107879119562,0.05219883254235894,-0.18914686145453502,-0.010278216748602987,0.3974208488000758,0.3974208488000758,20.567795090365117,205.4423065185547,260.6178283691406,96.4588394165039,305.200927734375,193.27206420898438,338.1487121582031,30241.85404141294,0.32100361585617065,0.6515445709228516,60.851287841796875,48,True,0.16182444379818348,0.16252308071804947,findChessboardCornersSB,640,400,349034226939cbd0e94f29f69c20dbde81b5abf9555b3bd57f46fd92b3fc4894
camera_overhead_B242,camera_overhead_B242:6500bf7c4c0b785597dbae6bad0ed9ec3f676e39de300a6aa49f52cd7581145d,Color_tilt_015.bmp,-0.45438968577470246,-0.05629997708697298,-0.04447011925354657,-0.24220788009058544,-0.004462487466376973,0.4085012508578282,0.4085012508578282,26.23148138727122,162.6607208251953,255.21920776367188,52.31590270996094,255.61016845703125,194.4173126220703,326.58984375,26869.91766758426,0.2541573643684387,0.638047993183136,52.31590270996094,48,True,0.20614989831014985,0.20451993817725478,findChessboardCornersSB,640,400,888b28526c756a7885bde1bf2cb0dea5852d86c59cb75e17f7317cc168f52fb8
camera_overhead_B242,camera_overhead_B242:6500bf7c4c0b785597dbae6bad0ed9ec3f676e39de300a6aa49f52cd7581145d,Color_tilt_016.bmp,0.4346845536557953,-0.04183824120142721,-1.8904905661490081,-0.375961151777667,-0.03359432242496227,0.6893515935576119,0.6893515935576119,21.400718435275223,115.75167846679688,123.21212005615234,52.09669876098633,172.9662322998047,60.1217041015625,184.4032745361328,15021.855445898313,0.18086199462413788,0.30803030729293823,52.09669876098633,48,True,0.13662636760648003,0.13757763561961073,findChessboardCornersSB,640,400,274ced82da9e126a7208e2688d75edecb22bd2e4a3beedc44714cb324bd4e300
camera_overhead_B242,camera_overhead_B242:6500bf7c4c0b785597dbae6bad0ed9ec3f676e39de300a6aa49f52cd7581145d,Color_tilt_017.bmp,0.3010348609228142,0.004078345517938585,-1.6872747728171666,-0.31852803358199966,-0.038110473203499466,0.6341758871884164,0.6341758871884164,15.259547222603572,148.88461303710938,118.98589324951172,93.62731170654297,199.72042846679688,56.730281829833984,179.87864685058594,13065.193868981005,0.23263220489025116,0.2974647283554077,56.730281829833984,48,True,0.09927005266743827,0.09926169622420333,findChessboardCornersSB,640,400,e7746a1feb4e21366b480ab2ab5f3b91521bd1e34a1d6abc36935e441e529323
camera_overhead_B242,camera_overhead_B242:6500bf7c4c0b785597dbae6bad0ed9ec3f676e39de300a6aa49f52cd7581145d,Color_tilt_018.bmp,-0.45687291473690295,-0.3227836803597392,-1.7965746298248484,-0.33536934113857625,-0.04909136055126193,0.5862064908124616,0.5862064908124616,27.799407157227694,130.30149841308594,113.39629364013672,89.6141128540039,172.16429138183594,62.9725227355957,170.20509338378906,8852.067851006723,0.2035960853099823,0.28349074721336365,62.9725227355957,48,True,0.1770358958024577,0.17890639117705925,findChessboardCornersSB,640,400,65d58c6d0acaf5d647060b103876dc3efdc8e6a9acfeb3c846416809900d04d9
camera_overhead_B242,camera_overhead_B242:6500bf7c4c0b785597dbae6bad0ed9ec3f676e39de300a6aa49f52cd7581145d,Color_tilt_019.bmp,-0.11209122210113721,0.13866657219576167,0.08760346161672655,0.15726456631094757,-0.07391643849013221,0.4947496548282112,0.4947496548282112,10.212877185630775,522.2379760742188,199.7586669921875,442.48651123046875,603.5054321289062,143.67723083496094,260.15472412109375,18755.080277888104,0.8159968256950378,0.4993966817855835,35.49456787109375,48,True,0.1309765642140409,0.13134422439573024,findChessboardCornersSB,640,400,554177f27dc6a24be21061bce676ca6b38c9d2a19a67f7971b2d9b63910662bf
camera_overhead_B242,camera_overhead_B242:6500bf7c4c0b785597dbae6bad0ed9ec3f676e39de300a6aa49f52cd7581145d,Color_tilt_020.bmp,0.20288299532303827,0.4244215889116158,0.1707298564977155,0.10422923403106694,-0.06387440555354194,0.47064027609733605,0.47064027609733605,26.919630980501683,477.35723876953125,217.07089233398438,392.36273193359375,582.4773559570312,149.40097045898438,291.0201110839844,26923.8696744442,0.7458707094192505,0.5426772236824036,56.52264404296875,48,True,0.12603775519714486,0.12529558757325596,findChessboardCornersSB,640,400,e8591a35500148f6d833ea001fccdd1fb37df1d7a505f6b366bb932d11c0a8d6
camera_overhead_B242,camera_overhead_B242:6500bf7c4c0b785597dbae6bad0ed9ec3f676e39de300a6aa49f52cd7581145d,Color_tilt_021.bmp,-0.5620242518204305,0.3459632640305033,0.3429110379181781,0.17676296574382078,-0.08486949257207294,0.5998430122081788,0.5998430122081788,37.62019013932528,493.1126403808594,191.96597290039062,414.1733093261719,573.87158203125,146.43946838378906,248.79656982421875,16346.252299135085,0.7704885005950928,0.47991493344306946,65.12841796875,48,True,0.20804727984464566,0.20843966969071412,findChessboardCornersSB,640,400,c339a03bf4d76641f50a9339ad84112646e636ae30f364150d75315a1f7e85ff
camera_side_B479,camera_side_B479:fcd6ef4ef2d6eb06f593164fdaeda9056d2a03a6aa363ff2403d6649a13b84be,Color_flat_001.bmp,-0.9879064151125171,-0.6294231492970087,-0.9906265841405243,-0.1214105111916102,0.11252188036459135,0.5929782322602728,0.5929782322602728,64.00048218315526,300.6160583496094,257.83282470703125,234.9304962158203,357.0213317871094,224.97906494140625,302.210205078125,9429.214431415312,0.46971258521080017,0.6445820331573486,96.789794921875,48,True,0.15314985224390368,0.15809926992214032,findChessboardCornersSB,640,400,0f2d8a2dd5b16aa15ac165545daeb62f845e1728ed2cbf89a938735b16958d09
camera_side_B479,camera_side_B479:fcd6ef4ef2d6eb06f593164fdaeda9056d2a03a6aa363ff2403d6649a13b84be,Color_flat_002.bmp,-0.901565063499517,-0.8060574570754637,-1.2737595674297666,-0.18513569021233958,0.15568136752081185,0.5013708463296148,0.5013708463296148,63.99677681778745,238.69766235351562,286.423095703125,168.43751525878906,293.2214660644531,249.58377075195312,335.9971008300781,10782.99672942236,0.37296509742736816,0.7160577178001404,63.002899169921875,48,True,0.1538513240451509,0.15487452312862512,findChessboardCornersSB,640,400,1fcfe4afa16ba573f063447fcc130aa96a27cd641ad5fff07e514145928be0ad
camera_side_B479,camera_side_B479:fcd6ef4ef2d6eb06f593164fdaeda9056d2a03a6aa363ff2403d6649a13b84be,Color_flat_003.bmp,-0.6931470996112495,-1.1088144498451566,-1.7591607239074685,-0.22660602566107796,0.1822353808259173,0.44623442401492913,0.44623442401492913,64.08811613890963,163.04574584960938,302.1250915527344,110.94840240478516,224.9528045654297,257.7020568847656,365.3233947753906,12269.306285949424,0.2547589838504791,0.7553127408027649,33.676605224609375,48,True,0.14108307233583847,0.1404930595159183,findChessboardCornersSB,640,400,c7a50b7e3e67544b3e78d912274f3511814ec26d82f20bfd9ecdfeca2dd91c40
camera_side_B479,camera_side_B479:fcd6ef4ef2d6eb06f593164fdaeda9056d2a03a6aa363ff2403d6649a13b84be,Color_flat_004.bmp,-0.6690286056374816,-1.1378646284384029,-1.8047668178442167,-0.16911683271072314,0.16302621337744688,0.4869048884377849,0.4869048884377849,64.12501818548293,210.0062255859375,281.35089111328125,154.78089904785156,273.6073913574219,242.0853271484375,335.63958740234375,11116.72458658833,0.3281347155570984,0.7033772468566895,63.36041259765625,48,True,0.14954994082764816,0.14972802753363706,findChessboardCornersSB,640,400,79909264e327fdb3eae604a2ecc57ee92a37865c77c9c3dd11cca01a19912131
camera_side_B479,camera_side_B479:fcd6ef4ef2d6eb06f593164fdaeda9056d2a03a6aa363ff2403d6649a13b84be,Color_flat_005.bmp,-0.6598168666092776,-1.146300593764689,-1.8247034042928558,-0.1254347537291402,0.15293683566461327,0.510051561131982,0.510051561131982,64.00951628624789,241.78573608398438,271.2809753417969,185.46328735351562,305.8260192871094,234.69534301757812,321.5523376464844,10454.345161076635,0.3777902126312256,0.6782024502754211,77.44766235351562,48,True,0.1610336468477705,0.16116584670404943,findChessboardCornersSB,640,400,c832bac5f6768f7bb1699bc0eb3521be203b6ecbe4cecdb3edf42e537052265a
camera_side_B479,camera_side_B479:fcd6ef4ef2d6eb06f593164fdaeda9056d2a03a6aa363ff2403d6649a13b84be,Color_flat_006.bmp,-0.6630568178175088,-1.1429867130025098,-1.816374908252934,-0.0876026285265202,0.1463078137968528,0.5239919287525188,0.5239919287525188,64.05188596027746,268.7403259277344,265.4517517089844,212.61972045898438,332.7419738769531,230.4016571044922,313.259033203125,9953.014729267918,0.41990676522254944,0.6636293530464172,85.740966796875,48,True,0.14883173837234884,0.1509012804447406,findChessboardCornersSB,640,400,346f210def7cc07c448d602de03d161e4937949782914a6819ab430a5bcc6f4a
camera_side_B479,camera_side_B479:fcd6ef4ef2d6eb06f593164fdaeda9056d2a03a6aa363ff2403d6649a13b84be,Color_flat_007.bmp,-0.7896853989155038,-0.9831344404946337,-1.5542957332055827,-0.06346079050406447,0.1299124836705133,0.5586892717450376,0.5586892717450376,64.06647736070866,305.5404357910156,255.13612365722656,262.38311767578125,358.5435791015625,225.23353576660156,294.4521789550781,6656.096668270417,0.47740691900253296,0.6378403306007385,104.54782104492188,48,True,0.1281441600841353,0.12756879877550495,findChessboardCornersSB,640,400,0a4927548cd68573f40fbcc7d2a2ee640a0576e3676115ec6bf0a803805fe783
camera_side_B479,camera_side_B479:fcd6ef4ef2d6eb06f593164fdaeda9056d2a03a6aa363ff2403d6649a13b84be,Color_flat_008.bmp,-0.884752356709613,-0.8375594577083013,-1.3211437300649038,-0.046456996600362406,0.11003553909678744,0.5993269767975846,0.5993269767975846,64.06890017560276,330.8674011230469,245.21788024902344,286.3418273925781,370.6995544433594,218.64076232910156,279.0328063964844,5094.535569475032,0.5169802904129028,0.6130446791648865,119.96719360351562,48,True,0.1531531109608948,0.15293775198611323,findChessboardCornersSB,640,400,d264a6bca1938b9a4cd47c85b7c05c8a55a2bad9ed0a7f88b006b6e4394e7136
camera_side_B479,camera_side_B479:fcd6ef4ef2d6eb06f593164fdaeda9056d2a03a6aa363ff2403d6649a13b84be,Color_flat_009.bmp,-0.6242897753668276,-1.186727919920738,-1.8814849016373427,0.041456925669194275,0.16836538297188416,0.4800349536713333,0.4800349536713333,64.14289148226747,349.1686706542969,285.4705505371094,281.1619567871094,425.4711608886719,245.07858276367188,341.8898620605469,13970.758663386106,0.5455760359764099,0.713676393032074,57.110137939453125,48,True,0.13935957732837673,0.13945793950294336,findChessboardCornersSB,640,400,81f3e93f998b27b722e6a3c9af32b32535af8199f97474a39c834a87ab6f2bbe
camera_side_B479,camera_side_B479:fcd6ef4ef2d6eb06f593164fdaeda9056d2a03a6aa363ff2403d6649a13b84be,Color_flat_010.bmp,-1.12043430578051,-0.01595511029616542,-0.007465309458417622,-0.03541513092233896,0.13296440199843573,0.5517755592188823,0.5517755592188823,64.20249495609482,360.37481689453125,330.464599609375,286.51092529296875,445.76544189453125,297.3947448730469,372.41259765625,11946.931881476194,0.563085675239563,0.8261615037918091,26.58740234375,48,True,0.15739685305708828,0.15656961296393138,findChessboardCornersSB,640,400,7ef4371d2e928d9fd7cf88660dfd6c6fab103a0d636bb81215ee18a5fc4cf200
camera_side_B479,camera_side_B479:fcd6ef4ef2d6eb06f593164fdaeda9056d2a03a6aa363ff2403d6649a13b84be,Color_flat_011.bmp,-1.1200340828695383,-0.0018788990921756103,0.016158609647175304,0.09411696186409726,0.1315729820843866,0.5587529675274532,0.5587529675274532,64.17251768704548,462.152099609375,328.6710510253906,385.32952880859375,557.7048950195312,294.9514465332031,369.823974609375,12906.179446268827,0.7221126556396484,0.8216776251792908,29.176025390625,48,True,0.18368111448408492,0.18269476033458254,findChessboardCornersSB,640,400,47acaad0fb9e2c1884ab24b768caa51804f5de291817566cad1d0d5676ff8a46
camera_side_B479,camera_side_B479:fcd6ef4ef2d6eb06f593164fdaeda9056d2a03a6aa363ff2403d6649a13b84be,Color_flat_012.bmp,-1.118140822182954,-0.05816352061153324,-0.07471222189630937,0.061325815560566314,0.13564143310061239,0.5496436761732323,0.5496436761732323,64.1343066341114,441.0060119628906,329.0863342285156,362.5846252441406,535.6676635742188,293.27752685546875,375.16650390625,14173.592953691259,0.6890718936920166,0.8227158188819885,23.83349609375,48,True,0.16641299040491955,0.16678880832829113,findChessboardCornersSB,640,400,033b8176b0dc43f7ed52d7e45336c82228fe59a398d43371128a9ab2339f4fd8
camera_side_B479,camera_side_B479:fcd6ef4ef2d6eb06f593164fdaeda9056d2a03a6aa363ff2403d6649a13b84be,Color_flat_013.bmp,-1.1210816810189008,0.008295832430621104,0.03060899273110751,0.01576911338988592,0.13334268404438604,0.5524182239880533,0.5524182239880533,64.232138761498,400.0107421875,332.6770935058594,328.4998779296875,489.3742370605469,297.43109130859375,376.41876220703125,12707.090935025364,0.6250168085098267,0.8316927552223206,22.58123779296875,48,True,0.17310606768971934,0.17305254162709127,findChessboardCornersSB,640,400,95ff021dcdffa6e9fb811cab1d4f20fde665d92f1d0fe1c3125ac01a7737369f
camera_side_B479,camera_side_B479:fcd6ef4ef2d6eb06f593164fdaeda9056d2a03a6aa363ff2403d6649a13b84be,Color_flat_014.bmp,-1.1200141102167278,-0.005835606417966083,0.006371290537538912,-0.05257679884620861,0.13517132488422276,0.5468957463575366,0.5468957463575366,64.17282841311435,346.02691650390625,334.3846435546875,268.39556884765625,430.2792053222656,299.82562255859375,377.2120666503906,12527.598983419128,0.5406670570373535,0.8359615802764893,21.787933349609375,48,True,0.16694330906929983,0.16770040345744802,findChessboardCornersSB,640,400,30b7eea24b8be666d168afae30cfd907dccf296cd05a3a2fa5191f32a7efe363
camera_side_B479,camera_side_B479:fcd6ef4ef2d6eb06f593164fdaeda9056d2a03a6aa363ff2403d6649a13b84be,Color_flat_015.bmp,-1.120301615231264,0.0075764340222166235,0.02748210538296149,-0.10770989339179586,0.13355828681974286,0.5487073000973158,0.5487073000973158,64.18771176831197,299.568359375,333.86627197265625,214.831298828125,376.9092712402344,298.56109619140625,378.2777404785156,12920.31207355205,0.46807557344436646,0.8346656560897827,20.722259521484375,48,True,0.15634343436672113,0.15602689550471152,findChessboardCornersSB,640,400,25fe7d37d779ed7cca5758d0c3442393b654ca8b19f6cce304dbb2fa86f0ec1d
camera_side_B479,camera_side_B479:fcd6ef4ef2d6eb06f593164fdaeda9056d2a03a6aa363ff2403d6649a13b84be,Color_flat_016.bmp,-1.119820836253166,-0.015558349205339026,-0.01009719472281426,-0.2101763406387757,0.1308458974653388,0.5526195982802702,0.5526195982802702,64.1668882573507,218.90362548828125,328.61407470703125,126.50489044189453,292.0318603515625,295.4791259765625,370.0349426269531,12340.998419279931,0.3420369029045105,0.8215351700782776,28.965057373046875,48,True,0.14858942548882054,0.14734025779137416,findChessboardCornersSB,640,400,48a643d0b73191ddd68ab4b4314e112ce08fad60ad1aa855995f5cbfeb9d26dc
camera_side_B479,camera_side_B479:fcd6ef4ef2d6eb06f593164fdaeda9056d2a03a6aa363ff2403d6649a13b84be,Color_flat_017.bmp,-1.0976121188783223,-0.2636315702189119,-0.4079021721411003,-0.2754991924365424,0.1401440254568851,0.5326594334051603,0.5326594334051603,64.16493402496339,185.44415283203125,316.1073913574219,108.56047058105469,266.8269958496094,272.3001403808594,376.8648681640625,16549.09613189986,0.2897564768791199,0.7902684807777405,22.1351318359375,48,True,0.18927814533499085,0.18917279297267314,findChessboardCornersSB,640,400,12e03a74b79110a10fd0d67553457d697b4641e8ee42d34d2f07d45ceada2dff
camera_side_B479,camera_side_B479:fcd6ef4ef2d6eb06f593164fdaeda9056d2a03a6aa363ff2403d6649a13b84be,Color_flat_018.bmp,-1.0983409529843506,-0.2559961424206625,-0.3936714303697789,-0.30380428822180944,0.1180947346593481,0.5774859361899244,0.5774859361899244,64.14040416715699,175.07748413085938,291.95538330078125,104.92060089111328,249.48826599121094,254.2331085205078,342.22747802734375,12721.140541558503,0.2735585570335388,0.7298884391784668,56.77252197265625,48,True,0.18316605274626746,0.18293579378104569,findChessboardCornersSB,640,400,6f977ce7ade5567e78c6bffd29ee77bd90cc8313a10fe4085936cd5c7e33526d
camera_side_B479,camera_side_B479:fcd6ef4ef2d6eb06f593164fdaeda9056d2a03a6aa363ff2403d6649a13b84be,Color_flat_019.bmp,-1.0929393480482266,-0.28256537039224827,-0.43957803345409063,-0.24202844898811302,0.09627689715078265,0.6243626873312279,0.6243626873312279,64.08528307109005,228.50233459472656,268.258056640625,160.8939666748047,298.5129089355469,235.7683563232422,311.45965576171875,10416.556567064254,0.3570348918437958,0.6706451177597046,87.54034423828125,48,True,0.15894685254010962,0.15821811816906658,findChessboardCornersSB,640,400,5a3b3bcc9c33bf6866eb419af4a1520380453768fc40ba0e25831e118c9243b0
camera_side_B479,camera_side_B479:fcd6ef4ef2d6eb06f593164fdaeda9056d2a03a6aa363ff2403d6649a13b84be,Color_flat_020.bmp,-1.0658903740004544,-0.4077511985676274,-0.637860940498246,-0.12271854887157062,0.13091060100219443,0.5545103596987893,0.5545103596987893,64.12329250250527,306.3624267578125,291.2048645019531,228.36143493652344,381.6041564941406,250.55934143066406,348.35162353515625,14985.955457022646,0.4786912798881531,0.7280121445655823,50.64837646484375,48,True,0.13883801763626158,0.13789547919787756,findChessboardCornersSB,640,400,ebdafbcfb258ffaf6630e13106a380fcb06c177035011bee0d7d5e4022be9d66
camera_side_B479,camera_side_B479:fcd6ef4ef2d6eb06f593164fdaeda9056d2a03a6aa363ff2403d6649a13b84be,Color_flat_021.bmp,-0.8189849216565199,-0.9464184753386142,-1.5033273476942215,-0.17686891457301668,0.17860375212400986,0.45544362657131965,0.45544362657131965,64.10292475011185,223.07223510742188,302.9690246582031,160.5936279296875,272.0916748046875,262.26348876953125,358.30609130859375,10708.562599897385,0.34855037927627563,0.7574225664138794,40.69390869140625,48,True,0.15201934273987192,0.15186160157996312,findChessboardCornersSB,640,400,6aacd5859f5a46d10c9d0bf889eac6e273b23fe1c30fa4d44f2ad84e99f0f19a
camera_side_B479,camera_side_B479:fcd6ef4ef2d6eb06f593164fdaeda9056d2a03a6aa363ff2403d6649a13b84be,Color_flat_022.bmp,-0.7969825026471238,-0.9779279621370328,-1.5550123368356648,-0.08743501979323172,0.1695508369103604,0.4759986025906165,0.4759986025906165,64.08576837668494,286.8370056152344,291.29638671875,240.1414337158203,346.0521240234375,252.8111572265625,343.87457275390625,9644.589200270362,0.4481828212738037,0.728240966796875,55.12542724609375,48,True,0.14455010259888246,0.1437999615195512,findChessboardCornersSB,640,400,4294622230000161eac011a2e7eaf8176fea6f2c3d50e872e102d771b2cc61cc
camera_side_B479,camera_side_B479:fcd6ef4ef2d6eb06f593164fdaeda9056d2a03a6aa363ff2403d6649a13b84be,Color_flat_023.bmp,-0.4536908497016807,-1.3503286676508675,-2.1549569734342455,0.12098627533384256,0.19167377292179213,0.43401408039838935,0.43401408039838935,64.02356916953542,386.2684631347656,312.50836181640625,304.2885437011719,469.09576416015625,266.4256896972656,377.6251525878906,18326.474395535886,0.6035444736480713,0.7812709212303162,21.374847412109375,48,True,0.14644903352697783,0.1465019215565192,findChessboardCornersSB,640,400,0da9e74dee67e431323a1403b10a2377e39c1689b548e43f7ee61c9c3ae4aa28
camera_side_B479,camera_side_B479:fcd6ef4ef2d6eb06f593164fdaeda9056d2a03a6aa363ff2403d6649a13b84be,Color_flat_024.bmp,-0.43449048592532447,-1.3660782464307184,-2.181729030781373,0.097247399948667,0.18515082130479957,0.44734065405556483,0.44734065405556483,63.994745466316324,364.5065612792969,305.41455078125,284.18121337890625,444.7322998046875,261.630859375,366.6274108886719,16857.310416480526,0.5695415139198303,0.7635363936424255,32.372589111328125,48,True,0.14255721775033178,0.14243176538398516,findChessboardCornersSB,640,400,2e9674f8201c4306166be08b7081888afcf3ae5d81b1575f092b60e760c0a064
camera_side_B479,camera_side_B479:fcd6ef4ef2d6eb06f593164fdaeda9056d2a03a6aa363ff2403d6649a13b84be,Color_flat_025.bmp,-1.0981554295485598,0.24334711488667368,0.39952427015164765,-0.10400932291033113,0.1019508925871478,0.614093518500093,0.614093518500093,63.95682550944328,278.1119384765625,309.7570495605469,193.2198028564453,357.39306640625,267.6449279785156,367.535888671875,16399.42501615407,0.43454989790916443,0.7743926048278809,31.464111328125,48,True,0.134413420857239,0.13508739619432422,findChessboardCornersSB,640,400,42472ec1c66c4605335a13397a201cde791e52e9696391b4a8cde5c080765fe1
camera_side_B479,camera_side_B479:fcd6ef4ef2d6eb06f593164fdaeda9056d2a03a6aa363ff2403d6649a13b84be,Color_flat_026.bmp,-1.1141881815927301,-0.07874904240057466,-0.11466941792505028,-0.2543351936199842,0.12707338749350588,0.5594473546606668,0.5594473546606668,63.957473301654176,192.43582153320312,318.0267028808594,103.15080261230469,262.11004638671875,282.4360656738281,363.74285888671875,12924.466362843756,0.3006809651851654,0.795066773891449,35.25714111328125,48,True,0.15537725822638818,0.15520859810040652,findChessboardCornersSB,640,400,3a7575158d3c09e203eda9f2bdb683508037c9b2df4c14d60c4b875f6d791264
camera_side_B479,camera_side_B479:fcd6ef4ef2d6eb06f593164fdaeda9056d2a03a6aa363ff2403d6649a13b84be,Color_tilt_001.bmp,-0.4066524721843721,0.15100341585156415,0.12046229406283578,0.02609155469706916,-0.013801065436450259,0.43386483638159645,0.43386483638159645,24.8386602537733,422.22412109375,252.3419189453125,325.37823486328125,519.5831298828125,187.7492218017578,330.2268981933594,27669.862186257727,0.6597251892089844,0.6308547854423523,68.77310180664062,48,True,0.17002008669066077,0.16967747091368934,findChessboardCornersSB,640,400,ee3df459d1fecaeb6890fbcc53e622c02cc282bb3c817fe97ade617bdc895320
camera_side_B479,camera_side_B479:fcd6ef4ef2d6eb06f593164fdaeda9056d2a03a6aa363ff2403d6649a13b84be,Color_tilt_002.bmp,-0.17406612852465173,0.14500479171560063,0.09733287313164903,0.014308443228347378,-0.008938298366790004,0.3839567240113466,0.3839567240113466,12.975272942974156,422.0695495605469,267.2679138183594,318.0855712890625,527.2373046875,191.34898376464844,353.148681640625,33840.687274103984,0.6594836711883545,0.6681697964668274,45.851318359375,48,True,0.13121355236310062,0.13148799475335526,findChessboardCornersSB,640,400,7c909566ebd7578b855e46e586b84a8f1ff2ae707b63c123cec90fdb391f7311
camera_side_B479,camera_side_B479:fcd6ef4ef2d6eb06f593164fdaeda9056d2a03a6aa363ff2403d6649a13b84be,Color_tilt_003.bmp,0.053823062005363964,0.14337401158083987,0.07598363284189358,-0.0128912222241237,-0.0018505042412977853,0.3555304158885458,0.3555304158885458,8.772378842023452,397.5078125,278.7490539550781,293.1338195800781,511.5677185058594,198.6430206298828,362.3445739746094,35757.96855729539,0.621105968952179,0.6968726515769958,36.655426025390625,48,True,0.15633447502192413,0.15673257098387589,findChessboardCornersSB,640,400,e1de3e60f6ba156bb14933424d959217cdb1a5ece17107503aeafb6f95becc72
camera_side_B479,camera_side_B479:fcd6ef4ef2d6eb06f593164fdaeda9056d2a03a6aa363ff2403d6649a13b84be,Color_tilt_004.bmp,0.3656638356798699,0.11618087023990552,0.03388207840428147,-0.020492179214894757,-0.000285276180356906,0.379145670788394,0.379145670788394,21.982005207016496,384.86260986328125,265.08978271484375,295.5891418457031,488.5029296875,200.95321655273438,325.5207824707031,24030.80098346807,0.601347804069519,0.6627244353294373,73.47921752929688,48,True,0.24557609370391587,0.248030106285566,findChessboardCornersSB,640,400,f80b3a8db677c50b2a04e8d89e73e070f234eb49e2c20ee326f32001ffc29138
camera_side_B479,camera_side_B479:fcd6ef4ef2d6eb06f593164fdaeda9056d2a03a6aa363ff2403d6649a13b84be,Color_tilt_005.bmp,0.7142809268809299,0.11584702974769125,0.019734274428939314,-0.002136929904548586,0.013631871963648038,0.3999439907296791,0.3999439907296791,41.45934024626053,397.7091979980469,262.0360107421875,315.44921875,497.7901611328125,215.22494506835938,302.9530334472656,15996.422308452427,0.6214206218719482,0.6550900340080261,96.04696655273438,48,True,0.2841921958107522,0.28289030490658024,findChessboardCornersSB,640,400,4c6b1dab8886106491681d6bfe6f2a0e864b05658edf3f36f2ef0c5b8f9c0876
camera_side_B479,camera_side_B479:fcd6ef4ef2d6eb06f593164fdaeda9056d2a03a6aa363ff2403d6649a13b84be,Color_tilt_006.bmp,-0.12025407024466014,-0.13219500900277548,-0.06268444674071619,-0.2549455933472011,-0.07350794721250771,0.505867649239754,0.505867649239754,10.237534499865035,187.83523559570312,187.8137969970703,113.6158676147461,260.5846252441406,137.60047912597656,241.9669189453125,15338.605998450774,0.29349255561828613,0.4695344865322113,113.6158676147461,48,True,0.1510627794206102,0.1514657714736634,findChessboardCornersSB,640,400,7601916615a1f3fb0fdbd85f607848e089b9e21e856ef40d5d3a006964b309da
camera_side_B479,camera_side_B479:fcd6ef4ef2d6eb06f593164fdaeda9056d2a03a6aa363ff2403d6649a13b84be,Color_tilt_007.bmp,-0.5293261878674124,-0.028733451151739697,-0.021743264208557656,-0.2611390250692356,-0.07538770104159213,0.5822120869675486,0.5822120869675486,30.37219133446015,192.1525115966797,184.24728393554688,116.53462982177734,258.3272399902344,147.02508544921875,225.33322143554688,11103.514998927945,0.30023831129074097,0.46061819791793823,116.53462982177734,48,True,0.2693822754082465,0.26996816246533106,findChessboardCornersSB,640,400,acb4d516952fd268349d37fc2c6f39dcc6cbf03570920dbc6f6a7b721e023b82
camera_side_B479,camera_side_B479:fcd6ef4ef2d6eb06f593164fdaeda9056d2a03a6aa363ff2403d6649a13b84be,Color_tilt_008.bmp,0.8265821063956835,-0.34617858369118765,-0.008142639823119932,-0.19448469175520003,0.02117720968573846,0.3976376065749938,0.3976376065749938,51.345227370791335,214.49774169921875,244.91622924804688,119.7115249633789,291.3378601074219,197.19052124023438,288.125,15606.751327772392,0.3351527154445648,0.6122905611991882,110.875,48,True,0.2273554365314269,0.22915817465364727,findChessboardCornersSB,640,400,d17e414148624fd3c0e29d2b41c57dfadc10cf5fbd645ee60c17e45d007d3e04
camera_side_B479,camera_side_B479:fcd6ef4ef2d6eb06f593164fdaeda9056d2a03a6aa363ff2403d6649a13b84be,Color_tilt_009.bmp,0.743150393172035,-0.7334056199995639,-0.04164903914468236,-0.09148114098098518,0.058471524107001814,0.31370813105737666,0.31370813105737666,59.817985481591734,278.89080810546875,280.67120361328125,195.9959259033203,356.9132080078125,208.8717803955078,356.4749755859375,23751.9049999828,0.43576687574386597,0.7016780376434326,42.5250244140625,48,True,0.3691745564659584,0.3719372649117549,findChessboardCornersSB,640,400,90080bb4811649bb74eb2c3547dd96d10206297ab423f8a4f2981b51e8480753
camera_side_B479,camera_side_B479:fcd6ef4ef2d6eb06f593164fdaeda9056d2a03a6aa363ff2403d6649a13b84be,Color_tilt_010.bmp,-0.24499570258492792,0.11511219885952512,-1.4631580596665241,0.36311160482968347,-0.013282052845334352,0.7081128580810269,0.7081128580810269,14.153687986653672,565.4649658203125,146.39976501464844,523.6890258789062,608.7725219726562,96.55897521972656,199.47459411621094,8756.420658364892,0.8835390210151672,0.36599940061569214,30.22747802734375,48,True,0.20427219767730864,0.2035166925266845,findChessboardCornersSB,640,400,73ec9838310f076fe1d82fa09f5547dc0655614025b3917f09aecfff2293b32f
camera_side_B479,camera_side_B479:fcd6ef4ef2d6eb06f593164fdaeda9056d2a03a6aa363ff2403d6649a13b84be,Color_tilt_011.bmp,-0.625641349168073,-0.1911555921006056,-1.5527516124909642,0.35372059406538936,0.015410007534618193,0.6880745456333294,0.6880745456333294,33.686393945067344,551.3709716796875,163.1351776123047,504.4384460449219,606.3023681640625,119.50543975830078,208.9353790283203,9109.684368920745,0.8615171313285828,0.40783795714378357,32.6976318359375,48,True,0.28467047979119187,0.284141249531439,findChessboardCornersSB,640,400,96a9c89c439a1a7ba33b25a1b18d90e7de0d3d1257a98ae7a668b205e7055619
camera_side_B479,camera_side_B479:fcd6ef4ef2d6eb06f593164fdaeda9056d2a03a6aa363ff2403d6649a13b84be,Color_tilt_012.bmp,-0.6062654614405445,0.3333350306533222,-1.2475310643278155,0.4310402013614634,-0.016307205531348994,0.8503240230490411,0.8503240230490411,37.00367335597117,564.5120849609375,157.79400634765625,520.808837890625,610.9837646484375,116.01837158203125,204.4967498779297,7978.531282482669,0.8820501565933228,0.3944850265979767,28.0162353515625,48,True,0.18439657175316415,0.18370552921303662,findChessboardCornersSB,640,400,be9de1d7c18e737a401ba38375f4dcfa0be84385c9f2a26ae31558101bcef5db
camera_side_B479,camera_side_B479:fcd6ef4ef2d6eb06f593164fdaeda9056d2a03a6aa363ff2403d6649a13b84be,Color_tilt_013.bmp,0.5252468153596862,0.2293980044282039,1.8036415764582516,0.5466069112099112,-0.14624510983444064,0.7238871881678498,0.7238871881678498,28.444635839797883,564.1278686523438,157.9860076904297,515.0018310546875,619.6945190429688,105.75457763671875,210.8558349609375,11003.333140220493,0.881449818611145,0.3949650228023529,19.30548095703125,48,True,0.12639596477054477,0.12950590846352328,findChessboardCornersSB,640,400,7701f00e3b252e0e194017ca14ba2ad7a5982e90c0f0e82cf318a2f766c494b7
camera_side_B479,camera_side_B479:fcd6ef4ef2d6eb06f593164fdaeda9056d2a03a6aa363ff2403d6649a13b84be,Color_tilt_014.bmp,0.018335779872212302,0.42409755733608817,-1.660678321271435,-0.10278515237986192,-0.02788366681500886,0.9062353176297565,0.9062353176297565,21.57903748884811,291.9987487792969,146.90127563476562,257.7386474609375,325.6919860839844,101.53185272216797,188.68194580078125,5922.139786001062,0.45624804496765137,0.3672531843185425,101.53185272216797,48,True,0.16567876221876537,0.16523067930160298,findChessboardCornersSB,640,400,4a3650c9077be299a2269c8f44075d9830ec978739c7b57f6bfafc12cb1ff4b8
camera_side_B479,camera_side_B479:fcd6ef4ef2d6eb06f593164fdaeda9056d2a03a6aa363ff2403d6649a13b84be,Color_tilt_015.bmp,0.3174821936761129,0.5580597897637357,-1.5831895147086232,-0.10803558303853258,-0.034426397753923386,0.9018818422490037,0.9018818422490037,32.924451521526706,291.4766845703125,148.60772705078125,255.0635986328125,324.33648681640625,106.22742462158203,185.58448791503906,5497.292972106021,0.45543232560157776,0.3715193271636963,106.22742462158203,48,True,0.24968946439578563,0.24969463772651387,findChessboardCornersSB,640,400,3a5990c7f31ab4aa9b6b2d13d0ffe7f9610c8f0a6dce674b086c6eabeed16af0
camera_side_B479,camera_side_B479:fcd6ef4ef2d6eb06f593164fdaeda9056d2a03a6aa363ff2403d6649a13b84be,Color_tilt_016.bmp,-0.26163934058252525,0.7392052669913926,1.7849917453143074,0.04839536501296407,-0.20248120289796687,0.9370258684508344,0.9370258684508344,38.884947776932364,300.25933837890625,136.88673400878906,259.64862060546875,338.3585510253906,108.8577880859375,169.72604370117188,4790.936164257117,0.4691552221775055,0.3422168493270874,108.8577880859375,48,True,0.23858075185936067,0.23858979057619073,findChessboardCornersSB,640,400,b96bae34f304e851810c8f5a80b8c8f84b3eb24a071c5d91569a69460171d506
camera_side_B479,camera_side_B479:fcd6ef4ef2d6eb06f593164fdaeda9056d2a03a6aa363ff2403d6649a13b84be,Color_tilt_017.bmp,-0.7281015318067426,0.18534714774210928,2.763898266409156,-0.024009250522107586,0.02462264683891208,0.539604642750851,0.539604642750851,30.11594308730613,224.19395446777344,188.9073028564453,135.11610412597656,299.87554931640625,130.93450927734375,258.9007873535156,21083.652978914324,0.350303053855896,0.4722682535648346,130.93450927734375,48,True,0.1428801369218317,0.14407371580771844,findChessboardCornersSB,640,400,84889c83f3c038ebe68370adbd2b289403e782a08cda5526667d132fa18cb1e5
camera_side_B479,camera_side_B479:fcd6ef4ef2d6eb06f593164fdaeda9056d2a03a6aa363ff2403d6649a13b84be,Color_tilt_018.bmp,0.050245936883217594,-1.1773632126987674,-0.5248524605748414,-0.11017119256442102,0.0076550362308323286,0.32361850082035487,0.32361850082035487,66.62459352346012,256.9594421386719,225.9259033203125,179.72183227539062,305.29156494140625,145.36936950683594,331.62176513671875,23387.66352764936,0.4014991223812103,0.5648147463798523,67.37823486328125,48,True,0.297112355927627,0.2975048736565753,findChessboardCornersSB,640,400,a00d567f1ad646d512106983503c95b2c7b3baddb0dbd5acf4fff48277e45458
camera_side_B479,camera_side_B479:fcd6ef4ef2d6eb06f593164fdaeda9056d2a03a6aa363ff2403d6649a13b84be,Color_tilt_019.bmp,-0.9289132559740378,-0.3318772848437538,2.758257631925637,0.010470885976061493,0.052131634838002615,0.521272801984243,0.521272801984243,39.12604383046952,259.4330139160156,215.1176300048828,169.83738708496094,326.0307922363281,145.49075317382812,295.6177062988281,23448.840013593435,0.40536409616470337,0.5377940535545349,103.38229370117188,48,True,0.15788432127777374,0.15921925129123646,findChessboardCornersSB,640,400,66ede48a5499a587da9fce586905b717cc593136e53fc92c5ca11800818ca0c8
camera_side_B479,camera_side_B479:fcd6ef4ef2d6eb06f593164fdaeda9056d2a03a6aa363ff2403d6649a13b84be,Color_tilt_020.bmp,-0.40465082747612147,-0.3012278906195151,-0.22581571176876944,-0.19478865029975992,-0.05018893455251571,0.4989736108182562,0.4989736108182562,28.840494895505405,240.94947814941406,194.5537567138672,159.81491088867188,319.5335693359375,144.5089111328125,255.1448211669922,17670.619126751553,0.3764835596084595,0.48638439178466797,143.8551788330078,48,True,0.17936344767775309,0.18003923778231581,findChessboardCornersSB,640,400,3ccfc96b553ac378b71df96da5361051fb4f4aa6294208b723552fb57b6e8f0e
camera_side_B479,camera_side_B479:fcd6ef4ef2d6eb06f593164fdaeda9056d2a03a6aa363ff2403d6649a13b84be,Color_tilt_021.bmp,-0.20975527525039658,0.04923339127814414,3.0804892869569214,0.03553327355957401,0.06925911938614597,0.4572618887831153,0.4572618887831153,7.998864369820043,268.5225830078125,211.0040283203125,184.0182647705078,348.8354797363281,151.96998596191406,273.7465515136719,20070.874382343376,0.4195665419101715,0.5275100469589233,125.25344848632812,48,True,0.17930480390786202,0.17922501547253702,findChessboardCornersSB,640,400,2171ccf01afffada2150fa6c47eca7d2131e09906213bea56d560aff8a0dc78c
camera_side_B479,camera_side_B479:fcd6ef4ef2d6eb06f593164fdaeda9056d2a03a6aa363ff2403d6649a13b84be,Color_tilt_022.bmp,0.030288640524885883,-0.06715396366245885,-0.016878505335325963,-0.1083677630151198,-0.03579725407186328,0.4139957930116009,0.4139957930116009,4.22084738190425,298.462158203125,224.7111053466797,211.97442626953125,381.4901123046875,163.97323608398438,286.8765869140625,20834.045831980184,0.4663471281528473,0.5617777705192566,112.1234130859375,48,True,0.11856413854523307,0.11766768859008306,findChessboardCornersSB,640,400,7ea4495c2864b30c066c4e177193efbbbbc5cbed849291a87d313dfdaaafc6ab
