resolution_id,width_px,height_px,run_id,camera_id,model,height_gt_mm,xy_rmse_low_mm,xy_rmse_native_mm,downsampling_penalty_mm
r480x300,480,300,20260808_131913,ihawk1,Affine,0.0,11.29162612133197,11.452816135598814,-0.16119001426684498
r480x300,480,300,20260808_131913,ihawk1,Affine,5.0,12.035602641719406,12.1063590352082,-0.0707563934887947
r480x300,480,300,20260808_131913,ihawk1,Affine,10.0,16.31315279923807,16.57348509279924,-0.26033229356117005
r480x300,480,300,20260808_131913,ihawk1,Affine,25.0,33.84832184062037,34.08573281086368,-0.23741097024331026
r480x300,480,300,20260808_131913,ihawk1,Affine,35.0,45.994949937715376,45.55191626041042,0.44303367730495324
r480x300,480,300,20260808_131913,ihawk1,Affine,45.0,59.94993873796647,59.158526317204114,0.7914124207623559
r480x300,480,300,20260808_131913,ihawk1,Affine,50.0,65.69814314230236,65.9800017514009,-0.2818586090985491
r480x300,480,300,20260808_131913,ihawk1,Homography,0.0,0.41808842656687395,0.11799020171260795,0.300098224854266
r480x300,480,300,20260808_131913,ihawk1,Homography,5.0,4.35893015698354,4.631144502523335,-0.27221434553979496
r480x300,480,300,20260808_131913,ihawk1,Homography,10.0,12.959352651489692,13.22981026301348,-0.27045761152378844
r480x300,480,300,20260808_131913,ihawk1,Homography,25.0,36.442180356903805,36.764435700295735,-0.3222553433919302
r480x300,480,300,20260808_131913,ihawk1,Homography,35.0,51.175931793802285,51.34590669698436,-0.16997490318207298
r480x300,480,300,20260808_131913,ihawk1,Homography,45.0,68.87026459529663,68.73127624058522,0.13898835471141524
r480x300,480,300,20260808_131913,ihawk1,Homography,50.0,77.60213959935477,78.04981756794031,-0.44767796858553766
r480x300,480,300,20260808_131913,ihawk1,PnP,0.0,15.049329719664128,8.340385782249092,6.708943937415036
r480x300,480,300,20260808_131913,ihawk1,PnP,5.0,10.937440218681305,6.6059649244645,4.331475294216805
r480x300,480,300,20260808_131913,ihawk1,PnP,10.0,11.588838380012202,8.520438030424703,3.068400349587499
r480x300,480,300,20260808_131913,ihawk1,PnP,25.0,13.496593911893907,9.072661778652176,4.423932133241731
r480x300,480,300,20260808_131913,ihawk1,PnP,35.0,14.681089138722186,6.837855447160101,7.843233691562085
r480x300,480,300,20260808_131913,ihawk1,PnP,45.0,13.200504591949862,7.892245786031898,5.308258805917964
r480x300,480,300,20260808_131913,ihawk1,PnP,50.0,6.2786040702373125,6.606445749114683,-0.3278416788773706
r480x300,480,300,20260808_131913,ihawk2,Affine,0.0,12.711111730112187,12.721117958732739,-0.010006228620552449
r480x300,480,300,20260808_131913,ihawk2,Affine,5.0,13.500077600837498,13.507228907784697,-0.007151306947198677
r480x300,480,300,20260808_131913,ihawk2,Affine,10.0,17.92084824201826,17.950458775364673,-0.02961053334641406
r480x300,480,300,20260808_131913,ihawk2,Affine,15.0,21.457315599334166,21.434332797587942,0.022982801746223913
r480x300,480,300,20260808_131913,ihawk2,Affine,25.0,32.79080313475318,32.420994268832835,0.3698088659203478
r480x300,480,300,20260808_131913,ihawk2,Affine,30.0,36.96295841519248,37.07468848813281,-0.11173007294032544
r480x300,480,300,20260808_131913,ihawk2,Affine,35.0,40.28257047050594,39.765261102924725,0.5173093675812126
r480x300,480,300,20260808_131913,ihawk2,Affine,40.0,43.23192998916509,42.86826082880243,0.3636691603626616
r480x300,480,300,20260808_131913,ihawk2,Affine,45.0,48.060787265302714,48.06416196240074,-0.003374697098024626
r480x300,480,300,20260808_131913,ihawk2,Affine,50.0,56.10640484523961,55.86726470056347,0.23914014467614209
r480x300,480,300,20260808_131913,ihawk2,Homography,0.0,0.11169074395100287,0.05996151568449164,0.05172922826651123
r480x300,480,300,20260808_131913,ihawk2,Homography,5.0,4.945526944005523,4.95032815533951,-0.004801211333987254
r480x300,480,300,20260808_131913,ihawk2,Homography,10.0,13.422059457028746,13.48259422378515,-0.0605347667564029
r480x300,480,300,20260808_131913,ihawk2,Homography,15.0,18.733270680285507,18.763390301586167,-0.030119621300659816
r480x300,480,300,20260808_131913,ihawk2,Homography,25.0,33.76930457582115,32.88303163946642,0.8862729363547359
r480x300,480,300,20260808_131913,ihawk2,Homography,30.0,39.35354984593119,38.83495724258986,0.5185926033413324
r480x300,480,300,20260808_131913,ihawk2,Homography,35.0,43.70013383238344,42.64928830942155,1.0508455229618932
r480x300,480,300,20260808_131913,ihawk2,Homography,40.0,47.700228388176974,46.843608826534116,0.8566195616428587
r480x300,480,300,20260808_131913,ihawk2,Homography,45.0,53.82640472889882,53.55578740228672,0.27061732661210414
r480x300,480,300,20260808_131913,ihawk2,Homography,50.0,64.50658519144653,63.79221944825686,0.7143657431896742
r480x300,480,300,20260808_131913,ihawk2,PnP,0.0,3.901230585226688,3.1506071337075894,0.7506234515190986
r480x300,480,300,20260808_131913,ihawk2,PnP,5.0,4.590325500866498,4.021511664858351,0.5688138360081467
r480x300,480,300,20260808_131913,ihawk2,PnP,10.0,6.897366765964793,6.2351804122131265,0.6621863537516663
r480x300,480,300,20260808_131913,ihawk2,PnP,15.0,5.9443682654434955,6.010846017607631,-0.06647775216413532
r480x300,480,300,20260808_131913,ihawk2,PnP,25.0,15.501192489415578,7.064792084295011,8.436400405120567
r480x300,480,300,20260808_131913,ihawk2,PnP,30.0,10.933990534112809,5.945145029076799,4.98884550503601
r480x300,480,300,20260808_131913,ihawk2,PnP,35.0,10.875996807958272,4.534151734986399,6.341845072971872
r480x300,480,300,20260808_131913,ihawk2,PnP,40.0,10.07658762683434,3.8168283093151967,6.259759317519144
r480x300,480,300,20260808_131913,ihawk2,PnP,45.0,8.037385962517963,4.004870294873836,4.032515667644127
r480x300,480,300,20260808_131913,ihawk2,PnP,50.0,8.07822609959768,5.714523242912588,2.3637028566850926
r480x300,480,300,20260808_141232,ihawk1,Affine,0.0,11.856702338567715,11.68701645332927,0.16968588523844375
r480x300,480,300,20260808_141232,ihawk1,Affine,5.0,16.43650113449057,16.454458966968538,-0.01795783247796834
r480x300,480,300,20260808_141232,ihawk1,Affine,10.0,20.73832137113783,19.965554069884753,0.7727673012530758
r480x300,480,300,20260808_141232,ihawk1,Affine,15.0,26.641917128381447,26.21227240460973,0.42964472377171603
r480x300,480,300,20260808_141232,ihawk1,Affine,20.0,32.68576736441533,31.967638336765756,0.7181290276495709
r480x300,480,300,20260808_141232,ihawk1,Affine,25.0,39.68452480952463,37.720559664793996,1.9639651447306363
r480x300,480,300,20260808_141232,ihawk1,Affine,35.0,53.0828555059092,52.457832088045436,0.6250234178637655
r480x300,480,300,20260808_141232,ihawk1,Affine,40.0,60.772376240876255,59.3634920688673,1.4088841720089533
r480x300,480,300,20260808_141232,ihawk1,Affine,45.0,68.654981588607,68.39797866221284,0.2570029263941649
r480x300,480,300,20260808_141232,ihawk1,Affine,50.0,75.8045423571154,74.44702567090616,1.3575166862092374
r480x300,480,300,20260808_141232,ihawk1,Homography,0.0,0.7904871810836589,0.3725667074259977,0.4179204736576612
r480x300,480,300,20260808_141232,ihawk1,Homography,5.0,13.331187011232863,12.304936187942097,1.0262508232907663
r480x300,480,300,20260808_141232,ihawk1,Homography,10.0,18.943430643231892,17.831316582255525,1.1121140609763671
r480x300,480,300,20260808_141232,ihawk1,Homography,15.0,26.812968034194764,25.855843738338315,0.957124295856449
r480x300,480,300,20260808_141232,ihawk1,Homography,20.0,35.9380253367378,34.04551404058577,1.8925112961520298
r480x300,480,300,20260808_141232,ihawk1,Homography,25.0,43.8329497783993,40.63020835850835,3.2027414198909554
r480x300,480,300,20260808_141232,ihawk1,Homography,35.0,60.954354913408785,59.2989305517773,1.655424361631482
r480x300,480,300,20260808_141232,ihawk1,Homography,40.0,70.53207094098458,68.49782847251565,2.034242468468932
r480x300,480,300,20260808_141232,ihawk1,Homography,45.0,80.81392641609733,80.17431851502944,0.6396079010678903
r480x300,480,300,20260808_141232,ihawk1,Homography,50.0,90.78923703838886,88.47602432586618,2.3132127125226845
r480x300,480,300,20260808_141232,ihawk1,PnP,0.0,10.149089782492812,5.407024224891659,4.742065557601153
r480x300,480,300,20260808_141232,ihawk1,PnP,5.0,18.389277437222557,14.137692144712435,4.251585292510121
r480x300,480,300,20260808_141232,ihawk1,PnP,10.0,20.167895046997227,11.736888764760824,8.431006282236403
r480x300,480,300,20260808_141232,ihawk1,PnP,15.0,15.779573739438495,12.336213196222781,3.4433605432157144
r480x300,480,300,20260808_141232,ihawk1,PnP,20.0,13.485982856131248,11.657909406451703,1.828073449679545
r480x300,480,300,20260808_141232,ihawk1,PnP,25.0,16.69196640979284,11.483061611579119,5.208904798213721
r480x300,480,300,20260808_141232,ihawk1,PnP,35.0,22.370681572469262,16.650321689861286,5.720359882607976
r480x300,480,300,20260808_141232,ihawk1,PnP,40.0,21.520469676510203,10.180105043061534,11.340364633448669
r480x300,480,300,20260808_141232,ihawk1,PnP,45.0,18.136847991438266,14.963693649421282,3.173154342016984
r480x300,480,300,20260808_141232,ihawk1,PnP,50.0,18.070382520887694,16.04913746824661,2.021245052641085
r480x300,480,300,20260808_141232,ihawk2,Affine,0.0,12.647200395718858,12.689161676066142,-0.04196128034728375
r480x300,480,300,20260808_141232,ihawk2,Affine,5.0,15.090642560807456,14.972591964346922,0.11805059646053451
r480x300,480,300,20260808_141232,ihawk2,Affine,10.0,16.151005826731385,15.946306650548104,0.20469917618328104
r480x300,480,300,20260808_141232,ihawk2,Affine,15.0,20.82121700053744,20.744017276302316,0.07719972423512544
r480x300,480,300,20260808_141232,ihawk2,Affine,20.0,27.165790250587577,26.812262779175544,0.35352747141203267
r480x300,480,300,20260808_141232,ihawk2,Affine,25.0,31.26442643172241,30.74730543106043,0.5171210006619802
r480x300,480,300,20260808_141232,ihawk2,Affine,35.0,41.35825767050682,41.193025637244304,0.16523203326251945
r480x300,480,300,20260808_141232,ihawk2,Affine,40.0,46.121809704829396,46.40585536933436,-0.2840456645049656
r480x300,480,300,20260808_141232,ihawk2,Affine,45.0,51.96644383940554,51.87843189073492,0.08801194867061923
r480x300,480,300,20260808_141232,ihawk2,Affine,50.0,58.74667805705847,58.67156925484644,0.07510880221202854
r480x300,480,300,20260808_141232,ihawk2,Homography,0.0,0.10679029571798758,0.16584547087480725,-0.05905517515681967
r480x300,480,300,20260808_141232,ihawk2,Homography,5.0,8.832902414033432,8.325417732942144,0.5074846810912881
r480x300,480,300,20260808_141232,ihawk2,Homography,10.0,11.066054178270265,10.396603781590764,0.6694503966795011
r480x300,480,300,20260808_141232,ihawk2,Homography,15.0,18.20555956176894,17.7994662912442,0.40609327052473887
r480x300,480,300,20260808_141232,ihawk2,Homography,20.0,26.47691181807207,25.867438137345037,0.6094736807270351
r480x300,480,300,20260808_141232,ihawk2,Homography,25.0,32.103742093583634,30.944885474969613,1.1588566186140206
r480x300,480,300,20260808_141232,ihawk2,Homography,35.0,44.60564163877006,44.35863365560312,0.24700798316693806
r480x300,480,300,20260808_141232,ihawk2,Homography,40.0,50.878215982631495,51.09389823520403,-0.2156822525725346
r480x300,480,300,20260808_141232,ihawk2,Homography,45.0,58.76573939373495,58.44369040005288,0.32204899368206696
r480x300,480,300,20260808_141232,ihawk2,Homography,50.0,67.3350678729935,67.1738818026758,0.16118607031771148
r480x300,480,300,20260808_141232,ihawk2,PnP,0.0,3.460769328868788,3.2083402385721373,0.25242909029665084
r480x300,480,300,20260808_141232,ihawk2,PnP,5.0,10.875871483643497,5.868955471829554,5.006916011813943
r480x300,480,300,20260808_141232,ihawk2,PnP,10.0,9.30909157771029,4.5170532702417905,4.7920383074685
r480x300,480,300,20260808_141232,ihawk2,PnP,15.0,8.43880026452093,5.844025810220557,2.5947744543003735
r480x300,480,300,20260808_141232,ihawk2,PnP,20.0,8.337540380513122,5.580009023827979,2.757531356685143
r480x300,480,300,20260808_141232,ihawk2,PnP,25.0,15.19534036310919,4.5971559314390005,10.598184431670191
r480x300,480,300,20260808_141232,ihawk2,PnP,35.0,7.536123258160435,5.132994278854871,2.4031289793055643
r480x300,480,300,20260808_141232,ihawk2,PnP,40.0,7.246870466755956,4.672866037243472,2.5740044295124838
r480x300,480,300,20260808_141232,ihawk2,PnP,45.0,8.246259869842904,13.537660799501941,-5.291400929659037
r480x300,480,300,20260808_141232,ihawk2,PnP,50.0,6.477969348187829,4.9442259242506035,1.5337434239372252
r480x300,480,300,20260808_145501,ihawk1,Affine,0.0,11.600679660398956,11.439351828298681,0.1613278321002749
r480x300,480,300,20260808_145501,ihawk1,Affine,5.0,13.850968894920566,13.584255685930708,0.2667132089898576
r480x300,480,300,20260808_145501,ihawk1,Affine,10.0,16.94767303795141,17.008080462907508,-0.060407424956096634
r480x300,480,300,20260808_145501,ihawk1,Affine,15.0,23.28128821172109,23.434205356625775,-0.15291714490468422
r480x300,480,300,20260808_145501,ihawk1,Affine,20.0,29.609326423703468,29.941119616925967,-0.3317931932224987
r480x300,480,300,20260808_145501,ihawk1,Affine,25.0,37.126381904246315,37.05896783972897,0.06741406451734377
r480x300,480,300,20260808_145501,ihawk1,Affine,30.0,43.97463347763704,43.42966260391977,0.5449708737172685
r480x300,480,300,20260808_145501,ihawk1,Affine,35.0,50.520415870962495,49.62088774864963,0.8995281223128657
r480x300,480,300,20260808_145501,ihawk1,Affine,50.0,70.2343818091817,69.87166431228727,0.3627174968944331
r480x300,480,300,20260808_145501,ihawk1,Homography,0.0,0.4674495823125904,0.06884485022262021,0.39860473208997016
r480x300,480,300,20260808_145501,ihawk1,Homography,5.0,7.856717340806445,7.919292755444127,-0.06257541463768224
r480x300,480,300,20260808_145501,ihawk1,Homography,10.0,12.846444296923273,13.38722695986342,-0.5407826629401473
r480x300,480,300,20260808_145501,ihawk1,Homography,15.0,23.047803623952387,22.566927718311568,0.4808759056408185
r480x300,480,300,20260808_145501,ihawk1,Homography,20.0,30.975534212782087,30.873184020780386,0.10235019200170115
r480x300,480,300,20260808_145501,ihawk1,Homography,25.0,40.33378260811597,39.89708941362856,0.43669319448741106
r480x300,480,300,20260808_145501,ihawk1,Homography,30.0,48.96659596305362,47.8145040333898,1.1520919296638183
r480x300,480,300,20260808_145501,ihawk1,Homography,35.0,56.74934226362807,54.92184014942024,1.8275021142078316
r480x300,480,300,20260808_145501,ihawk1,Homography,50.0,82.94340688042178,81.78205341982975,1.161353460592025
r480x300,480,300,20260808_145501,ihawk1,PnP,0.0,12.27889041297007,8.592750129649819,3.686140283320251
r480x300,480,300,20260808_145501,ihawk1,PnP,5.0,13.120293138090661,7.869083491299328,5.251209646791333
r480x300,480,300,20260808_145501,ihawk1,PnP,10.0,11.022621603966659,4.473162002653921,6.549459601312738
r480x300,480,300,20260808_145501,ihawk1,PnP,15.0,12.850771662320245,9.206031131592082,3.6447405307281624
r480x300,480,300,20260808_145501,ihawk1,PnP,20.0,12.951020338094922,9.862875286656436,3.0881450514384863
r480x300,480,300,20260808_145501,ihawk1,PnP,25.0,10.110307338183187,10.804144903009105,-0.6938375648259179
r480x300,480,300,20260808_145501,ihawk1,PnP,30.0,12.974755010630524,12.388172105873405,0.5865829047571189
r480x300,480,300,20260808_145501,ihawk1,PnP,35.0,19.554765565129735,7.986914192193558,11.567851372936177
r480x300,480,300,20260808_145501,ihawk1,PnP,50.0,12.269037047695344,10.662445462710602,1.6065915849847414
r480x300,480,300,20260808_145501,ihawk2,Affine,0.0,12.648034368128554,12.630059640994292,0.017974727134262736
r480x300,480,300,20260808_145501,ihawk2,Affine,5.0,13.900696599233642,13.897139856727618,0.003556742506024335
r480x300,480,300,20260808_145501,ihawk2,Affine,10.0,15.494389490271574,15.519421629229772,-0.025032138958197336
r480x300,480,300,20260808_145501,ihawk2,Affine,15.0,19.667654745126786,19.71220792579549,-0.04455318066870362
r480x300,480,300,20260808_145501,ihawk2,Affine,20.0,24.999879442308742,25.152491311790694,-0.1526118694819516
r480x300,480,300,20260808_145501,ihawk2,Affine,25.0,31.792611300470064,31.39782328815271,0.3947880123173526
r480x300,480,300,20260808_145501,ihawk2,Affine,30.0,34.81924027780326,34.64013921792242,0.17910105988084268
r480x300,480,300,20260808_145501,ihawk2,Affine,35.0,40.492682144736726,40.22796765636512,0.2647144883716095
r480x300,480,300,20260808_145501,ihawk2,Affine,40.0,46.47768442537361,46.00776429069211,0.4699201346815016
r480x300,480,300,20260808_145501,ihawk2,Affine,45.0,50.92424610673008,50.60075542187305,0.3234906848570276
r480x300,480,300,20260808_145501,ihawk2,Affine,50.0,56.76279143128481,56.493695778044504,0.2690956532403064
r480x300,480,300,20260808_145501,ihawk2,Homography,0.0,0.07832371001936043,0.03511575919830656,0.04320795082105387
r480x300,480,300,20260808_145501,ihawk2,Homography,5.0,6.0618772161632855,6.100788795404528,-0.03891157924124222
r480x300,480,300,20260808_145501,ihawk2,Homography,10.0,9.713047243154909,9.785253713084805,-0.07220646992989543
r480x300,480,300,20260808_145501,ihawk2,Homography,15.0,16.38173325326449,16.437820835234895,-0.056087581970405864
r480x300,480,300,20260808_145501,ihawk2,Homography,20.0,23.636767440694715,23.832515401659695,-0.19574796096497948
r480x300,480,300,20260808_145501,ihawk2,Homography,25.0,32.63373719013711,31.633217151187036,1.000520038950075
r480x300,480,300,20260808_145501,ihawk2,Homography,30.0,36.54850061614805,35.89741988381555,0.6510807323324954
r480x300,480,300,20260808_145501,ihawk2,Homography,35.0,43.726775207591324,43.04817050293762,0.6786047046537007
r480x300,480,300,20260808_145501,ihawk2,Homography,40.0,51.30417253623133,50.45642655764813,0.8477459785831982
r480x300,480,300,20260808_145501,ihawk2,Homography,45.0,57.315265715795505,56.386973628127,0.9282920876685026
r480x300,480,300,20260808_145501,ihawk2,Homography,50.0,64.52022034855663,64.05357747922912,0.4666428693275151
r480x300,480,300,20260808_145501,ihawk2,PnP,0.0,3.7726271470111765,3.4956111591146963,0.2770159878964802
r480x300,480,300,20260808_145501,ihawk2,PnP,5.0,3.8729354655437964,3.552245996972128,0.32068946857166836
r480x300,480,300,20260808_145501,ihawk2,PnP,10.0,2.02356002853982,1.8997969993203554,0.12376302921946469
r480x300,480,300,20260808_145501,ihawk2,PnP,15.0,3.779978540624079,3.1156590711425123,0.6643194694815668
r480x300,480,300,20260808_145501,ihawk2,PnP,20.0,3.8497489515922814,3.060700946409198,0.7890480051830835
r480x300,480,300,20260808_145501,ihawk2,PnP,25.0,15.241816252107723,5.210877719080494,10.030938533027228
r480x300,480,300,20260808_145501,ihawk2,PnP,30.0,9.169718783088785,2.564814536609925,6.60490424647886
r480x300,480,300,20260808_145501,ihawk2,PnP,35.0,9.085708039100627,3.2850406157304004,5.800667423370227
r480x300,480,300,20260808_145501,ihawk2,PnP,40.0,9.328076337703862,3.2584626841023034,6.069613653601559
r480x300,480,300,20260808_145501,ihawk2,PnP,45.0,4.485255711440057,1.7605584717795548,2.724697239660502
r480x300,480,300,20260808_145501,ihawk2,PnP,50.0,7.155709834102705,3.2269232812729514,3.9287865528297536
r480x300,480,300,20260808_151001,ihawk1,Affine,0.0,11.550693061855895,11.45960294422618,0.0910901176297152
r480x300,480,300,20260808_151001,ihawk1,Affine,5.0,13.453521648395267,13.512964485790368,-0.05944283739510148
r480x300,480,300,20260808_151001,ihawk1,Affine,10.0,16.8847649435355,17.16025598687495,-0.27549104333944996
r480x300,480,300,20260808_151001,ihawk1,Affine,15.0,22.836289099340522,22.87317868854583,-0.03688958920530894
r480x300,480,300,20260808_151001,ihawk1,Affine,20.0,27.39322955273626,27.765752062613153,-0.3725225098768945
r480x300,480,300,20260808_151001,ihawk1,Affine,30.0,41.757825136464476,41.24129220582179,0.5165329306426827
r480x300,480,300,20260808_151001,ihawk1,Affine,35.0,47.04184580375006,46.35439526156983,0.6874505421802297
r480x300,480,300,20260808_151001,ihawk1,Affine,40.0,55.70371505873696,54.68104157513613,1.0226734836008333
r480x300,480,300,20260808_151001,ihawk1,Affine,50.0,69.06656536111687,68.66384521310337,0.40272014801350053
r480x300,480,300,20260808_151001,ihawk1,Homography,0.0,0.33131510153207927,0.08414744307135959,0.2471676584607197
r480x300,480,300,20260808_151001,ihawk1,Homography,5.0,7.472818107304473,7.987524645199922,-0.5147065378954485
r480x300,480,300,20260808_151001,ihawk1,Homography,10.0,14.287702166466135,14.074630741653127,0.21307142481300723
r480x300,480,300,20260808_151001,ihawk1,Homography,15.0,22.740676721070614,22.684142753501753,0.05653396756886053
r480x300,480,300,20260808_151001,ihawk1,Homography,20.0,28.267551438932234,28.546346905250903,-0.2787954663186696
r480x300,480,300,20260808_151001,ihawk1,Homography,30.0,46.80616091567191,45.25370466253468,1.5524562531372297
r480x300,480,300,20260808_151001,ihawk1,Homography,35.0,53.306617752774535,51.82148901013354,1.4851287426409954
r480x300,480,300,20260808_151001,ihawk1,Homography,40.0,64.11108537471715,62.150675239238616,1.9604101354785328
r480x300,480,300,20260808_151001,ihawk1,Homography,50.0,80.94148335275118,80.10620111378367,0.8352822389675083
r480x300,480,300,20260808_151001,ihawk1,PnP,0.0,7.320110816679421,8.675263951338342,-1.3551531346589218
r480x300,480,300,20260808_151001,ihawk1,PnP,5.0,9.202673689317024,11.306211161631769,-2.103537472314745
r480x300,480,300,20260808_151001,ihawk1,PnP,10.0,12.087300944091961,8.962708240622387,3.124592703469574
r480x300,480,300,20260808_151001,ihawk1,PnP,15.0,9.395306605556629,6.201199960054956,3.1941066455016722
r480x300,480,300,20260808_151001,ihawk1,PnP,20.0,11.627308547737293,9.724135876574762,1.9031726711625314
r480x300,480,300,20260808_151001,ihawk1,PnP,30.0,8.438024709774657,8.761034706174286,-0.32300999639962846
r480x300,480,300,20260808_151001,ihawk1,PnP,35.0,12.098116909278298,8.65026581055221,3.4478510987260886
r480x300,480,300,20260808_151001,ihawk1,PnP,40.0,11.570011076528155,8.996692446821513,2.573318629706643
r480x300,480,300,20260808_151001,ihawk1,PnP,50.0,15.918354137439476,10.480496144991003,5.437857992448473
r480x300,480,300,20260808_151001,ihawk2,Affine,0.0,12.684751638230193,12.681638616179459,0.003113022050733605
r480x300,480,300,20260808_151001,ihawk2,Affine,5.0,13.7450465878985,13.79541905695013,-0.05037246905163073
r480x300,480,300,20260808_151001,ihawk2,Affine,10.0,15.758220126214438,15.821760998267608,-0.06354087205317072
r480x300,480,300,20260808_151001,ihawk2,Affine,15.0,21.005348284154095,21.07335633393816,-0.0680080497840656
r480x300,480,300,20260808_151001,ihawk2,Affine,20.0,24.020077177022348,24.090866145559463,-0.07078896853711569
r480x300,480,300,20260808_151001,ihawk2,Affine,25.0,27.953425571538048,27.75608504468979,0.19734052684825798
r480x300,480,300,20260808_151001,ihawk2,Affine,30.0,33.63917665744038,33.55275333400889,0.08642332343148951
r480x300,480,300,20260808_151001,ihawk2,Affine,35.0,38.42592130452147,38.07477688088132,0.3511444236401431
r480x300,480,300,20260808_151001,ihawk2,Affine,40.0,42.954321495903784,43.23868807316125,-0.2843665772574653
r480x300,480,300,20260808_151001,ihawk2,Affine,45.0,50.22290596610245,50.04298814543358,0.1799178206688694
r480x300,480,300,20260808_151001,ihawk2,Affine,50.0,53.611963926486915,53.449605893105556,0.16235803338135923
r480x300,480,300,20260808_151001,ihawk2,Homography,0.0,0.0512072889088819,0.05294833624144706,-0.0017410473325651654
r480x300,480,300,20260808_151001,ihawk2,Homography,5.0,5.800064880557152,5.88177989087446,-0.08171501031730788
r480x300,480,300,20260808_151001,ihawk2,Homography,10.0,10.128136608443938,10.25080051154501,-0.12266390310107234
r480x300,480,300,20260808_151001,ihawk2,Homography,15.0,18.301719808698817,18.37330280099933,-0.07158299230051313
r480x300,480,300,20260808_151001,ihawk2,Homography,20.0,22.421301634493457,22.511711656233413,-0.09041002173995594
r480x300,480,300,20260808_151001,ihawk2,Homography,25.0,27.705127176004236,27.285310608716525,0.419816567287711
r480x300,480,300,20260808_151001,ihawk2,Homography,30.0,35.511990837686774,34.76348917316674,0.7485016645200346
r480x300,480,300,20260808_151001,ihawk2,Homography,35.0,41.441122137823776,40.58786582084078,0.8532563169829928
r480x300,480,300,20260808_151001,ihawk2,Homography,40.0,47.320353280266346,47.297350063937,0.02300321632934299
r480x300,480,300,20260808_151001,ihawk2,Homography,45.0,56.519339920984784,55.911775968448694,0.6075639525360899
r480x300,480,300,20260808_151001,ihawk2,Homography,50.0,60.9339311618214,60.47738066181976,0.4565505000016401
r480x300,480,300,20260808_151001,ihawk2,PnP,0.0,4.530931954505011,3.3053791519012954,1.2255528026037155
r480x300,480,300,20260808_151001,ihawk2,PnP,5.0,4.031679757718072,2.546731370125551,1.484948387592521
r480x300,480,300,20260808_151001,ihawk2,PnP,10.0,3.345503119118981,2.5414231260102107,0.8040799931087701
r480x300,480,300,20260808_151001,ihawk2,PnP,15.0,4.146544920178125,3.9817484993391554,0.16479642083896984
r480x300,480,300,20260808_151001,ihawk2,PnP,20.0,3.9028589751214624,3.382959654846758,0.5198993202747042
r480x300,480,300,20260808_151001,ihawk2,PnP,25.0,5.967035771610353,2.408319356998828,3.5587164146115247
r480x300,480,300,20260808_151001,ihawk2,PnP,30.0,11.94171242649692,2.011496067847687,9.930216358649233
r480x300,480,300,20260808_151001,ihawk2,PnP,35.0,9.598071033697167,2.8193054121574233,6.778765621539744
r480x300,480,300,20260808_151001,ihawk2,PnP,40.0,8.094012606682128,3.3872065592128195,4.706806047469309
r480x300,480,300,20260808_151001,ihawk2,PnP,45.0,6.43591561949837,3.7975907062726764,2.638324913225694
r480x300,480,300,20260808_151001,ihawk2,PnP,50.0,5.007545500611576,4.867584173948864,0.13996132666271155
r480x300,480,300,20260808_162715,ihawk1,Affine,0.0,12.087042093977699,11.452241062241713,0.6348010317359858
r480x300,480,300,20260808_162715,ihawk1,Affine,15.0,23.945911979816927,23.461557996358362,0.48435398345856484
r480x300,480,300,20260808_162715,ihawk1,Affine,30.0,44.430869723877606,43.66443238529526,0.7664373385823495
r480x300,480,300,20260808_162715,ihawk1,Affine,35.0,50.33223412468083,49.47647884813912,0.8557552765417142
r480x300,480,300,20260808_162715,ihawk1,Homography,0.0,0.7241518139732508,0.10718649271799102,0.6169653212552597
r480x300,480,300,20260808_162715,ihawk1,Homography,15.0,24.490839181597735,22.74921310809723,1.7416260735005054
r480x300,480,300,20260808_162715,ihawk1,Homography,30.0,50.55388744954635,48.07351408859926,2.480373360947091
r480x300,480,300,20260808_162715,ihawk1,Homography,35.0,58.51208784402461,55.524809967973916,2.9872778760506975
r480x300,480,300,20260808_162715,ihawk1,PnP,0.0,12.874696470779414,7.592322946694955,5.282373524084459
r480x300,480,300,20260808_162715,ihawk1,PnP,15.0,12.981900108442513,9.58164020906479,3.4002598993777227
r480x300,480,300,20260808_162715,ihawk1,PnP,30.0,12.263121251183424,10.103404586888713,2.159716664294711
r480x300,480,300,20260808_162715,ihawk1,PnP,35.0,11.094979549946355,9.94378057316459,1.1511989767817656
r480x300,480,300,20260808_162715,ihawk2,Affine,0.0,12.693127715907337,12.670080199339019,0.023047516568318827
r480x300,480,300,20260808_162715,ihawk2,Affine,5.0,14.451308553532911,14.356185067640299,0.09512348589261244
r480x300,480,300,20260808_162715,ihawk2,Affine,10.0,17.045989718280065,16.77013037260831,0.27585934567175485
r480x300,480,300,20260808_162715,ihawk2,Affine,15.0,22.751862450841962,22.542214334543456,0.20964811629850644
r480x300,480,300,20260808_162715,ihawk2,Affine,20.0,26.395062895702136,26.260911850246444,0.1341510454556918
r480x300,480,300,20260808_162715,ihawk2,Affine,25.0,31.935629806608492,31.823913420155453,0.11171638645303972
r480x300,480,300,20260808_162715,ihawk2,Affine,30.0,37.588361932936785,37.590412994714946,-0.0020510617781610563
r480x300,480,300,20260808_162715,ihawk2,Affine,35.0,43.0376688934145,42.91421760985137,0.12345128356312784
r480x300,480,300,20260808_162715,ihawk2,Affine,40.0,47.655069559966236,47.74506737646446,-0.0899978164982258
r480x300,480,300,20260808_162715,ihawk2,Affine,45.0,53.19052596147889,53.387679852988256,-0.19715389150936602
r480x300,480,300,20260808_162715,ihawk2,Affine,50.0,57.404836497006805,57.6794912914672,-0.2746547944603961
r480x300,480,300,20260808_162715,ihawk2,Homography,0.0,0.08836479862262893,0.10808048310646115,-0.01971568448383222
r480x300,480,300,20260808_162715,ihawk2,Homography,5.0,7.215057115942561,6.991792962191001,0.22326415375156028
r480x300,480,300,20260808_162715,ihawk2,Homography,10.0,12.352354767250661,11.554248065283014,0.7981067019676473
r480x300,480,300,20260808_162715,ihawk2,Homography,15.0,20.57311679202147,19.96998724441223,0.6031295476092389
r480x300,480,300,20260808_162715,ihawk2,Homography,20.0,25.28168676451569,25.083345398046827,0.19834136646886336
r480x300,480,300,20260808_162715,ihawk2,Homography,25.0,32.59954897342579,32.244174135853534,0.3553748375722563
r480x300,480,300,20260808_162715,ihawk2,Homography,30.0,39.56713506353129,39.50292103474017,0.06421402879112037
r480x300,480,300,20260808_162715,ihawk2,Homography,35.0,46.67454852594939,46.28221066802041,0.3923378579289789
r480x300,480,300,20260808_162715,ihawk2,Homography,40.0,52.880389020841505,52.60529090073558,0.27509812010592327
r480x300,480,300,20260808_162715,ihawk2,Homography,45.0,59.799212091952974,60.018437777952386,-0.21922568599941172
r480x300,480,300,20260808_162715,ihawk2,Homography,50.0,65.43865336961578,65.71785996382208,-0.27920659420630045
r480x300,480,300,20260808_162715,ihawk2,PnP,0.0,4.127661709631637,2.89504214399697,1.2326195656346668
r480x300,480,300,20260808_162715,ihawk2,PnP,5.0,7.271742035687571,7.431663531683933,-0.15992149599636196
r480x300,480,300,20260808_162715,ihawk2,PnP,10.0,11.598951249559635,6.490945909574732,5.108005339984903
r480x300,480,300,20260808_162715,ihawk2,PnP,15.0,11.773927500332514,5.694755592068176,6.079171908264338
r480x300,480,300,20260808_162715,ihawk2,PnP,20.0,7.368711290333375,5.495476138782395,1.87323515155098
r480x300,480,300,20260808_162715,ihawk2,PnP,25.0,12.132302480322515,4.648439682274815,7.4838627980477
r480x300,480,300,20260808_162715,ihawk2,PnP,30.0,7.078783883927207,5.389614185417038,1.6891696985101685
r480x300,480,300,20260808_162715,ihawk2,PnP,35.0,7.889324420677889,5.880992730813387,2.0083316898645025
r480x300,480,300,20260808_162715,ihawk2,PnP,40.0,9.8491875599494,7.399086001754912,2.450101558194487
r480x300,480,300,20260808_162715,ihawk2,PnP,45.0,5.94636535680449,4.180221793121614,1.766143563682876
r480x300,480,300,20260808_162715,ihawk2,PnP,50.0,4.919138803538788,3.9637323791109553,0.9554064244278324
r320x200,320,200,20260808_131913,ihawk2,Affine,0.0,12.48660867678784,12.721117958732739,-0.23450928194489862
r320x200,320,200,20260808_131913,ihawk2,Affine,5.0,13.354231984057538,13.507228907784697,-0.15299692372715867
r320x200,320,200,20260808_131913,ihawk2,Affine,15.0,21.34741463150434,21.434332797587942,-0.0869181660836027
r320x200,320,200,20260808_131913,ihawk2,Affine,25.0,32.16867307537563,32.420994268832835,-0.25232119345720605
r320x200,320,200,20260808_131913,ihawk2,Affine,30.0,36.8630872429416,37.07468848813281,-0.21160124519120416
r320x200,320,200,20260808_131913,ihawk2,Affine,35.0,40.218511603858346,39.765261102924725,0.4532505009336205
r320x200,320,200,20260808_131913,ihawk2,Affine,40.0,42.55606196734771,42.86826082880243,-0.31219886145471776
r320x200,320,200,20260808_131913,ihawk2,Affine,45.0,47.81863703409548,48.06416196240074,-0.24552492830525807
r320x200,320,200,20260808_131913,ihawk2,Affine,50.0,55.94705897672252,55.86726470056347,0.07979427615905621
r320x200,320,200,20260808_131913,ihawk2,Homography,0.0,0.1515306940310724,0.05996151568449164,0.09156917834658075
r320x200,320,200,20260808_131913,ihawk2,Homography,5.0,4.845580089850334,4.95032815533951,-0.1047480654891757
r320x200,320,200,20260808_131913,ihawk2,Homography,15.0,18.69886724084644,18.763390301586167,-0.06452306073972736
r320x200,320,200,20260808_131913,ihawk2,Homography,25.0,33.337251326452154,32.88303163946642,0.4542196869857378
r320x200,320,200,20260808_131913,ihawk2,Homography,30.0,39.38338718990229,38.83495724258986,0.5484299473124281
r320x200,320,200,20260808_131913,ihawk2,Homography,35.0,43.672082166159186,42.64928830942155,1.0227938567376356
r320x200,320,200,20260808_131913,ihawk2,Homography,40.0,47.30318439516943,46.843608826534116,0.4595755686353158
r320x200,320,200,20260808_131913,ihawk2,Homography,45.0,54.334144121374926,53.55578740228672,0.7783567190882081
r320x200,320,200,20260808_131913,ihawk2,Homography,50.0,64.26236199373979,63.79221944825686,0.4701425454829291
r320x200,320,200,20260808_131913,ihawk2,PnP,0.0,9.267154969243597,3.1506071337075894,6.116547835536007
r320x200,320,200,20260808_131913,ihawk2,PnP,5.0,9.897756689028087,4.021511664858351,5.876245024169736
r320x200,320,200,20260808_131913,ihawk2,PnP,15.0,9.725726059220113,6.010846017607631,3.7148800416124823
r320x200,320,200,20260808_131913,ihawk2,PnP,25.0,20.09527706893669,7.064792084295011,13.030484984641678
r320x200,320,200,20260808_131913,ihawk2,PnP,30.0,18.045098781248715,5.945145029076799,12.099953752171917
r320x200,320,200,20260808_131913,ihawk2,PnP,35.0,15.639036677917497,4.534151734986399,11.104884942931097
r320x200,320,200,20260808_131913,ihawk2,PnP,40.0,14.509467763899645,3.8168283093151967,10.692639454584448
r320x200,320,200,20260808_131913,ihawk2,PnP,45.0,13.387141952590916,4.004870294873836,9.38227165771708
r320x200,320,200,20260808_131913,ihawk2,PnP,50.0,13.98520932743474,5.714523242912588,8.270686084522152
r320x200,320,200,20260808_141232,ihawk2,Affine,0.0,12.419974783433808,12.689161676066142,-0.26918689263233375
r320x200,320,200,20260808_141232,ihawk2,Affine,5.0,14.738583496783784,14.972591964346922,-0.23400846756313776
r320x200,320,200,20260808_141232,ihawk2,Affine,20.0,26.261753507117625,26.812262779175544,-0.5505092720579192
r320x200,320,200,20260808_141232,ihawk2,Affine,25.0,30.18319456437346,30.74730543106043,-0.5641108666869705
r320x200,320,200,20260808_141232,ihawk2,Affine,40.0,45.58726892077089,46.40585536933436,-0.8185864485634724
r320x200,320,200,20260808_141232,ihawk2,Affine,45.0,51.705207626564054,51.87843189073492,-0.17322426417086945
r320x200,320,200,20260808_141232,ihawk2,Affine,50.0,58.31272843352866,58.67156925484644,-0.35884082131777717
r320x200,320,200,20260808_141232,ihawk2,Homography,0.0,0.21487758094230125,0.16584547087480725,0.049032110067494
r320x200,320,200,20260808_141232,ihawk2,Homography,5.0,8.757048724725895,8.325417732942144,0.4316309917837504
r320x200,320,200,20260808_141232,ihawk2,Homography,20.0,26.144211020484175,25.867438137345037,0.27677288313913806
r320x200,320,200,20260808_141232,ihawk2,Homography,25.0,31.293757036230232,30.944885474969613,0.34887156126061925
r320x200,320,200,20260808_141232,ihawk2,Homography,40.0,50.79068293972101,51.09389823520403,-0.30321529548302095
r320x200,320,200,20260808_141232,ihawk2,Homography,45.0,58.378450424144745,58.44369040005288,-0.0652399759081348
r320x200,320,200,20260808_141232,ihawk2,Homography,50.0,66.5569227000359,67.1738818026758,-0.6169591026398962
r320x200,320,200,20260808_141232,ihawk2,PnP,0.0,10.534324606266702,3.2083402385721373,7.325984367694565
r320x200,320,200,20260808_141232,ihawk2,PnP,5.0,17.317742992031864,5.868955471829554,11.448787520202309
r320x200,320,200,20260808_141232,ihawk2,PnP,20.0,18.26497691113454,5.580009023827979,12.68496788730656
r320x200,320,200,20260808_141232,ihawk2,PnP,25.0,17.838226308131937,4.5971559314390005,13.241070376692935
r320x200,320,200,20260808_141232,ihawk2,PnP,40.0,16.042122321663758,4.672866037243472,11.369256284420285
r320x200,320,200,20260808_141232,ihawk2,PnP,45.0,13.241943235359825,13.537660799501941,-0.2957175641421159
r320x200,320,200,20260808_141232,ihawk2,PnP,50.0,9.582697103007607,4.9442259242506035,4.638471178757004
r320x200,320,200,20260808_145501,ihawk1,Affine,0.0,11.532728831740313,11.439351828298681,0.09337700344163125
r320x200,320,200,20260808_145501,ihawk1,Affine,30.0,42.968959865023805,43.42966260391977,-0.4607027388959679
r320x200,320,200,20260808_145501,ihawk1,Homography,0.0,0.5797125928380964,0.06884485022262021,0.5108677426154762
r320x200,320,200,20260808_145501,ihawk1,Homography,30.0,47.97920999337276,47.8145040333898,0.16470595998296034
r320x200,320,200,20260808_145501,ihawk1,PnP,0.0,17.732551314336796,8.592750129649819,9.139801184686977
r320x200,320,200,20260808_145501,ihawk1,PnP,30.0,15.314306940721325,12.388172105873405,2.92613483484792
r320x200,320,200,20260808_145501,ihawk2,Affine,0.0,12.473985643878997,12.630059640994292,-0.15607399711529446
r320x200,320,200,20260808_145501,ihawk2,Affine,5.0,13.663950261525944,13.897139856727618,-0.23318959520167404
r320x200,320,200,20260808_145501,ihawk2,Affine,10.0,15.288918050404883,15.519421629229772,-0.23050357882488903
r320x200,320,200,20260808_145501,ihawk2,Affine,15.0,19.513834634709728,19.71220792579549,-0.19837329108576185
r320x200,320,200,20260808_145501,ihawk2,Affine,20.0,24.78783153204833,25.152491311790694,-0.3646597797423645
r320x200,320,200,20260808_145501,ihawk2,Affine,25.0,31.13714299604506,31.39782328815271,-0.26068029210765076
r320x200,320,200,20260808_145501,ihawk2,Affine,30.0,34.01130786975522,34.64013921792242,-0.6288313481671963
r320x200,320,200,20260808_145501,ihawk2,Homography,0.0,0.32741597147584556,0.03511575919830656,0.292300212277539
r320x200,320,200,20260808_145501,ihawk2,Homography,5.0,6.057187012884419,6.100788795404528,-0.043601782520108934
r320x200,320,200,20260808_145501,ihawk2,Homography,10.0,9.80033882870567,9.785253713084805,0.015085115620864897
r320x200,320,200,20260808_145501,ihawk2,Homography,15.0,16.369307718892703,16.437820835234895,-0.06851311634219215
r320x200,320,200,20260808_145501,ihawk2,Homography,20.0,23.627623811810945,23.832515401659695,-0.20489158984874933
r320x200,320,200,20260808_145501,ihawk2,Homography,25.0,32.23631816009471,31.633217151187036,0.6031010089076752
r320x200,320,200,20260808_145501,ihawk2,Homography,30.0,36.13252765017007,35.89741988381555,0.2351077663545169
r320x200,320,200,20260808_145501,ihawk2,PnP,0.0,8.80769281270567,3.4956111591146963,5.3120816535909725
r320x200,320,200,20260808_145501,ihawk2,PnP,5.0,8.075603325602334,3.552245996972128,4.523357328630206
r320x200,320,200,20260808_145501,ihawk2,PnP,10.0,6.292885495365071,1.8997969993203554,4.393088496044715
r320x200,320,200,20260808_145501,ihawk2,PnP,15.0,8.199988132429969,3.1156590711425123,5.084329061287456
r320x200,320,200,20260808_145501,ihawk2,PnP,20.0,7.902062925257454,3.060700946409198,4.841361978848256
r320x200,320,200,20260808_145501,ihawk2,PnP,25.0,20.17119488461618,5.210877719080494,14.960317165535688
r320x200,320,200,20260808_145501,ihawk2,PnP,30.0,15.225534445075425,2.564814536609925,12.6607199084655
r320x200,320,200,20260808_151001,ihawk2,Affine,0.0,12.460858640404696,12.681638616179459,-0.2207799757747626
r320x200,320,200,20260808_151001,ihawk2,Affine,5.0,13.600530775203614,13.79541905695013,-0.1948882817465165
r320x200,320,200,20260808_151001,ihawk2,Affine,15.0,20.88294534564511,21.07335633393816,-0.1904109882930527
r320x200,320,200,20260808_151001,ihawk2,Affine,25.0,27.681567558671492,27.75608504468979,-0.07451748601829777
r320x200,320,200,20260808_151001,ihawk2,Affine,35.0,37.45063790183177,38.07477688088132,-0.6241389790495546
r320x200,320,200,20260808_151001,ihawk2,Affine,40.0,43.07630088422855,43.23868807316125,-0.16238718893269777
r320x200,320,200,20260808_151001,ihawk2,Affine,45.0,50.03939191045489,50.04298814543358,-0.0035962349786942127
r320x200,320,200,20260808_151001,ihawk2,Homography,0.0,0.22787749507417698,0.05294833624144706,0.17492915883272991
r320x200,320,200,20260808_151001,ihawk2,Homography,5.0,5.832720958097015,5.88177989087446,-0.04905893277744511
r320x200,320,200,20260808_151001,ihawk2,Homography,15.0,18.277154644706936,18.37330280099933,-0.0961481562923936
r320x200,320,200,20260808_151001,ihawk2,Homography,25.0,27.849686092560123,27.285310608716525,0.5643754838435981
r320x200,320,200,20260808_151001,ihawk2,Homography,35.0,40.718822302880504,40.58786582084078,0.13095648203972132
r320x200,320,200,20260808_151001,ihawk2,Homography,40.0,48.53966620418516,47.297350063937,1.2423161402481568
r320x200,320,200,20260808_151001,ihawk2,Homography,45.0,56.63346384403451,55.911775968448694,0.7216878755858147
r320x200,320,200,20260808_151001,ihawk2,PnP,0.0,9.238073080320442,3.3053791519012954,5.9326939284191464
r320x200,320,200,20260808_151001,ihawk2,PnP,5.0,8.846863741823478,2.546731370125551,6.300132371697927
r320x200,320,200,20260808_151001,ihawk2,PnP,15.0,9.006772879006775,3.9817484993391554,5.025024379667619
r320x200,320,200,20260808_151001,ihawk2,PnP,25.0,15.859465520385738,2.408319356998828,13.45114616338691
r320x200,320,200,20260808_151001,ihawk2,PnP,35.0,16.817912034993807,2.8193054121574233,13.998606622836384
r320x200,320,200,20260808_151001,ihawk2,PnP,40.0,10.179071545023355,3.3872065592128195,6.791864985810536
r320x200,320,200,20260808_151001,ihawk2,PnP,45.0,10.269265854699121,3.7975907062726764,6.471675148426445
r320x200,320,200,20260808_162715,ihawk2,Affine,0.0,12.474401268836994,12.670080199339019,-0.19567893050202478
r320x200,320,200,20260808_162715,ihawk2,Affine,5.0,14.081829950250093,14.356185067640299,-0.2743551173902059
r320x200,320,200,20260808_162715,ihawk2,Affine,10.0,16.68572954323355,16.77013037260831,-0.08440082937476134
r320x200,320,200,20260808_162715,ihawk2,Affine,15.0,22.16036941888228,22.542214334543456,-0.3818449156611763
r320x200,320,200,20260808_162715,ihawk2,Affine,20.0,25.741023261486895,26.260911850246444,-0.5198885887595495
r320x200,320,200,20260808_162715,ihawk2,Affine,25.0,31.607349398113335,31.823913420155453,-0.21656402204211744
r320x200,320,200,20260808_162715,ihawk2,Affine,45.0,52.65495313850576,53.387679852988256,-0.7327267144824958
r320x200,320,200,20260808_162715,ihawk2,Affine,50.0,56.74089768217063,57.6794912914672,-0.9385936092965679
r320x200,320,200,20260808_162715,ihawk2,Homography,0.0,0.19942942532309754,0.10808048310646115,0.09134894221663639
r320x200,320,200,20260808_162715,ihawk2,Homography,5.0,7.304016137715991,6.991792962191001,0.31222317552499046
r320x200,320,200,20260808_162715,ihawk2,Homography,10.0,12.054933011206064,11.554248065283014,0.5006849459230498
r320x200,320,200,20260808_162715,ihawk2,Homography,15.0,20.28184355559321,19.96998724441223,0.31185631118097845
r320x200,320,200,20260808_162715,ihawk2,Homography,20.0,25.18911944644172,25.083345398046827,0.1057740483948919
r320x200,320,200,20260808_162715,ihawk2,Homography,25.0,32.6245608249095,32.244174135853534,0.3803866890559675
r320x200,320,200,20260808_162715,ihawk2,Homography,45.0,58.947186892778056,60.018437777952386,-1.0712508851743294
r320x200,320,200,20260808_162715,ihawk2,Homography,50.0,64.3209655987488,65.71785996382208,-1.3968943650732797
r320x200,320,200,20260808_162715,ihawk2,PnP,0.0,9.32689540169447,2.89504214399697,6.4318532576975
r320x200,320,200,20260808_162715,ihawk2,PnP,5.0,15.283763514525528,7.431663531683933,7.852099982841596
r320x200,320,200,20260808_162715,ihawk2,PnP,10.0,17.905138869865247,6.490945909574732,11.414192960290515
r320x200,320,200,20260808_162715,ihawk2,PnP,15.0,20.162435229314426,5.694755592068176,14.467679637246249
r320x200,320,200,20260808_162715,ihawk2,PnP,20.0,17.699004688930717,5.495476138782395,12.203528550148322
r320x200,320,200,20260808_162715,ihawk2,PnP,25.0,16.667184434646867,4.648439682274815,12.01874475237205
r320x200,320,200,20260808_162715,ihawk2,PnP,45.0,9.76454968495654,4.180221793121614,5.584327891834926
r320x200,320,200,20260808_162715,ihawk2,PnP,50.0,8.660004411838752,3.9637323791109553,4.696272032727797
r240x150,240,150,20260808_145501,ihawk2,Affine,0.0,12.544230029182701,12.630059640994292,-0.08582961181159021
r240x150,240,150,20260808_145501,ihawk2,Affine,40.0,45.55615057292426,46.00776429069211,-0.45161371776784875
r240x150,240,150,20260808_145501,ihawk2,Homography,0.0,0.2773183662243541,0.03511575919830656,0.2422026070260475
r240x150,240,150,20260808_145501,ihawk2,Homography,40.0,51.02661430911201,50.45642655764813,0.5701877514638838
r240x150,240,150,20260808_145501,ihawk2,PnP,0.0,12.601772557587806,3.4956111591146963,9.106161398473109
r240x150,240,150,20260808_145501,ihawk2,PnP,40.0,14.748066613067326,3.2584626841023034,11.489603928965023
