run_id,camera_id,height_gt_mm,frame_index,image_relpath,native_detected_markers,native_complete,median_center_difference_from_clean_csv_px,max_center_difference_from_clean_csv_px,qc_excluded,exclusion_reason
20260808_131913,ihawk1,0.0,1,E2\E2_dual_camera_height_scan\run_20260808_131913\raw\frames\ihawk1\h_p000p000mm\frame_0001_color.png,5,1,5.320816179680493e-07,3.945470768527325e-06,0,
20260808_131913,ihawk1,0.0,2,E2\E2_dual_camera_height_scan\run_20260808_131913\raw\frames\ihawk1\h_p000p000mm\frame_0002_color.png,5,1,3.4542229437115844e-07,5.263500819073664e-07,0,
20260808_131913,ihawk1,0.0,3,E2\E2_dual_camera_height_scan\run_20260808_131913\raw\frames\ihawk1\h_p000p000mm\frame_0003_color.png,5,1,4.812569346207528e-07,7.3995640981710255e-06,0,
20260808_131913,ihawk1,5.0,1,E2\E2_dual_camera_height_scan\run_20260808_131913\raw\frames\ihawk1\h_p005p000mm\frame_0001_color.png,5,1,4.345837658375254e-07,7.816114323323152e-06,0,
20260808_131913,ihawk1,5.0,2,E2\E2_dual_camera_height_scan\run_20260808_131913\raw\frames\ihawk1\h_p005p000mm\frame_0002_color.png,5,1,5.55911851813674e-07,7.139818293254174e-06,0,
20260808_131913,ihawk1,5.0,3,E2\E2_dual_camera_height_scan\run_20260808_131913\raw\frames\ihawk1\h_p005p000mm\frame_0003_color.png,5,1,4.638862747622531e-07,3.614166840839192e-06,0,
20260808_131913,ihawk1,10.0,1,E2\E2_dual_camera_height_scan\run_20260808_131913\raw\frames\ihawk1\h_p010p000mm\frame_0001_color.png,5,1,4.759608185934849e-07,5.447260630115682e-07,0,
20260808_131913,ihawk1,10.0,2,E2\E2_dual_camera_height_scan\run_20260808_131913\raw\frames\ihawk1\h_p010p000mm\frame_0002_color.png,5,1,5.790381413533854e-07,1.6027386619848794e-05,0,
20260808_131913,ihawk1,10.0,3,E2\E2_dual_camera_height_scan\run_20260808_131913\raw\frames\ihawk1\h_p010p000mm\frame_0003_color.png,5,1,3.766171828313263e-07,4.0153706710169065e-06,0,
20260808_131913,ihawk1,15.0,1,E2\E2_dual_camera_height_scan\run_20260808_131913\raw\frames\ihawk1\h_p015p000mm\frame_0001_color.png,5,1,4.2971004482378486e-07,3.83330566256177e-06,0,
20260808_131913,ihawk1,15.0,2,E2\E2_dual_camera_height_scan\run_20260808_131913\raw\frames\ihawk1\h_p015p000mm\frame_0002_color.png,5,1,4.433198624765251e-07,3.5345536406139604e-06,0,
20260808_131913,ihawk1,15.0,3,E2\E2_dual_camera_height_scan\run_20260808_131913\raw\frames\ihawk1\h_p015p000mm\frame_0003_color.png,5,1,4.4366178148265414e-07,0.0011186535119450665,0,
20260808_131913,ihawk1,20.0,1,E2\E2_dual_camera_height_scan\run_20260808_131913\raw\frames\ihawk1\h_p020p000mm\frame_0001_color.png,5,1,5.432163935679719e-07,0.0002428760261505922,0,
20260808_131913,ihawk1,20.0,2,E2\E2_dual_camera_height_scan\run_20260808_131913\raw\frames\ihawk1\h_p020p000mm\frame_0002_color.png,5,1,7.722000783816923e-06,0.0003325802877575655,0,
20260808_131913,ihawk1,20.0,3,E2\E2_dual_camera_height_scan\run_20260808_131913\raw\frames\ihawk1\h_p020p000mm\frame_0003_color.png,5,1,5.211453291096518e-07,0.0001813374697750276,0,
20260808_131913,ihawk1,25.0,1,E2\E2_dual_camera_height_scan\run_20260808_131913\raw\frames\ihawk1\h_p025p000mm\frame_0001_color.png,5,1,5.323851173878775e-07,0.004339141795449537,0,
20260808_131913,ihawk1,25.0,2,E2\E2_dual_camera_height_scan\run_20260808_131913\raw\frames\ihawk1\h_p025p000mm\frame_0002_color.png,5,1,4.112856983514164e-06,0.008179387004428395,0,
20260808_131913,ihawk1,25.0,3,E2\E2_dual_camera_height_scan\run_20260808_131913\raw\frames\ihawk1\h_p025p000mm\frame_0003_color.png,5,1,0.00014670738733220693,0.004865359881250287,0,
20260808_131913,ihawk1,30.0,1,E2\E2_dual_camera_height_scan\run_20260808_131913\raw\frames\ihawk1\h_p030p000mm\frame_0001_color.png,5,1,4.666377749891002e-07,4.286697928832732e-06,0,
20260808_131913,ihawk1,30.0,2,E2\E2_dual_camera_height_scan\run_20260808_131913\raw\frames\ihawk1\h_p030p000mm\frame_0002_color.png,5,1,4.131649833879895e-06,8.554245018033982e-06,0,
20260808_131913,ihawk1,30.0,3,E2\E2_dual_camera_height_scan\run_20260808_131913\raw\frames\ihawk1\h_p030p000mm\frame_0003_color.png,5,1,5.666663616922282e-07,0.0020762586847741828,0,
20260808_131913,ihawk1,35.0,1,E2\E2_dual_camera_height_scan\run_20260808_131913\raw\frames\ihawk1\h_p035p000mm\frame_0001_color.png,5,1,4.732935277345916e-07,0.0037210649245113573,0,
20260808_131913,ihawk1,35.0,2,E2\E2_dual_camera_height_scan\run_20260808_131913\raw\frames\ihawk1\h_p035p000mm\frame_0002_color.png,5,1,4.0905644227955877e-07,0.0036818324171515922,0,
20260808_131913,ihawk1,35.0,3,E2\E2_dual_camera_height_scan\run_20260808_131913\raw\frames\ihawk1\h_p035p000mm\frame_0003_color.png,5,1,6.301168938233745e-07,0.0035330600181750025,0,
20260808_131913,ihawk1,40.0,1,E2\E2_dual_camera_height_scan\run_20260808_131913\raw\frames\ihawk1\h_p040p000mm\frame_0001_color.png,5,1,4.443310991477493e-07,3.5258004362688102e-06,0,
20260808_131913,ihawk1,40.0,2,E2\E2_dual_camera_height_scan\run_20260808_131913\raw\frames\ihawk1\h_p040p000mm\frame_0002_color.png,5,1,3.456051777728745e-06,7.549533578279473e-06,0,
20260808_131913,ihawk1,40.0,3,E2\E2_dual_camera_height_scan\run_20260808_131913\raw\frames\ihawk1\h_p040p000mm\frame_0003_color.png,5,1,4.557032500917115e-07,0.9015392101568117,0,
20260808_131913,ihawk1,45.0,1,E2\E2_dual_camera_height_scan\run_20260808_131913\raw\frames\ihawk1\h_p045p000mm\frame_0001_color.png,5,1,4.789902195562153e-07,3.8466903039719475e-06,0,
20260808_131913,ihawk1,45.0,2,E2\E2_dual_camera_height_scan\run_20260808_131913\raw\frames\ihawk1\h_p045p000mm\frame_0002_color.png,5,1,4.2814582370484044e-07,3.611950892799385e-06,0,
20260808_131913,ihawk1,45.0,3,E2\E2_dual_camera_height_scan\run_20260808_131913\raw\frames\ihawk1\h_p045p000mm\frame_0003_color.png,5,1,3.002517639920065e-07,8.011871597874912e-06,0,
20260808_131913,ihawk1,50.0,1,E2\E2_dual_camera_height_scan\run_20260808_131913\raw\frames\ihawk1\h_p050p000mm\frame_0001_color.png,5,1,6.112895068415994e-07,0.002893918175973263,0,
20260808_131913,ihawk1,50.0,2,E2\E2_dual_camera_height_scan\run_20260808_131913\raw\frames\ihawk1\h_p050p000mm\frame_0002_color.png,5,1,3.145031613548154e-07,0.0025426880087557908,0,
20260808_131913,ihawk1,50.0,3,E2\E2_dual_camera_height_scan\run_20260808_131913\raw\frames\ihawk1\h_p050p000mm\frame_0003_color.png,5,1,5.067637243148779e-07,0.0023862020614349123,0,
20260808_131913,ihawk2,0.0,1,E2\E2_dual_camera_height_scan\run_20260808_131913\raw\frames\ihawk2\h_p000p000mm\frame_0001_color.png,5,1,4.4176610507729744e-07,7.5541383927920035e-06,0,
20260808_131913,ihawk2,0.0,2,E2\E2_dual_camera_height_scan\run_20260808_131913\raw\frames\ihawk2\h_p000p000mm\frame_0002_color.png,5,1,1.0945609133427678e-05,0.0009335345196873458,0,
20260808_131913,ihawk2,0.0,3,E2\E2_dual_camera_height_scan\run_20260808_131913\raw\frames\ihawk2\h_p000p000mm\frame_0003_color.png,5,1,4.011860511838718e-07,5.139928437778039e-05,0,
20260808_131913,ihawk2,5.0,1,E2\E2_dual_camera_height_scan\run_20260808_131913\raw\frames\ihawk2\h_p005p000mm\frame_0001_color.png,5,1,6.122155023453639e-07,1.1010972887059113e-05,0,
20260808_131913,ihawk2,5.0,2,E2\E2_dual_camera_height_scan\run_20260808_131913\raw\frames\ihawk2\h_p005p000mm\frame_0002_color.png,5,1,5.091554463257517e-07,8.116362250337438e-06,0,
20260808_131913,ihawk2,5.0,3,E2\E2_dual_camera_height_scan\run_20260808_131913\raw\frames\ihawk2\h_p005p000mm\frame_0003_color.png,5,1,7.543644812218177e-06,0.00013549096419331356,0,
20260808_131913,ihawk2,10.0,1,E2\E2_dual_camera_height_scan\run_20260808_131913\raw\frames\ihawk2\h_p010p000mm\frame_0001_color.png,5,1,1.751834543663532e-07,5.383845092559875e-07,0,
20260808_131913,ihawk2,10.0,2,E2\E2_dual_camera_height_scan\run_20260808_131913\raw\frames\ihawk2\h_p010p000mm\frame_0002_color.png,5,1,5.08589838365147e-07,3.865155109841e-06,0,
20260808_131913,ihawk2,10.0,3,E2\E2_dual_camera_height_scan\run_20260808_131913\raw\frames\ihawk2\h_p010p000mm\frame_0003_color.png,5,1,5.067383234530111e-07,5.657098620555242e-07,0,
20260808_131913,ihawk2,15.0,1,E2\E2_dual_camera_height_scan\run_20260808_131913\raw\frames\ihawk2\h_p015p000mm\frame_0001_color.png,5,1,6.093171329658283e-07,7.30458869428372e-06,0,
20260808_131913,ihawk2,15.0,2,E2\E2_dual_camera_height_scan\run_20260808_131913\raw\frames\ihawk2\h_p015p000mm\frame_0002_color.png,5,1,3.5455455564511567e-06,7.850123807521765e-06,0,
20260808_131913,ihawk2,15.0,3,E2\E2_dual_camera_height_scan\run_20260808_131913\raw\frames\ihawk2\h_p015p000mm\frame_0003_color.png,5,1,4.5731417652793485e-07,3.973138610888679e-06,0,
20260808_131913,ihawk2,20.0,1,E2\E2_dual_camera_height_scan\run_20260808_131913\raw\frames\ihawk2\h_p020p000mm\frame_0001_color.png,5,1,3.6084412451373367e-06,0.0006592394537836487,0,
20260808_131913,ihawk2,20.0,2,E2\E2_dual_camera_height_scan\run_20260808_131913\raw\frames\ihawk2\h_p020p000mm\frame_0002_color.png,5,1,7.173899246531692e-06,0.0001482983974979475,0,
20260808_131913,ihawk2,20.0,3,E2\E2_dual_camera_height_scan\run_20260808_131913\raw\frames\ihawk2\h_p020p000mm\frame_0003_color.png,5,1,6.702350418138675e-07,0.00016550850469415276,0,
20260808_131913,ihawk2,25.0,1,E2\E2_dual_camera_height_scan\run_20260808_131913\raw\frames\ihawk2\h_p025p000mm\frame_0001_color.png,5,1,4.1001823949049045e-07,7.4294391371765136e-06,0,
20260808_131913,ihawk2,25.0,2,E2\E2_dual_camera_height_scan\run_20260808_131913\raw\frames\ihawk2\h_p025p000mm\frame_0002_color.png,5,1,4.775705163236316e-07,5.797403734361742e-07,0,
20260808_131913,ihawk2,25.0,3,E2\E2_dual_camera_height_scan\run_20260808_131913\raw\frames\ihawk2\h_p025p000mm\frame_0003_color.png,5,1,3.8324271314109147e-07,7.886329668143101e-06,0,
20260808_131913,ihawk2,30.0,1,E2\E2_dual_camera_height_scan\run_20260808_131913\raw\frames\ihawk2\h_p030p000mm\frame_0001_color.png,5,1,5.470112146453193e-07,7.993715339269425e-06,0,
20260808_131913,ihawk2,30.0,2,E2\E2_dual_camera_height_scan\run_20260808_131913\raw\frames\ihawk2\h_p030p000mm\frame_0002_color.png,5,1,3.594289852980471e-06,7.5102840631706765e-06,0,
20260808_131913,ihawk2,30.0,3,E2\E2_dual_camera_height_scan\run_20260808_131913\raw\frames\ihawk2\h_p030p000mm\frame_0003_color.png,5,1,5.137018816548144e-07,8.315537278853712e-06,0,
20260808_131913,ihawk2,35.0,1,E2\E2_dual_camera_height_scan\run_20260808_131913\raw\frames\ihawk2\h_p035p000mm\frame_0001_color.png,5,1,4.180641195543718e-06,0.00020505639386378372,0,
20260808_131913,ihawk2,35.0,2,E2\E2_dual_camera_height_scan\run_20260808_131913\raw\frames\ihawk2\h_p035p000mm\frame_0002_color.png,5,1,5.78518312302458e-07,0.00012539911469743837,0,
20260808_131913,ihawk2,35.0,3,E2\E2_dual_camera_height_scan\run_20260808_131913\raw\frames\ihawk2\h_p035p000mm\frame_0003_color.png,5,1,3.4073711587147084e-07,4.919464376814308e-07,0,
20260808_131913,ihawk2,40.0,1,E2\E2_dual_camera_height_scan\run_20260808_131913\raw\frames\ihawk2\h_p040p000mm\frame_0001_color.png,5,1,4.281115714956927e-07,7.008489179311532e-05,0,
20260808_131913,ihawk2,40.0,2,E2\E2_dual_camera_height_scan\run_20260808_131913\raw\frames\ihawk2\h_p040p000mm\frame_0002_color.png,5,1,8.551129271875666e-06,0.00223964587207652,0,
20260808_131913,ihawk2,40.0,3,E2\E2_dual_camera_height_scan\run_20260808_131913\raw\frames\ihawk2\h_p040p000mm\frame_0003_color.png,5,1,5.125336989226296e-07,7.141994404949243e-05,0,
20260808_131913,ihawk2,45.0,1,E2\E2_dual_camera_height_scan\run_20260808_131913\raw\frames\ihawk2\h_p045p000mm\frame_0001_color.png,5,1,4.2494512621520514e-07,0.000562549502528941,0,
20260808_131913,ihawk2,45.0,2,E2\E2_dual_camera_height_scan\run_20260808_131913\raw\frames\ihawk2\h_p045p000mm\frame_0002_color.png,5,1,4.892047634829517e-07,5.885444232826258e-07,0,
20260808_131913,ihawk2,45.0,3,E2\E2_dual_camera_height_scan\run_20260808_131913\raw\frames\ihawk2\h_p045p000mm\frame_0003_color.png,5,1,5.858093397397139e-07,0.0013783277270111303,0,
20260808_131913,ihawk2,50.0,1,E2\E2_dual_camera_height_scan\run_20260808_131913\raw\frames\ihawk2\h_p050p000mm\frame_0001_color.png,5,1,7.622849410970853e-06,0.0020127040411939538,0,
20260808_131913,ihawk2,50.0,2,E2\E2_dual_camera_height_scan\run_20260808_131913\raw\frames\ihawk2\h_p050p000mm\frame_0002_color.png,5,1,5.121485491946387e-06,0.000270335131974433,0,
20260808_131913,ihawk2,50.0,3,E2\E2_dual_camera_height_scan\run_20260808_131913\raw\frames\ihawk2\h_p050p000mm\frame_0003_color.png,5,1,0.00015218240501741468,0.0012317735331686798,0,
20260808_141232,ihawk1,0.0,1,E2\E2_dual_camera_height_scan\run_20260808_141232\raw\frames\ihawk1\h_p000p000mm\frame_0001_color.png,5,1,4.6595086400387096e-07,8.036359091243945e-06,0,
20260808_141232,ihawk1,0.0,2,E2\E2_dual_camera_height_scan\run_20260808_141232\raw\frames\ihawk1\h_p000p000mm\frame_0002_color.png,5,1,6.977867157902466e-07,7.791821463902833e-06,0,
20260808_141232,ihawk1,0.0,3,E2\E2_dual_camera_height_scan\run_20260808_141232\raw\frames\ihawk1\h_p000p000mm\frame_0003_color.png,5,1,4.897648959969642e-07,7.857094584301762e-06,0,
20260808_141232,ihawk1,5.0,1,E2\E2_dual_camera_height_scan\run_20260808_141232\raw\frames\ihawk1\h_p005p000mm\frame_0001_color.png,5,1,5.707291830357345e-07,7.22609408899653e-06,0,
20260808_141232,ihawk1,5.0,2,E2\E2_dual_camera_height_scan\run_20260808_141232\raw\frames\ihawk1\h_p005p000mm\frame_0002_color.png,5,1,4.210165461467148e-07,4.866908544122525e-07,0,
20260808_141232,ihawk1,5.0,3,E2\E2_dual_camera_height_scan\run_20260808_141232\raw\frames\ihawk1\h_p005p000mm\frame_0003_color.png,5,1,4.0781169594594734e-07,8.009457430600287e-06,0,
20260808_141232,ihawk1,10.0,1,E2\E2_dual_camera_height_scan\run_20260808_141232\raw\frames\ihawk1\h_p010p000mm\frame_0001_color.png,5,1,2.7375480060678774e-07,5.909022230099834e-07,0,
20260808_141232,ihawk1,10.0,2,E2\E2_dual_camera_height_scan\run_20260808_141232\raw\frames\ihawk1\h_p010p000mm\frame_0002_color.png,5,1,3.334714058855395e-07,3.4338413611635096e-06,0,
20260808_141232,ihawk1,10.0,3,E2\E2_dual_camera_height_scan\run_20260808_141232\raw\frames\ihawk1\h_p010p000mm\frame_0003_color.png,5,1,5.167307811238976e-07,8.098687055852143e-06,0,
20260808_141232,ihawk1,15.0,1,E2\E2_dual_camera_height_scan\run_20260808_141232\raw\frames\ihawk1\h_p015p000mm\frame_0001_color.png,5,1,4.6665518282876167e-07,0.013661946867696806,0,
20260808_141232,ihawk1,15.0,2,E2\E2_dual_camera_height_scan\run_20260808_141232\raw\frames\ihawk1\h_p015p000mm\frame_0002_color.png,5,1,4.5389655634284104e-07,0.01127569227401684,0,
20260808_141232,ihawk1,15.0,3,E2\E2_dual_camera_height_scan\run_20260808_141232\raw\frames\ihawk1\h_p015p000mm\frame_0003_color.png,5,1,5.098150315529545e-07,0.013296622056220307,0,
20260808_141232,ihawk1,20.0,1,E2\E2_dual_camera_height_scan\run_20260808_141232\raw\frames\ihawk1\h_p020p000mm\frame_0001_color.png,5,1,8.135199396115107e-06,0.5590169192571763,0,
20260808_141232,ihawk1,20.0,2,E2\E2_dual_camera_height_scan\run_20260808_141232\raw\frames\ihawk1\h_p020p000mm\frame_0002_color.png,5,1,6.198589558544034e-07,1.5364019078728232e-05,0,
20260808_141232,ihawk1,20.0,3,E2\E2_dual_camera_height_scan\run_20260808_141232\raw\frames\ihawk1\h_p020p000mm\frame_0003_color.png,5,1,7.624611675650124e-06,0.35362909018568284,0,
20260808_141232,ihawk1,25.0,1,E2\E2_dual_camera_height_scan\run_20260808_141232\raw\frames\ihawk1\h_p025p000mm\frame_0001_color.png,5,1,5.196055983685811e-07,1.190811182777192,0,
20260808_141232,ihawk1,25.0,2,E2\E2_dual_camera_height_scan\run_20260808_141232\raw\frames\ihawk1\h_p025p000mm\frame_0002_color.png,5,1,4.775790019300384e-07,1.1899107703730634,0,
20260808_141232,ihawk1,25.0,3,E2\E2_dual_camera_height_scan\run_20260808_141232\raw\frames\ihawk1\h_p025p000mm\frame_0003_color.png,5,1,6.25938901200969e-07,7.2243802273187285e-06,0,
20260808_141232,ihawk1,30.0,1,E2\E2_dual_camera_height_scan\run_20260808_141232\raw\frames\ihawk1\h_p030p000mm\frame_0001_color.png,5,1,3.5088876882001068,4.012982724184026,1,saved_image_content_mismatch
20260808_141232,ihawk1,30.0,2,E2\E2_dual_camera_height_scan\run_20260808_141232\raw\frames\ihawk1\h_p030p000mm\frame_0002_color.png,5,1,3.536704076540201,4.056368913216653,1,saved_image_content_mismatch
20260808_141232,ihawk1,30.0,3,E2\E2_dual_camera_height_scan\run_20260808_141232\raw\frames\ihawk1\h_p030p000mm\frame_0003_color.png,5,1,3.5289998773237525,4.04719388804181,1,saved_image_content_mismatch
20260808_141232,ihawk1,35.0,1,E2\E2_dual_camera_height_scan\run_20260808_141232\raw\frames\ihawk1\h_p035p000mm\frame_0001_color.png,5,1,3.8120009696863176e-07,0.0016638943677251073,0,
20260808_141232,ihawk1,35.0,2,E2\E2_dual_camera_height_scan\run_20260808_141232\raw\frames\ihawk1\h_p035p000mm\frame_0002_color.png,5,1,5.080275150644833e-07,0.002668325917915403,0,
20260808_141232,ihawk1,35.0,3,E2\E2_dual_camera_height_scan\run_20260808_141232\raw\frames\ihawk1\h_p035p000mm\frame_0003_color.png,5,1,5.820386327807032e-07,0.0018751498690966976,0,
20260808_141232,ihawk1,40.0,1,E2\E2_dual_camera_height_scan\run_20260808_141232\raw\frames\ihawk1\h_p040p000mm\frame_0001_color.png,5,1,4.1148050004507896e-06,0.0018182491144240452,0,
20260808_141232,ihawk1,40.0,2,E2\E2_dual_camera_height_scan\run_20260808_141232\raw\frames\ihawk1\h_p040p000mm\frame_0002_color.png,5,1,3.8950498608058045e-06,0.0009179611192095418,0,
20260808_141232,ihawk1,40.0,3,E2\E2_dual_camera_height_scan\run_20260808_141232\raw\frames\ihawk1\h_p040p000mm\frame_0003_color.png,5,1,4.382136678193934e-07,0.001301604898227063,0,
20260808_141232,ihawk1,45.0,1,E2\E2_dual_camera_height_scan\run_20260808_141232\raw\frames\ihawk1\h_p045p000mm\frame_0001_color.png,5,1,4.3458986089572977e-07,5.389968722017374e-07,0,
20260808_141232,ihawk1,45.0,2,E2\E2_dual_camera_height_scan\run_20260808_141232\raw\frames\ihawk1\h_p045p000mm\frame_0002_color.png,5,1,5.296510406952173e-07,7.3553862913925695e-06,0,
20260808_141232,ihawk1,45.0,3,E2\E2_dual_camera_height_scan\run_20260808_141232\raw\frames\ihawk1\h_p045p000mm\frame_0003_color.png,5,1,4.204176146853521e-06,8.462441119852475e-06,0,
20260808_141232,ihawk1,50.0,1,E2\E2_dual_camera_height_scan\run_20260808_141232\raw\frames\ihawk1\h_p050p000mm\frame_0001_color.png,5,1,4.984844487874864e-07,0.0002545818504726099,0,
20260808_141232,ihawk1,50.0,2,E2\E2_dual_camera_height_scan\run_20260808_141232\raw\frames\ihawk1\h_p050p000mm\frame_0002_color.png,5,1,5.796232289899969e-07,0.005211263641192942,0,
20260808_141232,ihawk1,50.0,3,E2\E2_dual_camera_height_scan\run_20260808_141232\raw\frames\ihawk1\h_p050p000mm\frame_0003_color.png,5,1,7.469136381638663e-06,0.0052292619253817,0,
20260808_141232,ihawk2,0.0,1,E2\E2_dual_camera_height_scan\run_20260808_141232\raw\frames\ihawk2\h_p000p000mm\frame_0001_color.png,5,1,8.038375405370205e-06,0.0003503383231763506,0,
20260808_141232,ihawk2,0.0,2,E2\E2_dual_camera_height_scan\run_20260808_141232\raw\frames\ihawk2\h_p000p000mm\frame_0002_color.png,5,1,6.603886768100633e-07,0.0002442328460509742,0,
20260808_141232,ihawk2,0.0,3,E2\E2_dual_camera_height_scan\run_20260808_141232\raw\frames\ihawk2\h_p000p000mm\frame_0003_color.png,5,1,7.776798688571119e-06,0.0001685598346596268,0,
20260808_141232,ihawk2,5.0,1,E2\E2_dual_camera_height_scan\run_20260808_141232\raw\frames\ihawk2\h_p005p000mm\frame_0001_color.png,5,1,4.493803994782608e-07,5.819708296165443e-07,0,
20260808_141232,ihawk2,5.0,2,E2\E2_dual_camera_height_scan\run_20260808_141232\raw\frames\ihawk2\h_p005p000mm\frame_0002_color.png,5,1,4.121797327735333e-07,6.091073410979088e-07,0,
20260808_141232,ihawk2,5.0,3,E2\E2_dual_camera_height_scan\run_20260808_141232\raw\frames\ihawk2\h_p005p000mm\frame_0003_color.png,5,1,4.028935705485045e-07,5.503815904893306e-07,0,
20260808_141232,ihawk2,10.0,1,E2\E2_dual_camera_height_scan\run_20260808_141232\raw\frames\ihawk2\h_p010p000mm\frame_0001_color.png,5,1,5.816093701283528e-07,0.0008346513521881103,0,
20260808_141232,ihawk2,10.0,2,E2\E2_dual_camera_height_scan\run_20260808_141232\raw\frames\ihawk2\h_p010p000mm\frame_0002_color.png,5,1,8.058885603791486e-06,0.0005939106231407966,0,
20260808_141232,ihawk2,10.0,3,E2\E2_dual_camera_height_scan\run_20260808_141232\raw\frames\ihawk2\h_p010p000mm\frame_0003_color.png,5,1,4.1725880410600455e-07,0.00012292157775005793,0,
20260808_141232,ihawk2,15.0,1,E2\E2_dual_camera_height_scan\run_20260808_141232\raw\frames\ihawk2\h_p015p000mm\frame_0001_color.png,5,1,3.3630208390659323e-07,7.85351984692508e-06,0,
20260808_141232,ihawk2,15.0,2,E2\E2_dual_camera_height_scan\run_20260808_141232\raw\frames\ihawk2\h_p015p000mm\frame_0002_color.png,5,1,4.4168080872800744e-07,3.7704540602498874e-06,0,
20260808_141232,ihawk2,15.0,3,E2\E2_dual_camera_height_scan\run_20260808_141232\raw\frames\ihawk2\h_p015p000mm\frame_0003_color.png,5,1,5.931413474686876e-07,7.421780978459374e-06,0,
20260808_141232,ihawk2,20.0,1,E2\E2_dual_camera_height_scan\run_20260808_141232\raw\frames\ihawk2\h_p020p000mm\frame_0001_color.png,5,1,4.4360585996305073e-07,7.397133806258438e-06,0,
20260808_141232,ihawk2,20.0,2,E2\E2_dual_camera_height_scan\run_20260808_141232\raw\frames\ihawk2\h_p020p000mm\frame_0002_color.png,5,1,4.216262573720475e-07,7.229960821316376e-06,0,
20260808_141232,ihawk2,20.0,3,E2\E2_dual_camera_height_scan\run_20260808_141232\raw\frames\ihawk2\h_p020p000mm\frame_0003_color.png,5,1,3.179280848601387e-07,7.430121956520876e-06,0,
20260808_141232,ihawk2,25.0,1,E2\E2_dual_camera_height_scan\run_20260808_141232\raw\frames\ihawk2\h_p025p000mm\frame_0001_color.png,5,1,4.994527498233996e-07,8.96532022299615e-05,0,
20260808_141232,ihawk2,25.0,2,E2\E2_dual_camera_height_scan\run_20260808_141232\raw\frames\ihawk2\h_p025p000mm\frame_0002_color.png,5,1,4.175393989060911e-06,7.740498662485326e-06,0,
20260808_141232,ihawk2,25.0,3,E2\E2_dual_camera_height_scan\run_20260808_141232\raw\frames\ihawk2\h_p025p000mm\frame_0003_color.png,5,1,7.2510486136444055e-06,3.368296863577113e-05,0,
20260808_141232,ihawk2,30.0,1,E2\E2_dual_camera_height_scan\run_20260808_141232\raw\frames\ihawk2\h_p030p000mm\frame_0001_color.png,5,1,3.6725955546848432,4.955557980206702,1,saved_image_content_mismatch
20260808_141232,ihawk2,30.0,2,E2\E2_dual_camera_height_scan\run_20260808_141232\raw\frames\ihawk2\h_p030p000mm\frame_0002_color.png,5,1,3.6816495992532783,4.947381845897048,1,saved_image_content_mismatch
20260808_141232,ihawk2,30.0,3,E2\E2_dual_camera_height_scan\run_20260808_141232\raw\frames\ihawk2\h_p030p000mm\frame_0003_color.png,5,1,3.6602479316479744,4.931984830475967,1,saved_image_content_mismatch
20260808_141232,ihawk2,35.0,1,E2\E2_dual_camera_height_scan\run_20260808_141232\raw\frames\ihawk2\h_p035p000mm\frame_0001_color.png,5,1,6.11039658606011e-07,1.0703664098988079e-05,0,
20260808_141232,ihawk2,35.0,2,E2\E2_dual_camera_height_scan\run_20260808_141232\raw\frames\ihawk2\h_p035p000mm\frame_0002_color.png,5,1,3.995643081496364e-06,0.0006995247849640252,0,
20260808_141232,ihawk2,35.0,3,E2\E2_dual_camera_height_scan\run_20260808_141232\raw\frames\ihawk2\h_p035p000mm\frame_0003_color.png,5,1,7.338405875886575e-06,0.0012944915887751164,0,
20260808_141232,ihawk2,40.0,1,E2\E2_dual_camera_height_scan\run_20260808_141232\raw\frames\ihawk2\h_p040p000mm\frame_0001_color.png,5,1,4.290325552693359e-06,0.0016259855684656356,0,
20260808_141232,ihawk2,40.0,2,E2\E2_dual_camera_height_scan\run_20260808_141232\raw\frames\ihawk2\h_p040p000mm\frame_0002_color.png,5,1,4.888325234740475e-07,0.0008466746541982248,0,
20260808_141232,ihawk2,40.0,3,E2\E2_dual_camera_height_scan\run_20260808_141232\raw\frames\ihawk2\h_p040p000mm\frame_0003_color.png,5,1,3.4906552585816647e-06,0.0008897452879006189,0,
20260808_141232,ihawk2,45.0,1,E2\E2_dual_camera_height_scan\run_20260808_141232\raw\frames\ihawk2\h_p045p000mm\frame_0001_color.png,5,1,4.2382874639900176e-07,8.036210963864647e-06,0,
20260808_141232,ihawk2,45.0,2,E2\E2_dual_camera_height_scan\run_20260808_141232\raw\frames\ihawk2\h_p045p000mm\frame_0002_color.png,5,1,4.804593059534577e-07,7.1853930600226984e-06,0,
20260808_141232,ihawk2,45.0,3,E2\E2_dual_camera_height_scan\run_20260808_141232\raw\frames\ihawk2\h_p045p000mm\frame_0003_color.png,5,1,4.592557028482342e-07,0.00040728760076163,0,
20260808_141232,ihawk2,50.0,1,E2\E2_dual_camera_height_scan\run_20260808_141232\raw\frames\ihawk2\h_p050p000mm\frame_0001_color.png,5,1,7.552116384015241e-06,0.0019474156374258203,0,
20260808_141232,ihawk2,50.0,2,E2\E2_dual_camera_height_scan\run_20260808_141232\raw\frames\ihawk2\h_p050p000mm\frame_0002_color.png,5,1,3.5369530811650517e-07,0.001117459317002255,0,
20260808_141232,ihawk2,50.0,3,E2\E2_dual_camera_height_scan\run_20260808_141232\raw\frames\ihawk2\h_p050p000mm\frame_0003_color.png,5,1,1.6085746829848234e-05,0.0005715757757578326,0,
20260808_145501,ihawk1,0.0,1,E2\E2_dual_camera_height_scan\run_20260808_145501\raw\frames\ihawk1\h_p000p000mm\frame_0001_color.png,5,1,5.358886213807751e-07,8.005256835674107e-06,0,
20260808_145501,ihawk1,0.0,2,E2\E2_dual_camera_height_scan\run_20260808_145501\raw\frames\ihawk1\h_p000p000mm\frame_0002_color.png,5,1,4.140950431436416e-07,6.170658466583053e-07,0,
20260808_145501,ihawk1,0.0,3,E2\E2_dual_camera_height_scan\run_20260808_145501\raw\frames\ihawk1\h_p000p000mm\frame_0003_color.png,5,1,4.581642112795719e-07,0.00018046129753549787,0,
20260808_145501,ihawk1,5.0,1,E2\E2_dual_camera_height_scan\run_20260808_145501\raw\frames\ihawk1\h_p005p000mm\frame_0001_color.png,5,1,5.694359920637328e-07,8.088457042809895e-06,0,
20260808_145501,ihawk1,5.0,2,E2\E2_dual_camera_height_scan\run_20260808_145501\raw\frames\ihawk1\h_p005p000mm\frame_0002_color.png,5,1,4.458058336053047e-07,0.0002813916149209007,0,
20260808_145501,ihawk1,5.0,3,E2\E2_dual_camera_height_scan\run_20260808_145501\raw\frames\ihawk1\h_p005p000mm\frame_0003_color.png,5,1,5.48721488465261e-07,0.0007928383054863426,0,
20260808_145501,ihawk1,10.0,1,E2\E2_dual_camera_height_scan\run_20260808_145501\raw\frames\ihawk1\h_p010p000mm\frame_0001_color.png,5,1,3.780152379388349e-07,4.139820240849747e-06,0,
20260808_145501,ihawk1,10.0,2,E2\E2_dual_camera_height_scan\run_20260808_145501\raw\frames\ihawk1\h_p010p000mm\frame_0002_color.png,5,1,4.920491910765323e-07,0.0016368912986374207,0,
20260808_145501,ihawk1,10.0,3,E2\E2_dual_camera_height_scan\run_20260808_145501\raw\frames\ihawk1\h_p010p000mm\frame_0003_color.png,5,1,5.036318285799867e-07,0.0017606447713132904,0,
20260808_145501,ihawk1,15.0,1,E2\E2_dual_camera_height_scan\run_20260808_145501\raw\frames\ihawk1\h_p015p000mm\frame_0001_color.png,5,1,4.814094675656142e-07,7.769934446559088e-06,0,
20260808_145501,ihawk1,15.0,2,E2\E2_dual_camera_height_scan\run_20260808_145501\raw\frames\ihawk1\h_p015p000mm\frame_0002_color.png,5,1,5.103239926892342e-07,4.142926187968501e-06,0,
20260808_145501,ihawk1,15.0,3,E2\E2_dual_camera_height_scan\run_20260808_145501\raw\frames\ihawk1\h_p015p000mm\frame_0003_color.png,5,1,3.13919657669766e-07,3.617436621021728e-06,0,
20260808_145501,ihawk1,20.0,1,E2\E2_dual_camera_height_scan\run_20260808_145501\raw\frames\ihawk1\h_p020p000mm\frame_0001_color.png,5,1,7.437327736579389e-06,0.000645035224662034,0,
20260808_145501,ihawk1,20.0,2,E2\E2_dual_camera_height_scan\run_20260808_145501\raw\frames\ihawk1\h_p020p000mm\frame_0002_color.png,5,1,5.153440133872073e-07,8.455114073930833e-06,0,
20260808_145501,ihawk1,20.0,3,E2\E2_dual_camera_height_scan\run_20260808_145501\raw\frames\ihawk1\h_p020p000mm\frame_0003_color.png,5,1,6.171956154902586e-07,0.0005406639276044256,0,
20260808_145501,ihawk1,25.0,1,E2\E2_dual_camera_height_scan\run_20260808_145501\raw\frames\ihawk1\h_p025p000mm\frame_0001_color.png,5,1,4.455097613627882e-07,6.140901040092183e-07,0,
20260808_145501,ihawk1,25.0,2,E2\E2_dual_camera_height_scan\run_20260808_145501\raw\frames\ihawk1\h_p025p000mm\frame_0002_color.png,5,1,5.214259769372443e-07,7.725612787627827e-06,0,
20260808_145501,ihawk1,25.0,3,E2\E2_dual_camera_height_scan\run_20260808_145501\raw\frames\ihawk1\h_p025p000mm\frame_0003_color.png,5,1,3.3349190676300906e-07,4.248024274948303e-06,0,
20260808_145501,ihawk1,30.0,1,E2\E2_dual_camera_height_scan\run_20260808_145501\raw\frames\ihawk1\h_p030p000mm\frame_0001_color.png,5,1,4.330440780371174e-07,3.569682573987609e-06,0,
20260808_145501,ihawk1,30.0,2,E2\E2_dual_camera_height_scan\run_20260808_145501\raw\frames\ihawk1\h_p030p000mm\frame_0002_color.png,5,1,3.946584228298953e-07,5.59712284919014e-07,0,
20260808_145501,ihawk1,30.0,3,E2\E2_dual_camera_height_scan\run_20260808_145501\raw\frames\ihawk1\h_p030p000mm\frame_0003_color.png,5,1,2.1662799748728663e-07,1.4954397730497555e-05,0,
20260808_145501,ihawk1,35.0,1,E2\E2_dual_camera_height_scan\run_20260808_145501\raw\frames\ihawk1\h_p035p000mm\frame_0001_color.png,5,1,4.6722291389915957e-07,0.0032546024767741676,0,
20260808_145501,ihawk1,35.0,2,E2\E2_dual_camera_height_scan\run_20260808_145501\raw\frames\ihawk1\h_p035p000mm\frame_0002_color.png,5,1,3.876463002150333e-06,0.0033425471821474273,0,
20260808_145501,ihawk1,35.0,3,E2\E2_dual_camera_height_scan\run_20260808_145501\raw\frames\ihawk1\h_p035p000mm\frame_0003_color.png,5,1,2.995875245915784e-07,0.004430590961958672,0,
20260808_145501,ihawk1,40.0,1,E2\E2_dual_camera_height_scan\run_20260808_145501\raw\frames\ihawk1\h_p040p000mm\frame_0001_color.png,5,1,3.9492158595441917e-07,0.2487400515570339,0,
20260808_145501,ihawk1,40.0,2,E2\E2_dual_camera_height_scan\run_20260808_145501\raw\frames\ihawk1\h_p040p000mm\frame_0002_color.png,5,1,3.285611279816583e-07,0.24978877384196477,0,
20260808_145501,ihawk1,40.0,3,E2\E2_dual_camera_height_scan\run_20260808_145501\raw\frames\ihawk1\h_p040p000mm\frame_0003_color.png,5,1,4.417164458364109e-07,0.24984190734383113,0,
20260808_145501,ihawk1,45.0,1,E2\E2_dual_camera_height_scan\run_20260808_145501\raw\frames\ihawk1\h_p045p000mm\frame_0001_color.png,5,1,5.315446211952365e-07,4.14373930005792e-06,0,
20260808_145501,ihawk1,45.0,2,E2\E2_dual_camera_height_scan\run_20260808_145501\raw\frames\ihawk1\h_p045p000mm\frame_0002_color.png,5,1,4.009429028304398e-07,0.004462601192496246,0,
20260808_145501,ihawk1,45.0,3,E2\E2_dual_camera_height_scan\run_20260808_145501\raw\frames\ihawk1\h_p045p000mm\frame_0003_color.png,5,1,5.434835837230584e-07,8.499859760312771e-06,0,
20260808_145501,ihawk1,50.0,1,E2\E2_dual_camera_height_scan\run_20260808_145501\raw\frames\ihawk1\h_p050p000mm\frame_0001_color.png,5,1,4.5732251203393365e-07,3.5191941572958805e-06,0,
20260808_145501,ihawk1,50.0,2,E2\E2_dual_camera_height_scan\run_20260808_145501\raw\frames\ihawk1\h_p050p000mm\frame_0002_color.png,5,1,6.015327718611414e-07,3.515552985087233e-06,0,
20260808_145501,ihawk1,50.0,3,E2\E2_dual_camera_height_scan\run_20260808_145501\raw\frames\ihawk1\h_p050p000mm\frame_0003_color.png,5,1,3.840397060340035e-07,8.020789451353301e-06,0,
20260808_145501,ihawk2,0.0,1,E2\E2_dual_camera_height_scan\run_20260808_145501\raw\frames\ihawk2\h_p000p000mm\frame_0001_color.png,5,1,4.743845364411021e-07,7.950325367623052e-06,0,
20260808_145501,ihawk2,0.0,2,E2\E2_dual_camera_height_scan\run_20260808_145501\raw\frames\ihawk2\h_p000p000mm\frame_0002_color.png,5,1,2.7770500591012716e-07,6.828882252893576e-07,0,
20260808_145501,ihawk2,0.0,3,E2\E2_dual_camera_height_scan\run_20260808_145501\raw\frames\ihawk2\h_p000p000mm\frame_0003_color.png,5,1,4.983666079230087e-07,8.276125031781613e-06,0,
20260808_145501,ihawk2,5.0,1,E2\E2_dual_camera_height_scan\run_20260808_145501\raw\frames\ihawk2\h_p005p000mm\frame_0001_color.png,5,1,5.695244142791869e-07,0.0008655738898340465,0,
20260808_145501,ihawk2,5.0,2,E2\E2_dual_camera_height_scan\run_20260808_145501\raw\frames\ihawk2\h_p005p000mm\frame_0002_color.png,5,1,4.7069122652290524e-07,0.0003616493122830693,0,
20260808_145501,ihawk2,5.0,3,E2\E2_dual_camera_height_scan\run_20260808_145501\raw\frames\ihawk2\h_p005p000mm\frame_0003_color.png,5,1,4.034766297977965e-07,0.0004597688919967602,0,
20260808_145501,ihawk2,10.0,1,E2\E2_dual_camera_height_scan\run_20260808_145501\raw\frames\ihawk2\h_p010p000mm\frame_0001_color.png,5,1,5.731267933991458e-07,7.643436287398063e-06,0,
20260808_145501,ihawk2,10.0,2,E2\E2_dual_camera_height_scan\run_20260808_145501\raw\frames\ihawk2\h_p010p000mm\frame_0002_color.png,5,1,5.36971072984585e-07,0.00029877354321175076,0,
20260808_145501,ihawk2,10.0,3,E2\E2_dual_camera_height_scan\run_20260808_145501\raw\frames\ihawk2\h_p010p000mm\frame_0003_color.png,5,1,7.43294973770266e-06,0.00036471503253027377,0,
20260808_145501,ihawk2,15.0,1,E2\E2_dual_camera_height_scan\run_20260808_145501\raw\frames\ihawk2\h_p015p000mm\frame_0001_color.png,5,1,3.015590504491102e-07,0.0003521681878030792,0,
20260808_145501,ihawk2,15.0,2,E2\E2_dual_camera_height_scan\run_20260808_145501\raw\frames\ihawk2\h_p015p000mm\frame_0002_color.png,5,1,3.154312022006356e-07,0.0006744786432137999,0,
20260808_145501,ihawk2,15.0,3,E2\E2_dual_camera_height_scan\run_20260808_145501\raw\frames\ihawk2\h_p015p000mm\frame_0003_color.png,5,1,6.291880989593139e-07,0.0006285536862398793,0,
20260808_145501,ihawk2,20.0,1,E2\E2_dual_camera_height_scan\run_20260808_145501\raw\frames\ihawk2\h_p020p000mm\frame_0001_color.png,5,1,4.967815902482019e-07,1.7328958895577305e-05,0,
20260808_145501,ihawk2,20.0,2,E2\E2_dual_camera_height_scan\run_20260808_145501\raw\frames\ihawk2\h_p020p000mm\frame_0002_color.png,5,1,5.053053100203602e-07,8.846627451642172e-06,0,
20260808_145501,ihawk2,20.0,3,E2\E2_dual_camera_height_scan\run_20260808_145501\raw\frames\ihawk2\h_p020p000mm\frame_0003_color.png,5,1,6.155470940092546e-07,7.870438739079016e-06,0,
20260808_145501,ihawk2,25.0,1,E2\E2_dual_camera_height_scan\run_20260808_145501\raw\frames\ihawk2\h_p025p000mm\frame_0001_color.png,5,1,5.566459996217445e-07,7.708584649139148e-06,0,
20260808_145501,ihawk2,25.0,2,E2\E2_dual_camera_height_scan\run_20260808_145501\raw\frames\ihawk2\h_p025p000mm\frame_0002_color.png,5,1,3.5286286644419384e-07,3.973241767060382e-06,0,
20260808_145501,ihawk2,25.0,3,E2\E2_dual_camera_height_scan\run_20260808_145501\raw\frames\ihawk2\h_p025p000mm\frame_0003_color.png,5,1,4.994742306495983e-07,0.00013761774124837665,0,
20260808_145501,ihawk2,30.0,1,E2\E2_dual_camera_height_scan\run_20260808_145501\raw\frames\ihawk2\h_p030p000mm\frame_0001_color.png,5,1,2.918811182194353e-07,0.00015052092849234905,0,
20260808_145501,ihawk2,30.0,2,E2\E2_dual_camera_height_scan\run_20260808_145501\raw\frames\ihawk2\h_p030p000mm\frame_0002_color.png,5,1,5.724976424995786e-07,0.00013215044963420187,0,
20260808_145501,ihawk2,30.0,3,E2\E2_dual_camera_height_scan\run_20260808_145501\raw\frames\ihawk2\h_p030p000mm\frame_0003_color.png,5,1,5.386547583510467e-07,0.00014955387003614753,0,
20260808_145501,ihawk2,35.0,1,E2\E2_dual_camera_height_scan\run_20260808_145501\raw\frames\ihawk2\h_p035p000mm\frame_0001_color.png,5,1,7.735449147980152e-06,0.00019046342432157731,0,
20260808_145501,ihawk2,35.0,2,E2\E2_dual_camera_height_scan\run_20260808_145501\raw\frames\ihawk2\h_p035p000mm\frame_0002_color.png,5,1,4.4433191639548537e-07,0.0003590880795573162,0,
20260808_145501,ihawk2,35.0,3,E2\E2_dual_camera_height_scan\run_20260808_145501\raw\frames\ihawk2\h_p035p000mm\frame_0003_color.png,5,1,5.529112220004787e-05,0.00042974017543262157,0,
20260808_145501,ihawk2,40.0,1,E2\E2_dual_camera_height_scan\run_20260808_145501\raw\frames\ihawk2\h_p040p000mm\frame_0001_color.png,5,1,4.7107373783607414e-07,5.984085903861884e-07,0,
20260808_145501,ihawk2,40.0,2,E2\E2_dual_camera_height_scan\run_20260808_145501\raw\frames\ihawk2\h_p040p000mm\frame_0002_color.png,5,1,5.615839258913234e-07,4.0468074102161506e-05,0,
20260808_145501,ihawk2,40.0,3,E2\E2_dual_camera_height_scan\run_20260808_145501\raw\frames\ihawk2\h_p040p000mm\frame_0003_color.png,5,1,4.3185846238416055e-07,3.42448650048211e-06,0,
20260808_145501,ihawk2,45.0,1,E2\E2_dual_camera_height_scan\run_20260808_145501\raw\frames\ihawk2\h_p045p000mm\frame_0001_color.png,5,1,3.7803753562681387e-06,0.0002239924770593384,0,
20260808_145501,ihawk2,45.0,2,E2\E2_dual_camera_height_scan\run_20260808_145501\raw\frames\ihawk2\h_p045p000mm\frame_0002_color.png,5,1,7.787434992550691e-06,0.0008123223762087705,0,
20260808_145501,ihawk2,45.0,3,E2\E2_dual_camera_height_scan\run_20260808_145501\raw\frames\ihawk2\h_p045p000mm\frame_0003_color.png,5,1,3.597563539644863e-07,7.79870064137344e-06,0,
20260808_145501,ihawk2,50.0,1,E2\E2_dual_camera_height_scan\run_20260808_145501\raw\frames\ihawk2\h_p050p000mm\frame_0001_color.png,5,1,4.311332650955522e-07,6.083732182989971e-07,0,
20260808_145501,ihawk2,50.0,2,E2\E2_dual_camera_height_scan\run_20260808_145501\raw\frames\ihawk2\h_p050p000mm\frame_0002_color.png,5,1,3.989499700540167e-07,5.295851398935002e-07,0,
20260808_145501,ihawk2,50.0,3,E2\E2_dual_camera_height_scan\run_20260808_145501\raw\frames\ihawk2\h_p050p000mm\frame_0003_color.png,5,1,3.701368563059109e-07,4.417528700452607e-07,0,
20260808_151001,ihawk1,0.0,1,E2\E2_dual_camera_height_scan\run_20260808_151001\raw\frames\ihawk1\h_p000p000mm\frame_0001_color.png,5,1,4.1627747095273747e-07,4.924041217445938e-06,0,
20260808_151001,ihawk1,0.0,2,E2\E2_dual_camera_height_scan\run_20260808_151001\raw\frames\ihawk1\h_p000p000mm\frame_0002_color.png,5,1,3.2593368763404756e-07,5.00713310035868e-07,0,
20260808_151001,ihawk1,0.0,3,E2\E2_dual_camera_height_scan\run_20260808_151001\raw\frames\ihawk1\h_p000p000mm\frame_0003_color.png,5,1,4.3485688153721856e-07,7.588494769644258e-06,0,
20260808_151001,ihawk1,5.0,1,E2\E2_dual_camera_height_scan\run_20260808_151001\raw\frames\ihawk1\h_p005p000mm\frame_0001_color.png,5,1,4.975720505616323e-07,3.579334370566185e-06,0,
20260808_151001,ihawk1,5.0,2,E2\E2_dual_camera_height_scan\run_20260808_151001\raw\frames\ihawk1\h_p005p000mm\frame_0002_color.png,5,1,4.4215748087301394e-07,6.581106003585009e-07,0,
20260808_151001,ihawk1,5.0,3,E2\E2_dual_camera_height_scan\run_20260808_151001\raw\frames\ihawk1\h_p005p000mm\frame_0003_color.png,5,1,5.817798749742378e-07,7.160057725075346e-06,0,
20260808_151001,ihawk1,10.0,1,E2\E2_dual_camera_height_scan\run_20260808_151001\raw\frames\ihawk1\h_p010p000mm\frame_0001_color.png,5,1,7.495284964727661e-06,7.965407520546516e-06,0,
20260808_151001,ihawk1,10.0,2,E2\E2_dual_camera_height_scan\run_20260808_151001\raw\frames\ihawk1\h_p010p000mm\frame_0002_color.png,5,1,5.177684391519772e-07,7.990361677572592e-06,0,
20260808_151001,ihawk1,10.0,3,E2\E2_dual_camera_height_scan\run_20260808_151001\raw\frames\ihawk1\h_p010p000mm\frame_0003_color.png,5,1,4.669980721780921e-07,5.8334379789724915e-06,0,
20260808_151001,ihawk1,15.0,1,E2\E2_dual_camera_height_scan\run_20260808_151001\raw\frames\ihawk1\h_p015p000mm\frame_0001_color.png,5,1,4.5542043703375456e-07,5.955470297487007e-07,0,
20260808_151001,ihawk1,15.0,2,E2\E2_dual_camera_height_scan\run_20260808_151001\raw\frames\ihawk1\h_p015p000mm\frame_0002_color.png,5,1,3.068933161155037e-07,7.582915764572636e-06,0,
20260808_151001,ihawk1,15.0,3,E2\E2_dual_camera_height_scan\run_20260808_151001\raw\frames\ihawk1\h_p015p000mm\frame_0003_color.png,5,1,4.24822672207687e-07,8.827941516617207e-06,0,
20260808_151001,ihawk1,20.0,1,E2\E2_dual_camera_height_scan\run_20260808_151001\raw\frames\ihawk1\h_p020p000mm\frame_0001_color.png,5,1,6.652082331488844e-07,0.0006338987189899956,0,
20260808_151001,ihawk1,20.0,2,E2\E2_dual_camera_height_scan\run_20260808_151001\raw\frames\ihawk1\h_p020p000mm\frame_0002_color.png,5,1,5.678079784436679e-07,0.0011102239779273593,0,
20260808_151001,ihawk1,20.0,3,E2\E2_dual_camera_height_scan\run_20260808_151001\raw\frames\ihawk1\h_p020p000mm\frame_0003_color.png,5,1,4.456346754245267e-07,0.0008951653182338611,0,
20260808_151001,ihawk1,25.0,1,E2\E2_dual_camera_height_scan\run_20260808_151001\raw\frames\ihawk1\h_p025p000mm\frame_0001_color.png,5,1,3.9474996465467006e-07,0.00046390279826898556,0,
20260808_151001,ihawk1,25.0,2,E2\E2_dual_camera_height_scan\run_20260808_151001\raw\frames\ihawk1\h_p025p000mm\frame_0002_color.png,5,1,4.3831912030106426e-07,0.00047974825886390156,0,
20260808_151001,ihawk1,25.0,3,E2\E2_dual_camera_height_scan\run_20260808_151001\raw\frames\ihawk1\h_p025p000mm\frame_0003_color.png,5,1,3.4463575683779105e-06,4.058280360133219e-06,0,
20260808_151001,ihawk1,30.0,1,E2\E2_dual_camera_height_scan\run_20260808_151001\raw\frames\ihawk1\h_p030p000mm\frame_0001_color.png,5,1,4.978436734671187e-07,1.6775838023083203e-05,0,
20260808_151001,ihawk1,30.0,2,E2\E2_dual_camera_height_scan\run_20260808_151001\raw\frames\ihawk1\h_p030p000mm\frame_0002_color.png,5,1,3.8981583940243655e-07,1.0944983477452909e-05,0,
20260808_151001,ihawk1,30.0,3,E2\E2_dual_camera_height_scan\run_20260808_151001\raw\frames\ihawk1\h_p030p000mm\frame_0003_color.png,5,1,5.261144250084527e-07,3.4885223624872304e-06,0,
20260808_151001,ihawk1,35.0,1,E2\E2_dual_camera_height_scan\run_20260808_151001\raw\frames\ihawk1\h_p035p000mm\frame_0001_color.png,5,1,3.701338883711736e-06,8.08573444729346e-06,0,
20260808_151001,ihawk1,35.0,2,E2\E2_dual_camera_height_scan\run_20260808_151001\raw\frames\ihawk1\h_p035p000mm\frame_0002_color.png,5,1,4.2524027516327567e-07,4.997420775943655e-07,0,
20260808_151001,ihawk1,35.0,3,E2\E2_dual_camera_height_scan\run_20260808_151001\raw\frames\ihawk1\h_p035p000mm\frame_0003_color.png,5,1,2.700552831370461e-07,8.37639097660558e-06,0,
20260808_151001,ihawk1,40.0,1,E2\E2_dual_camera_height_scan\run_20260808_151001\raw\frames\ihawk1\h_p040p000mm\frame_0001_color.png,5,1,5.107795480830728e-07,0.4617405655200263,0,
20260808_151001,ihawk1,40.0,2,E2\E2_dual_camera_height_scan\run_20260808_151001\raw\frames\ihawk1\h_p040p000mm\frame_0002_color.png,5,1,5.414288094975825e-07,0.46196596749485574,0,
20260808_151001,ihawk1,40.0,3,E2\E2_dual_camera_height_scan\run_20260808_151001\raw\frames\ihawk1\h_p040p000mm\frame_0003_color.png,5,1,3.7201716278527615e-06,0.4617167647788554,0,
20260808_151001,ihawk1,45.0,1,E2\E2_dual_camera_height_scan\run_20260808_151001\raw\frames\ihawk1\h_p045p000mm\frame_0001_color.png,5,1,4.4350252096004065e-07,0.0001206209729241849,0,
20260808_151001,ihawk1,45.0,2,E2\E2_dual_camera_height_scan\run_20260808_151001\raw\frames\ihawk1\h_p045p000mm\frame_0002_color.png,5,1,5.24422712726815e-07,0.0013862157632809308,0,
20260808_151001,ihawk1,45.0,3,E2\E2_dual_camera_height_scan\run_20260808_151001\raw\frames\ihawk1\h_p045p000mm\frame_0003_color.png,5,1,3.7628254951504433e-06,0.00015058022322324234,0,
20260808_151001,ihawk1,50.0,1,E2\E2_dual_camera_height_scan\run_20260808_151001\raw\frames\ihawk1\h_p050p000mm\frame_0001_color.png,5,1,5.358136307994614e-07,0.001060583698109922,0,
20260808_151001,ihawk1,50.0,2,E2\E2_dual_camera_height_scan\run_20260808_151001\raw\frames\ihawk1\h_p050p000mm\frame_0002_color.png,5,1,3.7060674633448263e-07,6.562309740605889e-07,0,
20260808_151001,ihawk1,50.0,3,E2\E2_dual_camera_height_scan\run_20260808_151001\raw\frames\ihawk1\h_p050p000mm\frame_0003_color.png,5,1,3.8363374515350686e-07,0.001123709144639021,0,
20260808_151001,ihawk2,0.0,1,E2\E2_dual_camera_height_scan\run_20260808_151001\raw\frames\ihawk2\h_p000p000mm\frame_0001_color.png,5,1,5.776022762243099e-07,0.003246373362410438,0,
20260808_151001,ihawk2,0.0,2,E2\E2_dual_camera_height_scan\run_20260808_151001\raw\frames\ihawk2\h_p000p000mm\frame_0002_color.png,5,1,5.690446013448831e-07,0.003843495208664874,0,
20260808_151001,ihawk2,0.0,3,E2\E2_dual_camera_height_scan\run_20260808_151001\raw\frames\ihawk2\h_p000p000mm\frame_0003_color.png,5,1,4.841352343561324e-07,0.0029152809904153198,0,
20260808_151001,ihawk2,5.0,1,E2\E2_dual_camera_height_scan\run_20260808_151001\raw\frames\ihawk2\h_p005p000mm\frame_0001_color.png,5,1,5.236255881145136e-07,0.002741767480112007,0,
20260808_151001,ihawk2,5.0,2,E2\E2_dual_camera_height_scan\run_20260808_151001\raw\frames\ihawk2\h_p005p000mm\frame_0002_color.png,5,1,4.892581133209822e-07,0.0017409215408024034,0,
20260808_151001,ihawk2,5.0,3,E2\E2_dual_camera_height_scan\run_20260808_151001\raw\frames\ihawk2\h_p005p000mm\frame_0003_color.png,5,1,4.1233664830221973e-07,0.0026882483719913213,0,
20260808_151001,ihawk2,10.0,1,E2\E2_dual_camera_height_scan\run_20260808_151001\raw\frames\ihawk2\h_p010p000mm\frame_0001_color.png,5,1,4.1224384362648114e-07,7.157322337537735e-06,0,
20260808_151001,ihawk2,10.0,2,E2\E2_dual_camera_height_scan\run_20260808_151001\raw\frames\ihawk2\h_p010p000mm\frame_0002_color.png,5,1,4.271867234166826e-07,6.500294995382961e-07,0,
20260808_151001,ihawk2,10.0,3,E2\E2_dual_camera_height_scan\run_20260808_151001\raw\frames\ihawk2\h_p010p000mm\frame_0003_color.png,5,1,4.157504948906485e-06,0.0003351230844254284,0,
20260808_151001,ihawk2,15.0,1,E2\E2_dual_camera_height_scan\run_20260808_151001\raw\frames\ihawk2\h_p015p000mm\frame_0001_color.png,5,1,4.890007659009683e-07,0.001122069226159974,0,
20260808_151001,ihawk2,15.0,2,E2\E2_dual_camera_height_scan\run_20260808_151001\raw\frames\ihawk2\h_p015p000mm\frame_0002_color.png,5,1,7.613556133099084e-06,0.0008087518297783328,0,
20260808_151001,ihawk2,15.0,3,E2\E2_dual_camera_height_scan\run_20260808_151001\raw\frames\ihawk2\h_p015p000mm\frame_0003_color.png,5,1,4.938008661511503e-07,0.0011236052002184635,0,
20260808_151001,ihawk2,20.0,1,E2\E2_dual_camera_height_scan\run_20260808_151001\raw\frames\ihawk2\h_p020p000mm\frame_0001_color.png,5,1,2.254574735519691e-07,7.697199427380667e-06,0,
20260808_151001,ihawk2,20.0,2,E2\E2_dual_camera_height_scan\run_20260808_151001\raw\frames\ihawk2\h_p020p000mm\frame_0002_color.png,5,1,7.247106636752178e-06,0.00014215676743666679,0,
20260808_151001,ihawk2,20.0,3,E2\E2_dual_camera_height_scan\run_20260808_151001\raw\frames\ihawk2\h_p020p000mm\frame_0003_color.png,5,1,4.591158218719901e-07,8.006119545974128e-05,0,
20260808_151001,ihawk2,25.0,1,E2\E2_dual_camera_height_scan\run_20260808_151001\raw\frames\ihawk2\h_p025p000mm\frame_0001_color.png,5,1,3.724767319039122e-06,7.783797132854597e-06,0,
20260808_151001,ihawk2,25.0,2,E2\E2_dual_camera_height_scan\run_20260808_151001\raw\frames\ihawk2\h_p025p000mm\frame_0002_color.png,5,1,7.591312121223169e-06,1.0471395573021378e-05,0,
20260808_151001,ihawk2,25.0,3,E2\E2_dual_camera_height_scan\run_20260808_151001\raw\frames\ihawk2\h_p025p000mm\frame_0003_color.png,5,1,4.627469409686293e-07,7.355686406582912e-06,0,
20260808_151001,ihawk2,30.0,1,E2\E2_dual_camera_height_scan\run_20260808_151001\raw\frames\ihawk2\h_p030p000mm\frame_0001_color.png,5,1,4.3935899428873896e-07,0.0004933204862744333,0,
20260808_151001,ihawk2,30.0,2,E2\E2_dual_camera_height_scan\run_20260808_151001\raw\frames\ihawk2\h_p030p000mm\frame_0002_color.png,5,1,4.257186384897972e-06,0.00036930368343878665,0,
20260808_151001,ihawk2,30.0,3,E2\E2_dual_camera_height_scan\run_20260808_151001\raw\frames\ihawk2\h_p030p000mm\frame_0003_color.png,5,1,4.898850858662882e-07,0.000157393653842467,0,
20260808_151001,ihawk2,35.0,1,E2\E2_dual_camera_height_scan\run_20260808_151001\raw\frames\ihawk2\h_p035p000mm\frame_0001_color.png,5,1,3.945323407594399e-06,5.4594860076825175e-05,0,
20260808_151001,ihawk2,35.0,2,E2\E2_dual_camera_height_scan\run_20260808_151001\raw\frames\ihawk2\h_p035p000mm\frame_0002_color.png,5,1,5.608044266450476e-07,5.521242532794907e-05,0,
20260808_151001,ihawk2,35.0,3,E2\E2_dual_camera_height_scan\run_20260808_151001\raw\frames\ihawk2\h_p035p000mm\frame_0003_color.png,5,1,4.226050725821968e-06,6.774206575510766e-05,0,
20260808_151001,ihawk2,40.0,1,E2\E2_dual_camera_height_scan\run_20260808_151001\raw\frames\ihawk2\h_p040p000mm\frame_0001_color.png,5,1,3.148172366828788e-07,7.335441310957655e-06,0,
20260808_151001,ihawk2,40.0,2,E2\E2_dual_camera_height_scan\run_20260808_151001\raw\frames\ihawk2\h_p040p000mm\frame_0002_color.png,5,1,2.397356404618566e-07,4.4966458711849756e-07,0,
20260808_151001,ihawk2,40.0,3,E2\E2_dual_camera_height_scan\run_20260808_151001\raw\frames\ihawk2\h_p040p000mm\frame_0003_color.png,5,1,6.736798375512892e-07,0.000373727635531036,0,
20260808_151001,ihawk2,45.0,1,E2\E2_dual_camera_height_scan\run_20260808_151001\raw\frames\ihawk2\h_p045p000mm\frame_0001_color.png,5,1,4.041331464825343e-06,0.0002679536148022371,0,
20260808_151001,ihawk2,45.0,2,E2\E2_dual_camera_height_scan\run_20260808_151001\raw\frames\ihawk2\h_p045p000mm\frame_0002_color.png,5,1,2.993199756424079e-07,0.0002831066854644487,0,
20260808_151001,ihawk2,45.0,3,E2\E2_dual_camera_height_scan\run_20260808_151001\raw\frames\ihawk2\h_p045p000mm\frame_0003_color.png,5,1,4.6229816949776593e-07,0.0004340903277533676,0,
20260808_151001,ihawk2,50.0,1,E2\E2_dual_camera_height_scan\run_20260808_151001\raw\frames\ihawk2\h_p050p000mm\frame_0001_color.png,5,1,3.811703631216771e-07,8.429590489563274e-06,0,
20260808_151001,ihawk2,50.0,2,E2\E2_dual_camera_height_scan\run_20260808_151001\raw\frames\ihawk2\h_p050p000mm\frame_0002_color.png,5,1,5.183426923921891e-07,8.117898292679857e-06,0,
20260808_151001,ihawk2,50.0,3,E2\E2_dual_camera_height_scan\run_20260808_151001\raw\frames\ihawk2\h_p050p000mm\frame_0003_color.png,5,1,3.9951030415863154e-07,5.050843895050256e-07,0,
20260808_162715,ihawk1,0.0,1,E2\E2_dual_camera_height_scan\run_20260808_162715\raw\frames\ihawk1\h_p000p000mm\frame_0001_color.png,5,1,4.375024583366706e-07,7.515473533399279e-06,0,
20260808_162715,ihawk1,0.0,2,E2\E2_dual_camera_height_scan\run_20260808_162715\raw\frames\ihawk1\h_p000p000mm\frame_0002_color.png,5,1,6.534456921975487e-07,8.476774786241278e-06,0,
20260808_162715,ihawk1,0.0,3,E2\E2_dual_camera_height_scan\run_20260808_162715\raw\frames\ihawk1\h_p000p000mm\frame_0003_color.png,5,1,4.5757790690136034e-07,6.343855919667297e-07,0,
20260808_162715,ihawk1,5.0,1,E2\E2_dual_camera_height_scan\run_20260808_162715\raw\frames\ihawk1\h_p005p000mm\frame_0001_color.png,5,1,5.886663725029588e-07,7.568313051688729e-06,0,
20260808_162715,ihawk1,5.0,2,E2\E2_dual_camera_height_scan\run_20260808_162715\raw\frames\ihawk1\h_p005p000mm\frame_0002_color.png,5,1,4.0596474097517697e-07,3.8041122187490196e-06,0,
20260808_162715,ihawk1,5.0,3,E2\E2_dual_camera_height_scan\run_20260808_162715\raw\frames\ihawk1\h_p005p000mm\frame_0003_color.png,5,1,5.123168792112029e-07,1.1317243673517296e-05,0,
20260808_162715,ihawk1,10.0,1,E2\E2_dual_camera_height_scan\run_20260808_162715\raw\frames\ihawk1\h_p010p000mm\frame_0001_color.png,5,1,7.254491410042992e-06,0.0053638211625352105,0,
20260808_162715,ihawk1,10.0,2,E2\E2_dual_camera_height_scan\run_20260808_162715\raw\frames\ihawk1\h_p010p000mm\frame_0002_color.png,5,1,4.117365489127647e-06,0.0049159110253886844,0,
20260808_162715,ihawk1,10.0,3,E2\E2_dual_camera_height_scan\run_20260808_162715\raw\frames\ihawk1\h_p010p000mm\frame_0003_color.png,5,1,6.210202679073223e-07,0.006446829028284109,0,
20260808_162715,ihawk1,15.0,1,E2\E2_dual_camera_height_scan\run_20260808_162715\raw\frames\ihawk1\h_p015p000mm\frame_0001_color.png,5,1,3.7994431238057764e-07,4.312848156588061e-06,0,
20260808_162715,ihawk1,15.0,2,E2\E2_dual_camera_height_scan\run_20260808_162715\raw\frames\ihawk1\h_p015p000mm\frame_0002_color.png,5,1,5.918937394404339e-07,0.016085454101213603,0,
20260808_162715,ihawk1,15.0,3,E2\E2_dual_camera_height_scan\run_20260808_162715\raw\frames\ihawk1\h_p015p000mm\frame_0003_color.png,5,1,5.158062344082815e-07,0.00012255089627795235,0,
20260808_162715,ihawk1,20.0,1,E2\E2_dual_camera_height_scan\run_20260808_162715\raw\frames\ihawk1\h_p020p000mm\frame_0001_color.png,5,1,3.6414293510405173e-07,0.0004718225996890348,0,
20260808_162715,ihawk1,20.0,2,E2\E2_dual_camera_height_scan\run_20260808_162715\raw\frames\ihawk1\h_p020p000mm\frame_0002_color.png,5,1,5.16936564322284e-07,0.00039283248682751,0,
20260808_162715,ihawk1,20.0,3,E2\E2_dual_camera_height_scan\run_20260808_162715\raw\frames\ihawk1\h_p020p000mm\frame_0003_color.png,5,1,4.836894062190565e-07,5.45840631781316e-07,0,
20260808_162715,ihawk1,25.0,1,E2\E2_dual_camera_height_scan\run_20260808_162715\raw\frames\ihawk1\h_p025p000mm\frame_0001_color.png,5,1,5.899965045438771e-07,4.108161680662044e-06,0,
20260808_162715,ihawk1,25.0,2,E2\E2_dual_camera_height_scan\run_20260808_162715\raw\frames\ihawk1\h_p025p000mm\frame_0002_color.png,5,1,3.147165970510644e-07,4.073163252590435e-06,0,
20260808_162715,ihawk1,25.0,3,E2\E2_dual_camera_height_scan\run_20260808_162715\raw\frames\ihawk1\h_p025p000mm\frame_0003_color.png,5,1,2.9459369054270966e-07,4.833757519863567e-07,0,
20260808_162715,ihawk1,30.0,1,E2\E2_dual_camera_height_scan\run_20260808_162715\raw\frames\ihawk1\h_p030p000mm\frame_0001_color.png,5,1,3.752786884619854e-07,4.2804752985174283e-07,0,
20260808_162715,ihawk1,30.0,2,E2\E2_dual_camera_height_scan\run_20260808_162715\raw\frames\ihawk1\h_p030p000mm\frame_0002_color.png,5,1,3.5568074394105304e-07,4.045224249907448e-06,0,
20260808_162715,ihawk1,30.0,3,E2\E2_dual_camera_height_scan\run_20260808_162715\raw\frames\ihawk1\h_p030p000mm\frame_0003_color.png,5,1,4.735722086164777e-07,5.80969491444897e-06,0,
20260808_162715,ihawk1,35.0,1,E2\E2_dual_camera_height_scan\run_20260808_162715\raw\frames\ihawk1\h_p035p000mm\frame_0001_color.png,5,1,4.555714417280554e-07,1.7323445145239727e-05,0,
20260808_162715,ihawk1,35.0,2,E2\E2_dual_camera_height_scan\run_20260808_162715\raw\frames\ihawk1\h_p035p000mm\frame_0002_color.png,5,1,4.998991387731282e-07,1.1288076749248335e-05,0,
20260808_162715,ihawk1,35.0,3,E2\E2_dual_camera_height_scan\run_20260808_162715\raw\frames\ihawk1\h_p035p000mm\frame_0003_color.png,5,1,5.215566392429027e-07,1.1149728346924843e-05,0,
20260808_162715,ihawk1,40.0,1,E2\E2_dual_camera_height_scan\run_20260808_162715\raw\frames\ihawk1\h_p040p000mm\frame_0001_color.png,5,1,5.04077093510359e-07,7.457588494531315e-06,0,
20260808_162715,ihawk1,40.0,2,E2\E2_dual_camera_height_scan\run_20260808_162715\raw\frames\ihawk1\h_p040p000mm\frame_0002_color.png,5,1,4.2258451858366605e-07,0.0007312141781583551,0,
20260808_162715,ihawk1,40.0,3,E2\E2_dual_camera_height_scan\run_20260808_162715\raw\frames\ihawk1\h_p040p000mm\frame_0003_color.png,5,1,3.5029202693961475e-07,3.4622236868785373e-06,0,
20260808_162715,ihawk1,45.0,1,E2\E2_dual_camera_height_scan\run_20260808_162715\raw\frames\ihawk1\h_p045p000mm\frame_0001_color.png,5,1,3.7375141003383834e-06,0.0009651832471627383,0,
20260808_162715,ihawk1,45.0,2,E2\E2_dual_camera_height_scan\run_20260808_162715\raw\frames\ihawk1\h_p045p000mm\frame_0002_color.png,5,1,4.400576914327572e-07,0.0009252345369947934,0,
20260808_162715,ihawk1,45.0,3,E2\E2_dual_camera_height_scan\run_20260808_162715\raw\frames\ihawk1\h_p045p000mm\frame_0003_color.png,5,1,4.297532568111383e-06,0.0007744389386036312,0,
20260808_162715,ihawk1,50.0,1,E2\E2_dual_camera_height_scan\run_20260808_162715\raw\frames\ihawk1\h_p050p000mm\frame_0001_color.png,5,1,4.78364438137549e-07,3.6054639115156615e-06,0,
20260808_162715,ihawk1,50.0,2,E2\E2_dual_camera_height_scan\run_20260808_162715\raw\frames\ihawk1\h_p050p000mm\frame_0002_color.png,5,1,2.8726545039066707e-07,4.1127697576697494e-07,0,
20260808_162715,ihawk1,50.0,3,E2\E2_dual_camera_height_scan\run_20260808_162715\raw\frames\ihawk1\h_p050p000mm\frame_0003_color.png,5,1,5.120017882695271e-07,7.479234458823592e-06,0,
20260808_162715,ihawk2,0.0,1,E2\E2_dual_camera_height_scan\run_20260808_162715\raw\frames\ihawk2\h_p000p000mm\frame_0001_color.png,5,1,4.188773082859238e-07,0.00020545014624177035,0,
20260808_162715,ihawk2,0.0,2,E2\E2_dual_camera_height_scan\run_20260808_162715\raw\frames\ihawk2\h_p000p000mm\frame_0002_color.png,5,1,6.404934114980712e-07,7.920983095869296e-06,0,
20260808_162715,ihawk2,0.0,3,E2\E2_dual_camera_height_scan\run_20260808_162715\raw\frames\ihawk2\h_p000p000mm\frame_0003_color.png,5,1,5.370403277448137e-07,4.16399783418575e-06,0,
20260808_162715,ihawk2,5.0,1,E2\E2_dual_camera_height_scan\run_20260808_162715\raw\frames\ihawk2\h_p005p000mm\frame_0001_color.png,5,1,4.8659498821425e-07,7.210451034679402e-06,0,
20260808_162715,ihawk2,5.0,2,E2\E2_dual_camera_height_scan\run_20260808_162715\raw\frames\ihawk2\h_p005p000mm\frame_0002_color.png,5,1,4.989854737409372e-07,7.573839079662801e-06,0,
20260808_162715,ihawk2,5.0,3,E2\E2_dual_camera_height_scan\run_20260808_162715\raw\frames\ihawk2\h_p005p000mm\frame_0003_color.png,5,1,4.683022072185284e-07,7.761162419123978e-06,0,
20260808_162715,ihawk2,10.0,1,E2\E2_dual_camera_height_scan\run_20260808_162715\raw\frames\ihawk2\h_p010p000mm\frame_0001_color.png,5,1,5.09066619946472e-07,8.400813538696915e-05,0,
20260808_162715,ihawk2,10.0,2,E2\E2_dual_camera_height_scan\run_20260808_162715\raw\frames\ihawk2\h_p010p000mm\frame_0002_color.png,5,1,5.329191062845642e-07,8.471894696012158e-05,0,
20260808_162715,ihawk2,10.0,3,E2\E2_dual_camera_height_scan\run_20260808_162715\raw\frames\ihawk2\h_p010p000mm\frame_0003_color.png,5,1,4.197447735012389e-07,7.646470994652589e-05,0,
20260808_162715,ihawk2,15.0,1,E2\E2_dual_camera_height_scan\run_20260808_162715\raw\frames\ihawk2\h_p015p000mm\frame_0001_color.png,5,1,3.85263807028792e-07,0.0015676121660379383,0,
20260808_162715,ihawk2,15.0,2,E2\E2_dual_camera_height_scan\run_20260808_162715\raw\frames\ihawk2\h_p015p000mm\frame_0002_color.png,5,1,5.750421260361568e-07,0.002171911165921123,0,
20260808_162715,ihawk2,15.0,3,E2\E2_dual_camera_height_scan\run_20260808_162715\raw\frames\ihawk2\h_p015p000mm\frame_0003_color.png,5,1,3.08119404539639e-07,0.002171290855726642,0,
20260808_162715,ihawk2,20.0,1,E2\E2_dual_camera_height_scan\run_20260808_162715\raw\frames\ihawk2\h_p020p000mm\frame_0001_color.png,5,1,9.102466915473672e-06,0.004534499314086623,0,
20260808_162715,ihawk2,20.0,2,E2\E2_dual_camera_height_scan\run_20260808_162715\raw\frames\ihawk2\h_p020p000mm\frame_0002_color.png,5,1,5.239096495919207e-07,0.0004972580814712435,0,
20260808_162715,ihawk2,20.0,3,E2\E2_dual_camera_height_scan\run_20260808_162715\raw\frames\ihawk2\h_p020p000mm\frame_0003_color.png,5,1,8.219748838340283e-06,0.003599518040329215,0,
20260808_162715,ihawk2,25.0,1,E2\E2_dual_camera_height_scan\run_20260808_162715\raw\frames\ihawk2\h_p025p000mm\frame_0001_color.png,5,1,4.380035463694733e-07,5.9317387105114075e-06,0,
20260808_162715,ihawk2,25.0,2,E2\E2_dual_camera_height_scan\run_20260808_162715\raw\frames\ihawk2\h_p025p000mm\frame_0002_color.png,5,1,5.015069426156514e-07,5.517093500378875e-06,0,
20260808_162715,ihawk2,25.0,3,E2\E2_dual_camera_height_scan\run_20260808_162715\raw\frames\ihawk2\h_p025p000mm\frame_0003_color.png,5,1,3.881418148095312e-07,7.440475840017466e-06,0,
20260808_162715,ihawk2,30.0,1,E2\E2_dual_camera_height_scan\run_20260808_162715\raw\frames\ihawk2\h_p030p000mm\frame_0001_color.png,5,1,3.3654475177801215e-06,7.924566712976862e-06,0,
20260808_162715,ihawk2,30.0,2,E2\E2_dual_camera_height_scan\run_20260808_162715\raw\frames\ihawk2\h_p030p000mm\frame_0002_color.png,5,1,4.772297143683347e-07,7.288403802778493e-06,0,
20260808_162715,ihawk2,30.0,3,E2\E2_dual_camera_height_scan\run_20260808_162715\raw\frames\ihawk2\h_p030p000mm\frame_0003_color.png,5,1,6.115622890485695e-07,7.645577245186049e-06,0,
20260808_162715,ihawk2,35.0,1,E2\E2_dual_camera_height_scan\run_20260808_162715\raw\frames\ihawk2\h_p035p000mm\frame_0001_color.png,5,1,3.670609140453147e-06,0.00084703565005943,0,
20260808_162715,ihawk2,35.0,2,E2\E2_dual_camera_height_scan\run_20260808_162715\raw\frames\ihawk2\h_p035p000mm\frame_0002_color.png,5,1,4.4895145589208895e-07,0.0006394841826706191,0,
20260808_162715,ihawk2,35.0,3,E2\E2_dual_camera_height_scan\run_20260808_162715\raw\frames\ihawk2\h_p035p000mm\frame_0003_color.png,5,1,4.238712999179646e-06,0.000826562074353472,0,
20260808_162715,ihawk2,40.0,1,E2\E2_dual_camera_height_scan\run_20260808_162715\raw\frames\ihawk2\h_p040p000mm\frame_0001_color.png,5,1,5.449892582412627e-07,0.000350350338096531,0,
20260808_162715,ihawk2,40.0,2,E2\E2_dual_camera_height_scan\run_20260808_162715\raw\frames\ihawk2\h_p040p000mm\frame_0002_color.png,5,1,3.575422637615644e-07,7.5838664975600195e-06,0,
20260808_162715,ihawk2,40.0,3,E2\E2_dual_camera_height_scan\run_20260808_162715\raw\frames\ihawk2\h_p040p000mm\frame_0003_color.png,5,1,4.222989526304448e-07,1.1189084213297408e-05,0,
20260808_162715,ihawk2,45.0,1,E2\E2_dual_camera_height_scan\run_20260808_162715\raw\frames\ihawk2\h_p045p000mm\frame_0001_color.png,5,1,4.550414736919572e-07,0.0015727700148633898,0,
20260808_162715,ihawk2,45.0,2,E2\E2_dual_camera_height_scan\run_20260808_162715\raw\frames\ihawk2\h_p045p000mm\frame_0002_color.png,5,1,3.203140118535574e-07,0.001093434013306123,0,
20260808_162715,ihawk2,45.0,3,E2\E2_dual_camera_height_scan\run_20260808_162715\raw\frames\ihawk2\h_p045p000mm\frame_0003_color.png,5,1,3.461101483578052e-07,0.0015692958204078856,0,
20260808_162715,ihawk2,50.0,1,E2\E2_dual_camera_height_scan\run_20260808_162715\raw\frames\ihawk2\h_p050p000mm\frame_0001_color.png,5,1,4.5873036484453365e-07,4.136485324228942e-06,0,
20260808_162715,ihawk2,50.0,2,E2\E2_dual_camera_height_scan\run_20260808_162715\raw\frames\ihawk2\h_p050p000mm\frame_0002_color.png,5,1,3.913586155230754e-07,3.5198189922160845e-06,0,
20260808_162715,ihawk2,50.0,3,E2\E2_dual_camera_height_scan\run_20260808_162715\raw\frames\ihawk2\h_p050p000mm\frame_0003_color.png,5,1,4.2363935072740344e-07,7.867719413611487e-06,0,
