camera,height_mm,run_id,bias_kind,b_run_rho_x_mm,b_run_rho_y_mm,b_run_rho_z_mm,b_run_omega_x_rad,b_run_omega_y_rad,b_run_omega_z_rad,gaussian_fit,definition
ihawk1,0.0,20260808_131913,baseline_placement,-2.186238813282988,3.0266193578192846,-0.10552373643097362,0.0025216913829024684,0.002058626633752093,0.017312074465597738,0,Log(inv(T_bar_camera_height0) @ T_bar_camera_run_height0)
ihawk1,0.0,20260808_141232,baseline_placement,0.3454240881976298,-0.15538775361824028,0.5022704360338712,-0.003289286657211633,0.001380532377213576,-0.009986768173653663,0,Log(inv(T_bar_camera_height0) @ T_bar_camera_run_height0)
ihawk1,0.0,20260808_145501,baseline_placement,0.2670469216546093,-0.21917775710229562,-0.5723205088691692,-0.0006306594669280821,-0.0016530597678085363,-0.004800160056398915,0,Log(inv(T_bar_camera_height0) @ T_bar_camera_run_height0)
ihawk1,0.0,20260808_151001,baseline_placement,0.004868217561201965,0.0702115862183766,-0.3076036152866258,-0.0003108050467961155,-0.0005872923846963356,-0.00036091561579349764,0,Log(inv(T_bar_camera_height0) @ T_bar_camera_run_height0)
ihawk1,0.0,20260808_162715,baseline_placement,1.5688995858696595,-2.7222654333171445,0.48317742455262336,0.0017090597880357957,-0.0011988068584743415,-0.002164230619779872,0,Log(inv(T_bar_camera_height0) @ T_bar_camera_run_height0)
ihawk1,0.0,20260808_131913,condition_residual,0.0,0.0,0.0,0.0,0.0,0.0,0,Log(inv(Exp(b_pose_height)) @ E_run_height)
ihawk1,0.0,20260808_141232,condition_residual,0.0,0.0,0.0,0.0,0.0,0.0,0,Log(inv(Exp(b_pose_height)) @ E_run_height)
ihawk1,0.0,20260808_145501,condition_residual,0.0,0.0,0.0,0.0,0.0,0.0,0,Log(inv(Exp(b_pose_height)) @ E_run_height)
ihawk1,0.0,20260808_151001,condition_residual,0.0,0.0,0.0,0.0,0.0,0.0,0,Log(inv(Exp(b_pose_height)) @ E_run_height)
ihawk1,0.0,20260808_162715,condition_residual,0.0,0.0,0.0,0.0,0.0,0.0,0,Log(inv(Exp(b_pose_height)) @ E_run_height)
ihawk1,5.0,20260808_131913,condition_residual,-0.16956992199841503,-1.6953869569715074,-1.298070438065162,-0.0001999119059850894,-0.002829005034955872,-0.004242729204973508,0,Log(inv(Exp(b_pose_height)) @ E_run_height)
ihawk1,5.0,20260808_141232,condition_residual,1.8966171589308616,5.952446428802219,-1.5242195772379523,0.0039522587971300505,-0.004771278412294358,0.02334065017486898,0,Log(inv(Exp(b_pose_height)) @ E_run_height)
ihawk1,5.0,20260808_145501,condition_residual,-0.1436161472457191,-0.46287556580429107,0.36582324739507044,-0.0005864267287029938,0.0022872226740296656,-0.0008928682148209871,0,Log(inv(Exp(b_pose_height)) @ E_run_height)
ihawk1,5.0,20260808_151001,condition_residual,-1.7821096923856248,-2.04927382466294,1.817815697745877,-0.0010337695759036751,0.0020569412388399965,-0.003939191895073595,0,Log(inv(Exp(b_pose_height)) @ E_run_height)
ihawk1,5.0,20260808_162715,condition_residual,0.19867860269885274,-1.7449100813634768,0.6386510701621713,-0.0021321505865344393,0.0032561195343942732,-0.014265860859956049,0,Log(inv(Exp(b_pose_height)) @ E_run_height)
ihawk1,10.0,20260808_131913,condition_residual,2.253250313887372,-2.9192070826827736,-0.020101469203442104,-0.0020878547432381595,-0.00212681685564688,-0.009952075472576094,0,Log(inv(Exp(b_pose_height)) @ E_run_height)
ihawk1,10.0,20260808_141232,condition_residual,-1.7597634141819218,4.9456728011132345,-0.24602699137625533,0.004635328657363832,-0.0004969201575466776,0.008194149583339269,0,Log(inv(Exp(b_pose_height)) @ E_run_height)
ihawk1,10.0,20260808_145501,condition_residual,-1.6965643994141855,-1.3268896154450958,0.9930610647725396,-0.0021967989357867443,0.0016424791388491061,0.013478957397395021,0,Log(inv(Exp(b_pose_height)) @ E_run_height)
ihawk1,10.0,20260808_151001,condition_residual,-0.8662345443835066,0.016078491796785714,0.30055378187223597,0.0009239865554943718,-0.0012866989624353605,0.002221285983223924,0,Log(inv(Exp(b_pose_height)) @ E_run_height)
ihawk1,10.0,20260808_162715,condition_residual,2.069312044092215,-0.7156545947821391,-1.0274863860650776,-0.0012746615338487784,0.00226795683678583,-0.013942317491390346,0,Log(inv(Exp(b_pose_height)) @ E_run_height)
ihawk1,15.0,20260808_131913,condition_residual,0.3786870135225005,-2.2321140111990285,-0.08184820932394853,-0.001277798279810701,-0.0021506685918994237,-0.011915637768729987,0,Log(inv(Exp(b_pose_height)) @ E_run_height)
ihawk1,15.0,20260808_141232,condition_residual,-0.6957706369013533,4.575163963800778,-0.623462481864412,0.0007772250633808635,0.0013181261206746768,0.005728161991963559,0,Log(inv(Exp(b_pose_height)) @ E_run_height)
ihawk1,15.0,20260808_145501,condition_residual,-1.4833621122339626,0.40216914534993115,0.1570755962620263,-0.0006199388630574311,0.0009399253528204826,0.009902305111401097,0,Log(inv(Exp(b_pose_height)) @ E_run_height)
ihawk1,15.0,20260808_151001,condition_residual,-0.11377757123625419,-1.1492588753003066,0.39948050604961455,0.00236870716699572,-0.0029234880391101783,-0.001263438036952792,0,Log(inv(Exp(b_pose_height)) @ E_run_height)
ihawk1,15.0,20260808_162715,condition_residual,1.9142233068490688,-1.59596022265135,0.14875458887674653,-0.001248195087489411,0.002816105157499277,-0.0024513912976803286,0,Log(inv(Exp(b_pose_height)) @ E_run_height)
ihawk1,20.0,20260808_131913,condition_residual,1.2790679035213655,-3.494673626651154,0.2662147536472965,-0.0019218104213993951,0.002395104537684772,-0.01556274653077453,0,Log(inv(Exp(b_pose_height)) @ E_run_height)
ihawk1,20.0,20260808_141232,condition_residual,1.2449517721692378,3.4963674246218424,-0.49389511251197743,0.004649719178271408,-0.0028435133967878575,0.014497748279837535,0,Log(inv(Exp(b_pose_height)) @ E_run_height)
ihawk1,20.0,20260808_145501,condition_residual,-0.9864197841704916,0.8172638318760704,0.25628742725441855,-0.0005259079065924704,6.44128910328848e-05,0.010868211787574722,0,Log(inv(Exp(b_pose_height)) @ E_run_height)
ihawk1,20.0,20260808_151001,condition_residual,-1.4889263322494244,-0.10367485372146859,-0.5910533907106641,-0.0008471673516578097,-0.00330873136093423,-0.0007436428848738561,0,Log(inv(Exp(b_pose_height)) @ E_run_height)
ihawk1,20.0,20260808_162715,condition_residual,-0.04867355927070493,-0.7152827761252877,0.5624463223209356,-0.0013548334986246769,0.003692727328996715,-0.009059570651745681,0,Log(inv(Exp(b_pose_height)) @ E_run_height)
ihawk1,25.0,20260808_131913,condition_residual,0.5370897266154822,-4.961561073555576,1.2802583695961829,-0.002901800112067527,-0.0026064801634168152,-0.011800675190667038,0,Log(inv(Exp(b_pose_height)) @ E_run_height)
ihawk1,25.0,20260808_141232,condition_residual,-0.6929578939892365,2.4516774802680015,-0.1815699293672066,-0.00042700298033034593,0.009092143886150063,0.004523412509618098,0,Log(inv(Exp(b_pose_height)) @ E_run_height)
ihawk1,25.0,20260808_145501,condition_residual,0.9285409927835145,0.3851765005115074,0.428657306526276,0.002003202984643763,-0.0010677489326272268,0.005699084049002212,0,Log(inv(Exp(b_pose_height)) @ E_run_height)
ihawk1,25.0,20260808_151001,condition_residual,-2.2360720710351356,-0.01443311773279163,-0.8016853071016766,-0.0007616791890139188,-0.0008689430279679024,0.0005696353681021427,0,Log(inv(Exp(b_pose_height)) @ E_run_height)
ihawk1,25.0,20260808_162715,condition_residual,1.4633992456253153,2.1391402105089505,-0.7256604396535001,0.0020872792967036543,-0.004548971762272542,0.0010085432640514398,0,Log(inv(Exp(b_pose_height)) @ E_run_height)
ihawk1,30.0,20260808_131913,condition_residual,0.0042623706105103885,-4.666601680643587,1.672640349053769,-0.005578248299256605,4.6541445651261784e-05,-0.012456419523359566,0,Log(inv(Exp(b_pose_height)) @ E_run_height)
ihawk1,30.0,20260808_141232,condition_residual,-0.20467196678037836,3.206185754940304,-1.2354269530915656,0.0017150098311019856,-0.0017020882286325793,0.005206591870946678,0,Log(inv(Exp(b_pose_height)) @ E_run_height)
ihawk1,30.0,20260808_145501,condition_residual,-0.8014351558753317,0.909314697218865,0.3596088670703445,0.0018626890848775445,0.0029473663720888817,0.0019269125446395273,0,Log(inv(Exp(b_pose_height)) @ E_run_height)
ihawk1,30.0,20260808_151001,condition_residual,-1.1702478244139403,0.8215298805267239,-1.0400016662023048,0.001635567622747313,-0.0010132634681010674,0.002930440963139681,0,Log(inv(Exp(b_pose_height)) @ E_run_height)
ihawk1,30.0,20260808_162715,condition_residual,2.1720925764591286,-0.27042865204231414,0.24317940316975964,0.00036498176055445146,-0.00027855612101366405,0.0023924741446968737,0,Log(inv(Exp(b_pose_height)) @ E_run_height)
ihawk1,35.0,20260808_131913,condition_residual,-1.8568240253199522,-4.853815209747084,1.2302047691540245,-0.001453017328998528,0.003652076445778498,-0.012259611869365111,0,Log(inv(Exp(b_pose_height)) @ E_run_height)
ihawk1,35.0,20260808_141232,condition_residual,1.029666138766757,5.282392567565939,-0.8808853316818852,0.0037959646191025637,-0.005313999672107925,0.003325956941058571,0,Log(inv(Exp(b_pose_height)) @ E_run_height)
ihawk1,35.0,20260808_145501,condition_residual,-0.4632215516884562,0.22986038596000347,0.6290395276134334,-0.006876146722440779,0.005247808829589468,-0.009875397455921189,0,Log(inv(Exp(b_pose_height)) @ E_run_height)
ihawk1,35.0,20260808_151001,condition_residual,-1.7384582719064101,-0.4940955681816605,-0.7556896732437126,0.0025215697135195425,-0.0008601714481578287,0.010968042129219332,0,Log(inv(Exp(b_pose_height)) @ E_run_height)
ihawk1,35.0,20260808_162715,condition_residual,3.028837710148063,-0.16434217559716705,-0.22266929184181278,0.002011629718793334,-0.0027257141550701123,0.007841010254963207,0,Log(inv(Exp(b_pose_height)) @ E_run_height)
ihawk1,40.0,20260808_131913,condition_residual,-4.25935280731712,-4.980677741268764,1.9041686508303628,-0.004919235092130123,0.0038921011190927103,-0.015037276962311703,0,Log(inv(Exp(b_pose_height)) @ E_run_height)
ihawk1,40.0,20260808_141232,condition_residual,1.1353944652780987,4.278818215932199,-0.5341920913543592,0.001969042862676941,-0.0031147923877066146,-0.000435780336953385,0,Log(inv(Exp(b_pose_height)) @ E_run_height)
ihawk1,40.0,20260808_145501,condition_residual,1.2918484514776634,-0.3116608232839033,0.3020738707007013,-5.914237005074935e-05,0.0018319490803352973,0.0020322150920529538,0,Log(inv(Exp(b_pose_height)) @ E_run_height)
ihawk1,40.0,20260808_151001,condition_residual,-1.0665069376124965,1.2944740727946686,-1.1172870370667987,0.002497810864759598,-0.0005470250164728204,0.01814167913187789,0,Log(inv(Exp(b_pose_height)) @ E_run_height)
ihawk1,40.0,20260808_162715,condition_residual,2.898616828173862,-0.28095372417421155,-0.5547633931098922,0.0005115237347386759,-0.0020622327952365166,-0.004700836924660899,0,Log(inv(Exp(b_pose_height)) @ E_run_height)
ihawk1,45.0,20260808_131913,condition_residual,-2.7087115421216597,-3.7773232293205505,-0.05367595904351859,-0.0018286405741010548,0.004348060196083617,-0.020148802480878834,0,Log(inv(Exp(b_pose_height)) @ E_run_height)
ihawk1,45.0,20260808_141232,condition_residual,1.1858415454236997,6.739596080731126,-1.1979424149454119,0.0021260562831282243,-0.005663881245140967,-0.004446040099139957,0,Log(inv(Exp(b_pose_height)) @ E_run_height)
ihawk1,45.0,20260808_145501,condition_residual,-0.26897028033202824,-0.3412493143963699,0.7251003668619982,-0.004384479980821875,0.0020697436702182734,-0.006178494732370906,0,Log(inv(Exp(b_pose_height)) @ E_run_height)
ihawk1,45.0,20260808_151001,condition_residual,-0.4952698492741342,-0.7242706903207234,0.03820657493760814,0.005334086418135482,0.0018635042665799094,0.029517753702307373,0,Log(inv(Exp(b_pose_height)) @ E_run_height)
ihawk1,45.0,20260808_162715,condition_residual,2.287110126304182,-1.8967528466934818,0.4883114321893701,-0.0012470221463487673,-0.0026174268877143477,0.0012555836100898376,0,Log(inv(Exp(b_pose_height)) @ E_run_height)
ihawk1,50.0,20260808_131913,condition_residual,-0.2606068660161552,-3.636686949685355,-0.19178675727082917,-0.0002152057254162026,-0.003973006699869513,-0.02390147684255441,0,Log(inv(Exp(b_pose_height)) @ E_run_height)
ihawk1,50.0,20260808_141232,condition_residual,2.3113495153690597,4.6868892940946365,-0.33698864856828975,0.0028524926681524473,-0.005212532763575294,0.001945388958494772,0,Log(inv(Exp(b_pose_height)) @ E_run_height)
ihawk1,50.0,20260808_145501,condition_residual,0.4564095936760908,-0.9059502707571712,0.5688549890059063,-0.004472231007597359,0.0036635705003173393,-0.0019261896444227266,0,Log(inv(Exp(b_pose_height)) @ E_run_height)
ihawk1,50.0,20260808_151001,condition_residual,-4.531549928705703,0.6979603159660165,0.041945745766108204,0.0022906119496726054,0.006512215597201818,0.03761797525366987,0,Log(inv(Exp(b_pose_height)) @ E_run_height)
ihawk1,50.0,20260808_162715,condition_residual,2.0243976856767034,-0.8422123896181447,-0.08202532893288657,-0.00045566788481609435,-0.00099024663406867,-0.013735697725183106,0,Log(inv(Exp(b_pose_height)) @ E_run_height)
ihawk2,0.0,20260808_131913,baseline_placement,-1.9836431340205702,1.6917087926350642,0.29716368293685147,0.00258992263973464,0.002309521158687138,0.016514980577555415,0,Log(inv(T_bar_camera_height0) @ T_bar_camera_run_height0)
ihawk2,0.0,20260808_141232,baseline_placement,1.2858983944496665,-0.07882791899218759,0.11965987538258799,-0.001306625925504375,0.00027476459699368977,-0.007951824650759576,0,Log(inv(T_bar_camera_height0) @ T_bar_camera_run_height0)
ihawk2,0.0,20260808_145501,baseline_placement,0.5912287569462091,-0.49857309235291847,-0.13062431735575875,-0.0005043738090482466,-0.0009462437268180712,-0.006763603757345256,0,Log(inv(T_bar_camera_height0) @ T_bar_camera_run_height0)
ihawk2,0.0,20260808_151001,baseline_placement,0.2078393060903119,-0.4481058011931581,-0.19257271161106623,-0.0009946985736796134,-0.0007783091731671311,-0.002788908060778364,0,Log(inv(T_bar_camera_height0) @ T_bar_camera_run_height0)
ihawk2,0.0,20260808_162715,baseline_placement,-0.10132332346532869,-0.6662019800967973,-0.09362652935280673,0.00021577566848107114,-0.0008597328557135501,0.000989355891295285,0,Log(inv(T_bar_camera_height0) @ T_bar_camera_run_height0)
ihawk2,0.0,20260808_131913,condition_residual,0.0,0.0,0.0,0.0,0.0,0.0,0,Log(inv(Exp(b_pose_height)) @ E_run_height)
ihawk2,0.0,20260808_141232,condition_residual,1.0967821208096209e-30,7.105427357601001e-15,2.335788566553853e-31,0.0,0.0,0.0,0,Log(inv(Exp(b_pose_height)) @ E_run_height)
ihawk2,0.0,20260808_145501,condition_residual,-1.0967821208096209e-30,-7.105427357601001e-15,-2.335788566553853e-31,0.0,0.0,0.0,0,Log(inv(Exp(b_pose_height)) @ E_run_height)
ihawk2,0.0,20260808_151001,condition_residual,0.0,0.0,0.0,0.0,0.0,0.0,0,Log(inv(Exp(b_pose_height)) @ E_run_height)
ihawk2,0.0,20260808_162715,condition_residual,0.0,0.0,0.0,0.0,0.0,0.0,0,Log(inv(Exp(b_pose_height)) @ E_run_height)
ihawk2,5.0,20260808_131913,condition_residual,-0.20644997507976748,-2.076595893183422,-1.0979705873726069,-0.00024876306623803295,-0.002315681024418097,-0.0033018372064709364,0,Log(inv(Exp(b_pose_height)) @ E_run_height)
ihawk2,5.0,20260808_141232,condition_residual,0.45325484177281217,3.222590533007677,0.4340761649498923,0.0005875287784993823,-0.00044767157081939725,0.01984764243438809,0,Log(inv(Exp(b_pose_height)) @ E_run_height)
ihawk2,5.0,20260808_145501,condition_residual,-0.08384537707154618,-0.3693849122121329,0.13474794994851777,-0.001147991644957109,0.00034129591080225423,-0.0001345918563267374,0,Log(inv(Exp(b_pose_height)) @ E_run_height)
ihawk2,5.0,20260808_151001,condition_residual,-0.6364584854880073,0.00956745012779936,0.30352292565658484,0.001443146548001653,-0.000885143725771846,-0.002191189116879155,0,Log(inv(Exp(b_pose_height)) @ E_run_height)
ihawk2,5.0,20260808_162715,condition_residual,0.473498995866547,-0.7861771777399207,0.22562354681760624,-0.0006339206153353798,0.0033072004101941284,-0.014220024254739665,0,Log(inv(Exp(b_pose_height)) @ E_run_height)
ihawk2,10.0,20260808_131913,condition_residual,2.1893116908283274,-2.809498856005373,0.21873287942936898,-0.00297430142423753,-0.0019891359490017673,-0.009703659205677204,0,Log(inv(Exp(b_pose_height)) @ E_run_height)
ihawk2,10.0,20260808_141232,condition_residual,-2.176284477369837,3.917853352192593,0.40763284926917837,0.0009165906972563823,-0.00021476036580995834,0.004852147893150723,0,Log(inv(Exp(b_pose_height)) @ E_run_height)
ihawk2,10.0,20260808_145501,condition_residual,-1.5466786938083055,-0.6644336684005784,0.46112314093156886,0.00037614719827643294,-0.0003955042832955519,0.015382251202515521,0,Log(inv(Exp(b_pose_height)) @ E_run_height)
ihawk2,10.0,20260808_151001,condition_residual,-0.7501204104224548,0.05345271727514023,0.20303345862148314,0.001443002375708699,-0.0007452328531282387,0.002541717857413459,0,Log(inv(Exp(b_pose_height)) @ E_run_height)
ihawk2,10.0,20260808_162715,condition_residual,2.2837718907722904,-0.49737354506175846,-1.2905223282515874,0.00023856115303356865,0.0033446334512263537,-0.013072457747311717,0,Log(inv(Exp(b_pose_height)) @ E_run_height)
ihawk2,15.0,20260808_131913,condition_residual,0.21267702793202592,-2.432211871099633,0.22441280679996428,-0.0010505893766218977,-0.001422540874729764,-0.011021077742567218,0,Log(inv(Exp(b_pose_height)) @ E_run_height)
ihawk2,15.0,20260808_141232,condition_residual,-1.1179994028440292,3.9589106806118157,-0.033692778731638964,-0.0011414523742736963,0.001347650961864664,0.001682683711367305,0,Log(inv(Exp(b_pose_height)) @ E_run_height)
ihawk2,15.0,20260808_145501,condition_residual,-1.3233572998130039,0.47723643284846345,-0.24671253503215096,-0.0007875778436610992,0.0004499022415664748,0.010027115778664504,0,Log(inv(Exp(b_pose_height)) @ E_run_height)
ihawk2,15.0,20260808_151001,condition_residual,0.14861581694903503,-0.7809102029970013,0.09722817406490945,0.003000486900905253,-0.003140672658319903,-6.799472965553066e-05,0,Log(inv(Exp(b_pose_height)) @ E_run_height)
ihawk2,15.0,20260808_162715,condition_residual,2.080063857775953,-1.2230250393636422,-0.04123566710104459,-2.086730631748592e-05,0.0027656603296280177,-0.0006207270178367932,0,Log(inv(Exp(b_pose_height)) @ E_run_height)
ihawk2,20.0,20260808_131913,condition_residual,2.034082367476772,-2.4930133424101664,-0.34094351413814844,-0.001886837398554527,-0.0015434737224461772,-0.015579551508886595,0,Log(inv(Exp(b_pose_height)) @ E_run_height)
ihawk2,20.0,20260808_141232,condition_residual,0.29080639159509813,2.227782672864655,0.45561001828791076,0.001279193799192756,0.0009066767755340992,0.013472738335247907,0,Log(inv(Exp(b_pose_height)) @ E_run_height)
ihawk2,20.0,20260808_145501,condition_residual,-1.068424511992655,0.6669947719403279,0.20684133798862608,-0.0004334973046514754,-9.765759184305571e-05,0.010688196205985726,0,Log(inv(Exp(b_pose_height)) @ E_run_height)
ihawk2,20.0,20260808_151001,condition_residual,-1.3760835334744654,-0.05634219123279818,-0.5931817732631682,0.0009579691145010745,-0.0023238720984913894,-0.00015272160224048633,0,Log(inv(Exp(b_pose_height)) @ E_run_height)
ihawk2,20.0,20260808_162715,condition_residual,0.11961928639527226,-0.34542191116200327,0.2716739311247673,8.317178950532233e-05,0.00305832663725992,-0.008428661430116996,0,Log(inv(Exp(b_pose_height)) @ E_run_height)
ihawk2,25.0,20260808_131913,condition_residual,1.7597356145766714,-3.049695957954945,-0.024945447989652633,-0.0013681609778149514,-0.002290633213191695,-0.012290867454747069,0,Log(inv(Exp(b_pose_height)) @ E_run_height)
ihawk2,25.0,20260808_141232,condition_residual,-0.7998972500670327,2.9789004855044845,0.2923263797730913,0.0009182027868699582,0.0006663384386173648,0.0068430834046098,0,Log(inv(Exp(b_pose_height)) @ E_run_height)
ihawk2,25.0,20260808_145501,condition_residual,0.9955826780288103,0.532968980537812,-0.18627710181851087,2.9607003818789763e-05,8.366001012936882e-05,0.0042613924897562504,0,Log(inv(Exp(b_pose_height)) @ E_run_height)
ihawk2,25.0,20260808_151001,condition_residual,-2.060839315272536,-0.1051611471006921,-1.0819109091278225,-4.41613205122464e-05,0.0007320138762219337,0.0007059377690470229,0,Log(inv(Exp(b_pose_height)) @ E_run_height)
ihawk2,25.0,20260808_162715,condition_residual,0.1054182727340373,-0.357012360986608,1.0008070791629182,0.00046451250773042583,0.000808620888371382,0.0004804537914335392,0,Log(inv(Exp(b_pose_height)) @ E_run_height)
ihawk2,30.0,20260808_131913,condition_residual,1.5851822894827603,-2.2605782036065714,0.12810525881317555,-0.0012487963155636095,0.000560567352588906,-0.011773803031011873,0,Log(inv(Exp(b_pose_height)) @ E_run_height)
ihawk2,30.0,20260808_141232,condition_residual,-1.1239659134170668,2.3825281413522923,-0.13717461656104163,-0.001318952254463663,-0.0012187692460131224,0.0023431574352753923,0,Log(inv(Exp(b_pose_height)) @ E_run_height)
ihawk2,30.0,20260808_145501,condition_residual,-0.7698652493384018,0.5353312661694819,-0.11353442126712723,0.00043492910653587905,0.0022701337904585143,0.0006984583911923722,0,Log(inv(Exp(b_pose_height)) @ E_run_height)
ihawk2,30.0,20260808_151001,condition_residual,-1.907508459880516,-0.544013302793852,-0.09654526418637831,0.000268306512199621,9.53359402482418e-05,0.003858723314352668,0,Log(inv(Exp(b_pose_height)) @ E_run_height)
ihawk2,30.0,20260808_162715,condition_residual,2.216157333153223,-0.1132679011213884,0.21914904320135536,0.0018645129513067758,-0.0017072678372899283,0.004873463890223699,0,Log(inv(Exp(b_pose_height)) @ E_run_height)
ihawk2,35.0,20260808_131913,condition_residual,-0.6858697168911824,-2.825315185762598,-0.045846537228801415,-0.0019401224723181536,-0.0008987735697570835,-0.012401363842209514,0,Log(inv(Exp(b_pose_height)) @ E_run_height)
ihawk2,35.0,20260808_141232,condition_residual,0.3033340593883073,3.7120128919802466,0.09751647429252364,0.0008974424290144969,-0.0015744930436085221,-0.0010172578835696783,0,Log(inv(Exp(b_pose_height)) @ E_run_height)
ihawk2,35.0,20260808_145501,condition_residual,-0.2592134198023873,1.141775953847248,0.08287345103053144,-0.0011833129298942791,0.0020434340248469615,-0.006228752954647597,0,Log(inv(Exp(b_pose_height)) @ E_run_height)
ihawk2,35.0,20260808_151001,condition_residual,-2.2059302960486726,-1.4366972286441226,-0.18509659374679177,0.0011943882639698406,0.0019054587617590955,0.010393383110102508,0,Log(inv(Exp(b_pose_height)) @ E_run_height)
ihawk2,35.0,20260808_162715,condition_residual,2.847679373353917,-0.5917764314207856,0.05055320565253162,0.0010316047092317892,-0.0014756261732395603,0.009253991570360637,0,Log(inv(Exp(b_pose_height)) @ E_run_height)
ihawk2,40.0,20260808_131913,condition_residual,-2.397206655421656,-2.1906879167239635,-0.16462683148713575,-0.0010800818288442973,0.0014707405486216766,-0.013859334693782852,0,Log(inv(Exp(b_pose_height)) @ E_run_height)
ihawk2,40.0,20260808_141232,condition_residual,1.3639536287133238,4.348648064491901,-0.47288659183625287,0.0001744581393003071,-0.0035461592906443394,-0.004562363034917419,0,Log(inv(Exp(b_pose_height)) @ E_run_height)
ihawk2,40.0,20260808_145501,condition_residual,1.4085444294919072,-0.2828569634247233,-0.3288523015540043,-0.0017734107206264463,0.0006525592982106008,0.001015852192082511,0,Log(inv(Exp(b_pose_height)) @ E_run_height)
ihawk2,40.0,20260808_151001,condition_residual,-1.687994115771162,-0.22853079162526874,-0.3044538223027116,0.0007981102771914664,9.918738141353346e-05,0.01874606906571942,0,Log(inv(Exp(b_pose_height)) @ E_run_height)
ihawk2,40.0,20260808_162715,condition_residual,1.3127027129875775,-1.6465723927180056,1.2708195471800359,0.0018809241329408115,0.0013236720623567716,-0.001340223529086666,0,Log(inv(Exp(b_pose_height)) @ E_run_height)
ihawk2,45.0,20260808_131913,condition_residual,-2.332523066704044,-3.1624897828584326,-0.4170030608363983,-0.0036619533847242025,0.001732926748799481,-0.02110999569517183,0,Log(inv(Exp(b_pose_height)) @ E_run_height)
ihawk2,45.0,20260808_141232,condition_residual,0.039116552597021716,5.695321238623629,0.31370495604276677,0.004883505655449817,-0.004019750430359193,-0.0023289134484996555,0,Log(inv(Exp(b_pose_height)) @ E_run_height)
ihawk2,45.0,20260808_145501,condition_residual,0.3842458677176202,0.6802928411679933,-0.37529485324712203,-0.0014217002495895252,0.002932949253986785,-0.005934365096191425,0,Log(inv(Exp(b_pose_height)) @ E_run_height)
ihawk2,45.0,20260808_151001,condition_residual,-0.758756791822465,-1.533795202728907,0.06640376212558814,-0.00041976789108121395,0.00158222343287015,0.027447852733609668,0,Log(inv(Exp(b_pose_height)) @ E_run_height)
ihawk2,45.0,20260808_162715,condition_residual,2.667917438211878,-1.6793290942042887,0.4121891959151505,0.0006199158699533551,-0.002228349005309902,0.0019254215062712062,0,Log(inv(Exp(b_pose_height)) @ E_run_height)
ihawk2,50.0,20260808_131913,condition_residual,-0.9723828853458502,-3.904788436790663,0.3141116311249725,-0.0025168782566173616,-0.003613651419761167,-0.024745478179340162,0,Log(inv(Exp(b_pose_height)) @ E_run_height)
ihawk2,50.0,20260808_141232,condition_residual,1.298096863311227,4.260499591292239,0.5242525185261036,0.0009705309244032347,-0.0038461707611545147,-0.00026317062559330287,0,Log(inv(Exp(b_pose_height)) @ E_run_height)
ihawk2,50.0,20260808_145501,condition_residual,0.8404757669213135,0.3886808011471567,-0.5052600239488834,-0.0005205470723982534,0.0036321220254235008,0.0023380710868863464,0,Log(inv(Exp(b_pose_height)) @ E_run_height)
ihawk2,50.0,20260808_151001,condition_residual,-2.6149542590486945,-0.2839954956924665,-0.4701592436834926,0.0011763591783858802,0.003845432974079742,0.03399410802156982,0,Log(inv(Exp(b_pose_height)) @ E_run_height)
ihawk2,50.0,20260808_162715,condition_residual,1.4487645141620071,-0.46039645995625533,0.13705511798123257,0.000890535226241587,-1.7732818664986925e-05,-0.01132353030354798,0,Log(inv(Exp(b_pose_height)) @ E_run_height)
