camera,run_id,height_mm,frame_index,rho_x_mm,rho_y_mm,rho_z_mm,omega_x_rad,omega_y_rad,omega_z_rad,definition
ihawk1,20260808_131913,0.0,1,-0.0036251766130037874,-0.011860006129592687,0.006757698017459893,-3.516045169401042e-06,8.016808140723808e-05,5.721041473438797e-05,Log(inv(T_bar_camera_run_height) @ T_frame)
ihawk1,20260808_131913,0.0,2,0.036797726127858546,0.0695979509801454,-0.049050725262785234,0.00014482724671368018,-0.0001965260308489146,2.9777544017012743e-08,Log(inv(T_bar_camera_run_height) @ T_frame)
ihawk1,20260808_131913,0.0,3,-0.03317254951495023,-0.05773794485067419,0.042293027245400246,-0.00014131120222142215,0.00011635794989035664,-5.724019263519608e-05,Log(inv(T_bar_camera_run_height) @ T_frame)
ihawk1,20260808_131913,5.0,1,-0.015532561764736637,-0.025493168378106747,0.024059604501217163,-5.338689552899494e-06,7.205842170471858e-05,-6.122567964421703e-05,Log(inv(T_bar_camera_run_height) @ T_frame)
ihawk1,20260808_131913,5.0,2,-0.03362862217894349,-0.0689910595106314,0.04753793608107031,-0.00016387898443935635,1.9617804337547805e-05,-6.936550115100505e-05,Log(inv(T_bar_camera_run_height) @ T_frame)
ihawk1,20260808_131913,5.0,3,0.0491611839436571,0.09448422788856946,-0.07159754058211243,0.00016921767430841682,-9.167622637014361e-05,0.00013059118116858764,Log(inv(T_bar_camera_run_height) @ T_frame)
ihawk1,20260808_131913,10.0,1,-0.006663047759047,0.0352568322028694,-0.011067372152176609,0.0002267135556407781,9.229959638137441e-05,0.00024927513007171075,Log(inv(T_bar_camera_run_height) @ T_frame)
ihawk1,20260808_131913,10.0,2,0.057383203127219916,0.058272601399125615,-0.05335621421854396,7.78019469432038e-05,-0.00012723603097497218,-8.170807062981718e-05,Log(inv(T_bar_camera_run_height) @ T_frame)
ihawk1,20260808_131913,10.0,3,-0.050720155368198294,-0.09352943360193403,0.06442358637066022,-0.00030451550293375947,3.49364344881921e-05,-0.00016756705978769333,Log(inv(T_bar_camera_run_height) @ T_frame)
ihawk1,20260808_131913,15.0,1,0.00819513509599879,0.023336305193741063,-0.026834400449741516,4.795821910428125e-05,-5.627748383999082e-05,-2.3124199205485885e-05,Log(inv(T_bar_camera_run_height) @ T_frame)
ihawk1,20260808_131913,15.0,2,-0.0022830233220635676,0.0012627002783080399,-6.997250827130045e-05,-4.956021110794179e-05,-7.939418579143648e-06,-0.0001068676434347214,Log(inv(T_bar_camera_run_height) @ T_frame)
ihawk1,20260808_131913,15.0,3,-0.005912111773749271,-0.024599005472094707,0.02690437295786571,1.6019935067569044e-06,6.42169007004625e-05,0.00012999184200483482,Log(inv(T_bar_camera_run_height) @ T_frame)
ihawk1,20260808_131913,20.0,1,-0.0280647617182295,-0.019854128781387932,0.06412806873455358,-0.0006129895379303721,-0.0010967218792970455,2.9147526727827364e-05,Log(inv(T_bar_camera_run_height) @ T_frame)
ihawk1,20260808_131913,20.0,2,-0.025699704384568842,-0.024499147921636377,0.06905658809833623,-0.000622304645534822,-0.0011066522933493403,2.0529364793823664e-05,Log(inv(T_bar_camera_run_height) @ T_frame)
ihawk1,20260808_131913,20.0,3,0.0537644661027304,0.044353276703199204,-0.1331846568329714,0.0012352941833747493,0.002203374172485376,-4.967689151865225e-05,Log(inv(T_bar_camera_run_height) @ T_frame)
ihawk1,20260808_131913,25.0,1,-0.13546783050760702,-0.3582231090831586,0.24873885888097047,-0.000542402751491639,-0.0001195804542692121,-0.0011067441239332647,Log(inv(T_bar_camera_run_height) @ T_frame)
ihawk1,20260808_131913,25.0,2,-0.13715727136360503,-0.3725206484255211,0.2652687064053211,-0.000509101525423711,-0.0002755193903452518,-0.0010039897095299813,Log(inv(T_bar_camera_run_height) @ T_frame)
ihawk1,20260808_131913,25.0,3,0.2726251018712455,0.7307437575087501,-0.5140075652862586,0.0010515042769717532,0.00039509984462342393,0.0021107338335790765,Log(inv(T_bar_camera_run_height) @ T_frame)
ihawk1,20260808_131913,30.0,1,-0.058540481181169966,-0.04245532733590931,0.07059912174514782,0.0003192191188401631,0.00099695692008711,0.00025699915347930825,Log(inv(T_bar_camera_run_height) @ T_frame)
ihawk1,20260808_131913,30.0,2,0.007549775531338257,0.007064261751571398,-0.02420489697398131,-0.000148934435323188,-0.0004377971320760963,1.9377227840383863e-05,Log(inv(T_bar_camera_run_height) @ T_frame)
ihawk1,20260808_131913,30.0,3,0.05099070564967946,0.035391065584517066,-0.0463942247712015,-0.00017028468351283104,-0.0005591597880148115,-0.0002763763814001757,Log(inv(T_bar_camera_run_height) @ T_frame)
ihawk1,20260808_131913,35.0,1,-0.19018544484407743,-0.3483942986199589,0.21453505579444562,-0.0004029877261158144,0.0009899981801793994,-0.00026228459434193005,Log(inv(T_bar_camera_run_height) @ T_frame)
ihawk1,20260808_131913,35.0,2,0.5758598956497509,1.0421302890608082,-0.6087130701170194,0.0005470265380926039,-0.0036095337752260824,0.0009110928959645673,Log(inv(T_bar_camera_run_height) @ T_frame)
ihawk1,20260808_131913,35.0,3,-0.38567445080575197,-0.6937359904407061,0.3941780143226415,-0.00014403881196620175,0.0026195355950219272,-0.0006488083016160586,Log(inv(T_bar_camera_run_height) @ T_frame)
ihawk1,20260808_131913,40.0,1,0.013440281312496742,-0.006904366062323885,0.0009718693508262377,-0.0001114627098068926,-0.0003534441461523886,-0.00020430547795809422,Log(inv(T_bar_camera_run_height) @ T_frame)
ihawk1,20260808_131913,40.0,2,-0.019520330321505106,0.026913245242668273,-0.01599951552441839,-6.75069645015952e-05,0.00018082426362596085,0.00027236512547717655,Log(inv(T_bar_camera_run_height) @ T_frame)
ihawk1,20260808_131913,40.0,3,0.006080049008848294,-0.02000887918040875,0.015027646173734007,0.00017896967427001402,0.0001726198824179217,-6.805964757605389e-05,Log(inv(T_bar_camera_run_height) @ T_frame)
ihawk1,20260808_131913,45.0,1,-0.03627274552162197,0.03714790439758326,-0.028053560692902435,-8.558812676759497e-06,0.0003321270826519075,0.0004064643578990692,Log(inv(T_bar_camera_run_height) @ T_frame)
ihawk1,20260808_131913,45.0,2,0.027967220689985035,-0.012196390578764649,0.00968026612772748,1.7095632268607243e-05,-0.0001255486488716375,-0.00030845446437368165,Log(inv(T_bar_camera_run_height) @ T_frame)
ihawk1,20260808_131913,45.0,3,0.008305524831803935,-0.024951513818634283,0.018373294565104965,-8.536819592848116e-06,-0.0002065784337344889,-9.800989347107599e-05,Log(inv(T_bar_camera_run_height) @ T_frame)
ihawk1,20260808_131913,50.0,1,-0.018490376708545628,-0.04768457050092481,0.027238172862755608,-9.803048336072174e-05,-5.239907811264972e-05,-8.871777049644946e-05,Log(inv(T_bar_camera_run_height) @ T_frame)
ihawk1,20260808_131913,50.0,2,0.017308157346529577,0.027442757373527322,-0.01965873213581804,0.00014612022701280768,3.7716123250937325e-05,0.00012118168847163057,Log(inv(T_bar_camera_run_height) @ T_frame)
ihawk1,20260808_131913,50.0,3,0.0011822193618960747,0.02024181312734708,-0.007579440726940295,-4.808974381985225e-05,1.4682954872138034e-05,-3.246391809955401e-05,Log(inv(T_bar_camera_run_height) @ T_frame)
ihawk1,20260808_141232,0.0,1,-0.5867149202208081,-0.5053785729566574,0.5398462510132574,-0.0007212564941324993,0.0007540716950255827,0.00010525391043238198,Log(inv(T_bar_camera_run_height) @ T_frame)
ihawk1,20260808_141232,0.0,2,0.28161901588991795,0.25213737812549597,-0.25489697280491874,0.00027424612270786195,-0.0005044774471849974,5.825992867819875e-05,Log(inv(T_bar_camera_run_height) @ T_frame)
ihawk1,20260808_141232,0.0,3,0.30509590433094985,0.2532411948311544,-0.2849492782083801,0.0004470103713056113,-0.00024959424770714577,-0.00016351383909730868,Log(inv(T_bar_camera_run_height) @ T_frame)
ihawk1,20260808_141232,5.0,1,0.009899069390480046,0.023583556199041362,-0.011150313638452014,3.850856884002181e-05,6.3723590760108e-06,9.73725749949481e-05,Log(inv(T_bar_camera_run_height) @ T_frame)
ihawk1,20260808_141232,5.0,2,0.013166604676514235,0.01467919665117715,-0.007266270997175926,-5.246488941177946e-05,3.2501611817581605e-06,-2.0903567600054353e-05,Log(inv(T_bar_camera_run_height) @ T_frame)
ihawk1,20260808_141232,5.0,3,-0.023065674066867107,-0.03826275285024344,0.01841658463578559,1.3956320898075124e-05,-9.622520102378771e-06,-7.646900562012809e-05,Log(inv(T_bar_camera_run_height) @ T_frame)
ihawk1,20260808_141232,10.0,1,0.0037413449294225183,0.00487494626472972,-0.009857403058196277,-1.2567230009443512e-05,0.00010289566096838615,4.1728490398387294e-05,Log(inv(T_bar_camera_run_height) @ T_frame)
ihawk1,20260808_141232,10.0,2,-0.005065570941375415,-0.005446554779419167,0.001564188291099507,-3.477597153677894e-05,-4.1139549802054714e-05,-2.6364109112625894e-05,Log(inv(T_bar_camera_run_height) @ T_frame)
ihawk1,20260808_141232,10.0,3,0.0013242260118546127,0.0005716085147241377,0.00829321476717425,4.73432019328157e-05,-6.175611233353409e-05,-1.5364381699898065e-05,Log(inv(T_bar_camera_run_height) @ T_frame)
ihawk1,20260808_141232,15.0,1,-0.01101517391565424,0.0961717862059229,-0.06426712609002672,-0.0002352551437076517,-0.0007701709740428077,-0.000997596971173071,Log(inv(T_bar_camera_run_height) @ T_frame)
ihawk1,20260808_141232,15.0,2,0.03306965194225276,-0.17464809709477133,0.11028306462517742,0.00043000392991940204,0.0016192516229651692,0.002080507788878166,Log(inv(T_bar_camera_run_height) @ T_frame)
ihawk1,20260808_141232,15.0,3,-0.022054478026513866,0.07847631088897193,-0.04601593853519807,-0.00019474878617770818,-0.0008490806487955337,-0.0010829108175419585,Log(inv(T_bar_camera_run_height) @ T_frame)
ihawk1,20260808_141232,20.0,1,0.33245533625474477,0.34210611753397485,-0.31345742015386,0.0006085983853769619,-3.741284305139692e-05,-0.0006216427418855631,Log(inv(T_bar_camera_run_height) @ T_frame)
ihawk1,20260808_141232,20.0,2,-0.3873678629106376,-0.423149107328332,0.31024248313944347,-0.0012485784021585226,-0.00022000830800579217,0.0006393591530408022,Log(inv(T_bar_camera_run_height) @ T_frame)
ihawk1,20260808_141232,20.0,3,0.054912526656045776,0.08104298979435032,0.00321493701446785,0.0006399800162784296,0.0002574211509449138,-1.7716410948130364e-05,Log(inv(T_bar_camera_run_height) @ T_frame)
ihawk1,20260808_141232,25.0,1,0.1437103377971309,0.03822660350670463,-0.0009783939454095652,-0.003828910971425386,-0.003917578435763837,-0.0014562006405306166,Log(inv(T_bar_camera_run_height) @ T_frame)
ihawk1,20260808_141232,25.0,2,-0.2435759133854168,-0.5327618335292867,0.23476776945011793,-0.0006275182545184434,0.003746735468058201,-0.0015792481932002528,Log(inv(T_bar_camera_run_height) @ T_frame)
ihawk1,20260808_141232,25.0,3,0.09986557558823336,0.4945352300226032,-0.23378937550460316,0.0044564292259939445,0.00017084296774301676,0.0030354488337542163,Log(inv(T_bar_camera_run_height) @ T_frame)
ihawk1,20260808_141232,30.0,1,-0.050144008365732115,-0.06528021638724793,0.057602563314681526,-0.00016803028449306724,0.00017783163589795955,4.2836974348490234e-06,Log(inv(T_bar_camera_run_height) @ T_frame)
ihawk1,20260808_141232,30.0,2,0.1373553028625226,0.1602227111686738,-0.13569877881582287,0.00023515128191437383,-0.00023788060757551767,-0.00013640624562442149,Log(inv(T_bar_camera_run_height) @ T_frame)
ihawk1,20260808_141232,30.0,3,-0.08721129449682145,-0.09494249478147185,0.07809621550101802,-6.712099698054223e-05,6.004897123024389e-05,0.00013212254795068123,Log(inv(T_bar_camera_run_height) @ T_frame)
ihawk1,20260808_141232,35.0,1,0.027419601987846542,0.017442811344934916,-0.017787239850981483,4.097129117659877e-05,9.82275004043973e-06,-3.0120120589064826e-05,Log(inv(T_bar_camera_run_height) @ T_frame)
ihawk1,20260808_141232,35.0,2,-0.07050898792948157,-0.0477447618238637,0.051502674440226465,-0.00010077789841965597,2.8117805171757825e-05,1.897292163455142e-05,Log(inv(T_bar_camera_run_height) @ T_frame)
ihawk1,20260808_141232,35.0,3,0.04308938594149009,0.03030195047895321,-0.033715434589162735,5.980660663851534e-05,-3.794055509796706e-05,1.1147199125682577e-05,Log(inv(T_bar_camera_run_height) @ T_frame)
ihawk1,20260808_141232,40.0,1,0.01899237372862094,-0.018453409152633694,-0.04905685515795827,-0.0005073836830474631,0.0003885281501278933,-0.0001743517663713431,Log(inv(T_bar_camera_run_height) @ T_frame)
ihawk1,20260808_141232,40.0,2,0.001965247021698803,0.058120733258331586,0.05337499217007837,0.001060144582116647,-0.000662973045917283,0.00035514745512843585,Log(inv(T_bar_camera_run_height) @ T_frame)
ihawk1,20260808_141232,40.0,3,-0.020957620750349824,-0.039667324105857785,-0.004318137012078494,-0.0005527608990297692,0.00027444489576456587,-0.00018079568874388265,Log(inv(T_bar_camera_run_height) @ T_frame)
ihawk1,20260808_141232,45.0,1,-0.07866705564957968,-0.08930457636530446,0.07825600454181182,9.199686012398978e-06,0.00021757011218116818,-7.67333527226898e-05,Log(inv(T_bar_camera_run_height) @ T_frame)
ihawk1,20260808_141232,45.0,2,0.0629277926365749,0.07649643194893051,-0.07078706073768776,8.898284210139972e-05,-2.77950880931543e-05,7.065926453431835e-05,Log(inv(T_bar_camera_run_height) @ T_frame)
ihawk1,20260808_141232,45.0,3,0.015739263012865098,0.012808144416347055,-0.007468943804092242,-9.818252830683703e-05,-0.00018977502464325536,6.07408826985177e-06,Log(inv(T_bar_camera_run_height) @ T_frame)
ihawk1,20260808_141232,50.0,1,0.008466538084185064,0.025199424232020953,-0.006671069735572466,0.00014659669115532698,-2.9296442627954087e-05,0.0001966422106189661,Log(inv(T_bar_camera_run_height) @ T_frame)
ihawk1,20260808_141232,50.0,2,-0.013376306334854447,-0.007202334416624538,0.007598599081041962,-0.00014082587843594429,-3.173271462477702e-05,-6.996051941926215e-05,Log(inv(T_bar_camera_run_height) @ T_frame)
ihawk1,20260808_141232,50.0,3,0.004909768250717632,-0.017997089815510195,-0.0009275293455339613,-5.7708131165437355e-06,6.102915678415184e-05,-0.0001266816906439078,Log(inv(T_bar_camera_run_height) @ T_frame)
ihawk1,20260808_145501,0.0,1,0.02179426397145084,0.044615050917553765,-0.034255792739366867,0.00019548309049854275,-1.9350231075592202e-06,0.00012585473225395897,Log(inv(T_bar_camera_run_height) @ T_frame)
ihawk1,20260808_145501,0.0,2,0.021438013038196205,-0.0010334724844226384,-0.0061223284953613785,-0.0001306827406226289,-0.0001997119423073751,-0.0002151390543828646,Log(inv(T_bar_camera_run_height) @ T_frame)
ihawk1,20260808_145501,0.0,3,-0.04323227700957632,-0.043581578433154404,0.040378121234664145,-6.480034966574841e-05,0.00020164696487492306,8.928432191358401e-05,Log(inv(T_bar_camera_run_height) @ T_frame)
ihawk1,20260808_145501,5.0,1,0.0017347972228990043,0.028389421642341123,-0.02849762007927448,-5.593510352422737e-06,-0.00014127688636445662,-6.574892986272965e-06,Log(inv(T_bar_camera_run_height) @ T_frame)
ihawk1,20260808_145501,5.0,2,-0.011421707733338157,-0.0010552666288508076,0.006165279692682888,0.0001257926810259633,-0.00016157924908556247,0.0001769100110838949,Log(inv(T_bar_camera_run_height) @ T_frame)
ihawk1,20260808_145501,5.0,3,0.009686910510420832,-0.027334155013390853,0.02233234038645669,-0.00012019917050413144,0.00030285613652211935,-0.0001703351178705259,Log(inv(T_bar_camera_run_height) @ T_frame)
ihawk1,20260808_145501,10.0,1,-0.017298030522344656,-0.03791907152837446,0.009173637716996306,-0.00010830912009719754,-0.00010754583403615896,-7.848184891982544e-05,Log(inv(T_bar_camera_run_height) @ T_frame)
ihawk1,20260808_145501,10.0,2,-0.011676011652370769,-0.012678361245447608,0.023811517991304685,-3.2113690865675984e-07,-2.104597370245331e-05,5.213954548415295e-05,Log(inv(T_bar_camera_run_height) @ T_frame)
ihawk1,20260808_145501,10.0,3,0.028974042174503327,0.050597432773820096,-0.032985155708311224,0.00010863025527065778,0.0001285918057716656,2.6342302794634895e-05,Log(inv(T_bar_camera_run_height) @ T_frame)
ihawk1,20260808_145501,15.0,1,-0.02554003007389577,-0.0467474803787206,0.037644588792169524,-8.486772680996888e-05,2.727737559097478e-05,-7.797582322892967e-05,Log(inv(T_bar_camera_run_height) @ T_frame)
ihawk1,20260808_145501,15.0,2,-0.018183871084454677,-0.030570204138665166,0.022797704118042363,-4.248573107736578e-05,0.0001114031779290831,8.014722583496484e-05,Log(inv(T_bar_camera_run_height) @ T_frame)
ihawk1,20260808_145501,15.0,3,0.043723901158531586,0.07731768451747015,-0.06044229291021629,0.0001273534587426041,-0.00013868055490238827,-2.1714031706094202e-06,Log(inv(T_bar_camera_run_height) @ T_frame)
ihawk1,20260808_145501,20.0,1,-0.025211727743866718,-0.050323739344107304,0.03876196563874187,-6.967100038935568e-05,2.441142257798258e-05,-0.00020111602408335802,Log(inv(T_bar_camera_run_height) @ T_frame)
ihawk1,20260808_145501,20.0,2,0.037440074073100106,0.06065966458716952,-0.04075135829135551,0.00010153767383529274,-0.0001130555783801185,4.721011227965502e-06,Log(inv(T_bar_camera_run_height) @ T_frame)
ihawk1,20260808_145501,20.0,3,-0.012228346329501483,-0.010335925243275864,0.001989392652764419,-3.1866672358653206e-05,8.864415444827965e-05,0.00019639501237308845,Log(inv(T_bar_camera_run_height) @ T_frame)
ihawk1,20260808_145501,25.0,1,0.33605709341980106,0.6208072396415942,-0.46238640137831355,0.0010343623560721263,-0.0003028068472648873,0.00036735596809332494,Log(inv(T_bar_camera_run_height) @ T_frame)
ihawk1,20260808_145501,25.0,2,-0.17205279022172465,-0.3287942864027216,0.24576893287718077,-0.0004564558422489099,0.00016232937335764318,-0.00022302034344132862,Log(inv(T_bar_camera_run_height) @ T_frame)
ihawk1,20260808_145501,25.0,3,-0.16400430319794182,-0.2920129532388754,0.21661746850096436,-0.0005779065146364499,0.00014047747417170314,-0.00014433562499677866,Log(inv(T_bar_camera_run_height) @ T_frame)
ihawk1,20260808_145501,30.0,1,-0.022905161451919488,-0.030511384482324728,0.03241027326784148,-0.00013129531023140504,0.00025229805820697307,-6.818736967256944e-06,Log(inv(T_bar_camera_run_height) @ T_frame)
ihawk1,20260808_145501,30.0,2,-0.05682619861550364,-0.06704860803489421,0.056759641883990145,-9.466450339225155e-05,-8.364734404144742e-05,-8.389491884956567e-05,Log(inv(T_bar_camera_run_height) @ T_frame)
ihawk1,20260808_145501,30.0,3,0.07973136006736467,0.09755999251721281,-0.08916991515178332,0.00022595981258544953,-0.00016865071274487547,9.07136555922244e-05,Log(inv(T_bar_camera_run_height) @ T_frame)
ihawk1,20260808_145501,35.0,1,0.009520887106810764,0.05047620483924777,-0.024910478455145407,-9.723265587546766e-05,8.929299178426994e-05,-2.5004055238327082e-05,Log(inv(T_bar_camera_run_height) @ T_frame)
ihawk1,20260808_145501,35.0,2,0.04269009576398904,0.04576707003218149,-0.03294978231220564,0.00018608874893386273,-0.00017699297986370613,-5.710430857703627e-06,Log(inv(T_bar_camera_run_height) @ T_frame)
ihawk1,20260808_145501,35.0,3,-0.05221098287076811,-0.09624327487130448,0.05786026076744488,-8.88560945624452e-05,8.769998947215706e-05,3.071448581067157e-05,Log(inv(T_bar_camera_run_height) @ T_frame)
ihawk1,20260808_145501,40.0,1,-0.39221411378697774,-0.7223871849891339,0.4666861833399226,-0.0003960651538329249,0.0010659238287564778,-4.963729738548275e-05,Log(inv(T_bar_camera_run_height) @ T_frame)
ihawk1,20260808_145501,40.0,2,-0.3702337379235968,-0.6931220041394258,0.4647656628819579,-0.00045290105479958427,0.0010394624725650365,-9.414577024318534e-05,Log(inv(T_bar_camera_run_height) @ T_frame)
ihawk1,20260808_145501,40.0,3,0.7624478517104805,1.4155091891286384,-0.931451846221816,0.0008489662085758896,-0.0021053863011955246,0.0001437830676159112,Log(inv(T_bar_camera_run_height) @ T_frame)
ihawk1,20260808_145501,45.0,1,0.043716867879815435,0.08114750991744055,-0.07090148414772698,3.92275447982242e-05,-0.0001060430209695192,8.434920884713e-05,Log(inv(T_bar_camera_run_height) @ T_frame)
ihawk1,20260808_145501,45.0,2,-0.02817400489820547,-0.020756826378439206,0.03939726686533159,6.846509293469617e-05,7.80798954658141e-06,-1.8029308895362288e-05,Log(inv(T_bar_camera_run_height) @ T_frame)
ihawk1,20260808_145501,45.0,3,-0.015542862981583725,-0.06039068353896937,0.031504217282431926,-0.00010769263882417914,9.823503308417492e-05,-6.63199011941453e-05,Log(inv(T_bar_camera_run_height) @ T_frame)
ihawk1,20260808_145501,50.0,1,-0.46139857915964133,-0.46412501099845926,0.43601545545128345,-0.0006197878521351975,-0.0009989313569918946,-0.0012064684425442407,Log(inv(T_bar_camera_run_height) @ T_frame)
ihawk1,20260808_145501,50.0,2,-0.5694960881952704,-0.6933453377083674,0.53010353809903,-0.0019212471805248915,6.1000511878216665e-05,-0.0020707283847081048,Log(inv(T_bar_camera_run_height) @ T_frame)
ihawk1,20260808_145501,50.0,3,1.0308946673549562,1.1574703487067806,-0.9661189935501858,0.002541035032625487,0.0009379308450960065,0.003277196827205009,Log(inv(T_bar_camera_run_height) @ T_frame)
ihawk1,20260808_151001,0.0,1,0.011791307305281114,0.01778907949063265,-0.01821939556607776,0.00015839048792350374,0.000267944293907838,0.00013755818576498502,Log(inv(T_bar_camera_run_height) @ T_frame)
ihawk1,20260808_151001,0.0,2,0.008649088034941861,0.009585484562999416,-0.009408178046754877,-7.418561493343358e-05,-0.0001078727314885964,-2.1903713070735607e-05,Log(inv(T_bar_camera_run_height) @ T_frame)
ihawk1,20260808_151001,0.0,3,-0.020440395340263783,-0.02737456405375417,0.027627573612909035,-8.420487295916956e-05,-0.00016007156236802015,-0.00011565447267038895,Log(inv(T_bar_camera_run_height) @ T_frame)
ihawk1,20260808_151001,5.0,1,0.054258002504764855,0.0731192772882716,-0.06526324449832462,0.00011092285480729474,-4.4212730011587925e-05,3.7942566713635916e-05,Log(inv(T_bar_camera_run_height) @ T_frame)
ihawk1,20260808_151001,5.0,2,-0.06369088849295239,-0.1124746664474864,0.08393918295335222,-6.342828585745118e-05,8.115087415756821e-05,2.0600863655897916e-05,Log(inv(T_bar_camera_run_height) @ T_frame)
ihawk1,20260808_151001,5.0,3,0.009432885988050407,0.039355389159165206,-0.018675938455038916,-4.7494570166107425e-05,-3.693814493752527e-05,-5.854343175172794e-05,Log(inv(T_bar_camera_run_height) @ T_frame)
ihawk1,20260808_151001,10.0,1,0.08910689073171292,0.11295583483148153,-0.09961471541475371,0.0002389973601052133,-0.00022461650489142583,-5.309424985629634e-05,Log(inv(T_bar_camera_run_height) @ T_frame)
ihawk1,20260808_151001,10.0,2,-0.061529131421877985,-0.09187467153317504,0.08064249029956314,-0.0001752871409528159,0.0001887049979260658,4.8784774167945434e-05,Log(inv(T_bar_camera_run_height) @ T_frame)
ihawk1,20260808_151001,10.0,3,-0.02757775930998685,-0.021081163298211792,0.018972225115439303,-6.371021708362272e-05,3.591150562618139e-05,4.309475477160421e-06,Log(inv(T_bar_camera_run_height) @ T_frame)
ihawk1,20260808_151001,15.0,1,0.01295215644444365,0.024399197072550474,-0.029971247627929756,-0.00014180391372552954,0.0002149706347564689,-8.268103317654673e-05,Log(inv(T_bar_camera_run_height) @ T_frame)
ihawk1,20260808_151001,15.0,2,0.002363848910817837,0.003982141334026005,0.007943236917114701,-9.186816896647786e-07,-0.00031843852382254815,3.1699526772819134e-05,Log(inv(T_bar_camera_run_height) @ T_frame)
ihawk1,20260808_151001,15.0,3,-0.01531600535525915,-0.02838133840650108,0.02202801071087351,0.00014272259436273082,0.00010346788976114844,5.0981505880924524e-05,Log(inv(T_bar_camera_run_height) @ T_frame)
ihawk1,20260808_151001,20.0,1,-0.01608111826183564,0.010387275189254856,-0.009867989082658978,0.00011294602751816979,0.00031726019512928657,0.0003253648100042592,Log(inv(T_bar_camera_run_height) @ T_frame)
ihawk1,20260808_151001,20.0,2,-0.029021077188770915,-0.048329133935126806,0.04096121100079551,-6.243209766854567e-05,-1.283359714089119e-05,-0.00014541810330604094,Log(inv(T_bar_camera_run_height) @ T_frame)
ihawk1,20260808_151001,20.0,3,0.04510219545048805,0.03794185874563354,-0.031093221918027037,-5.051392985614312e-05,-0.0003044265976900177,-0.00017994670665022442,Log(inv(T_bar_camera_run_height) @ T_frame)
ihawk1,20260808_151001,25.0,1,0.19916322136437786,0.34374504960782964,-0.27732188532249136,0.0009863579740252925,0.0005274751795542689,0.00016360355370276483,Log(inv(T_bar_camera_run_height) @ T_frame)
ihawk1,20260808_151001,25.0,2,-0.32697802699366996,-0.5850772343851841,0.49590451474073516,-0.0015828022801087794,-0.0011061439361859276,-0.0002591005945857827,Log(inv(T_bar_camera_run_height) @ T_frame)
ihawk1,20260808_151001,25.0,3,0.1278148056293237,0.241332184777205,-0.2185826294181835,0.000596444306231241,0.0005786687567047614,9.549704090760906e-05,Log(inv(T_bar_camera_run_height) @ T_frame)
ihawk1,20260808_151001,30.0,1,-0.016882902198812683,-0.0386358242273555,0.0207347431079786,-7.46481210236669e-05,-0.0002915042899413092,-0.00016713445494226305,Log(inv(T_bar_camera_run_height) @ T_frame)
ihawk1,20260808_151001,30.0,2,-0.02193232488905842,-0.016330284663505473,0.02135880039474076,2.5303126683433327e-05,0.00022555054723967386,0.0001373014388774802,Log(inv(T_bar_camera_run_height) @ T_frame)
ihawk1,20260808_151001,30.0,3,0.0388152270880408,0.05496610889098862,-0.04209354350292412,4.934499521473646e-05,6.595374328208026e-05,2.9833016219234723e-05,Log(inv(T_bar_camera_run_height) @ T_frame)
ihawk1,20260808_151001,35.0,1,0.0568641424796313,0.08596567425032751,-0.06914688391200365,0.00010525266991140543,-0.00014332442643035895,-3.905339733259606e-05,Log(inv(T_bar_camera_run_height) @ T_frame)
ihawk1,20260808_151001,35.0,2,-0.06105184079065826,-0.09531257225095642,0.08022628084180308,1.0302368558500324e-05,9.317105570707654e-05,7.349511671633134e-05,Log(inv(T_bar_camera_run_height) @ T_frame)
ihawk1,20260808_151001,35.0,3,0.004187698310987033,0.00934689800048323,-0.011079396929803803,-0.00011555503871400372,5.015336983670697e-05,-3.44417201724738e-05,Log(inv(T_bar_camera_run_height) @ T_frame)
ihawk1,20260808_151001,40.0,1,-0.06531992196924218,-0.07786195020346758,0.06680831143007457,-2.268863861368436e-05,0.00016062258138741143,8.57515213060798e-05,Log(inv(T_bar_camera_run_height) @ T_frame)
ihawk1,20260808_151001,40.0,2,0.01774922948600663,0.014913288906609654,-0.018825961539772566,-5.1871590246672975e-05,5.0872735195617666e-05,-6.59995591745187e-05,Log(inv(T_bar_camera_run_height) @ T_frame)
ihawk1,20260808_151001,40.0,3,0.04757069248335361,0.06294866129712497,-0.047982349890244906,7.456022837857021e-05,-0.00021149531574308648,-1.975196243997339e-05,Log(inv(T_bar_camera_run_height) @ T_frame)
ihawk1,20260808_151001,45.0,1,0.02803068411399587,-0.0527234621749708,0.06026813349079078,5.3988573606574096e-05,-0.0007820249295817287,-0.0007982011333326596,Log(inv(T_bar_camera_run_height) @ T_frame)
ihawk1,20260808_151001,45.0,2,0.06380572358408015,0.1182848228740426,-0.08368003423429854,0.0002949364037813052,0.00024201396030630866,0.000327797543056661,Log(inv(T_bar_camera_run_height) @ T_frame)
ihawk1,20260808_151001,45.0,3,-0.09183640769806564,-0.06556136069909894,0.023411900743690744,-0.00034892497736060144,0.0005400109691930834,0.00047040359019781633,Log(inv(T_bar_camera_run_height) @ T_frame)
ihawk1,20260808_151001,50.0,1,0.007525528667436914,0.017516012060040876,-0.0037900887549911885,9.141576601405909e-05,5.2575663169969505e-05,0.00016244223586772975,Log(inv(T_bar_camera_run_height) @ T_frame)
ihawk1,20260808_151001,50.0,2,-0.01971291021305642,-0.01696329088758073,0.01645560382062927,-0.00010499388227108315,3.1357474455245686e-05,-0.00010969614693653064,Log(inv(T_bar_camera_run_height) @ T_frame)
ihawk1,20260808_151001,50.0,3,0.012187381545742395,-0.0005527211725877838,-0.012665515065668327,1.35781149754785e-05,-8.39331360812021e-05,-5.2746089297054796e-05,Log(inv(T_bar_camera_run_height) @ T_frame)
ihawk1,20260808_162715,0.0,1,0.08046224819203208,0.14214129746946544,-0.11730937894607156,9.930516945557576e-05,-0.0002778734149439136,-5.5118643122750025e-05,Log(inv(T_bar_camera_run_height) @ T_frame)
ihawk1,20260808_162715,0.0,2,-0.1397609377391566,-0.2282615871560297,0.18541676224215692,-0.00014350375358381374,0.0005335542438802063,3.6246625212738736e-05,Log(inv(T_bar_camera_run_height) @ T_frame)
ihawk1,20260808_162715,0.0,3,0.059298689547181996,0.08612028968665016,-0.06810738329600416,4.4198583977093766e-05,-0.0002556808283668187,1.8872017945617795e-05,Log(inv(T_bar_camera_run_height) @ T_frame)
ihawk1,20260808_162715,5.0,1,0.002382580650717742,0.021087745050425717,-0.012255581748350525,-3.226279822083347e-05,8.30340060445804e-05,4.059484013313239e-05,Log(inv(T_bar_camera_run_height) @ T_frame)
ihawk1,20260808_162715,5.0,2,0.05962388121344463,0.08632136689951661,-0.07244113889042729,7.817994215796853e-05,-0.00019118513061341754,-6.283092944815798e-05,Log(inv(T_bar_camera_run_height) @ T_frame)
ihawk1,20260808_162715,5.0,3,-0.062006461864012444,-0.10740911194987245,0.08469672063874656,-4.591714402762934e-05,0.00010815112485959982,2.2236089633954696e-05,Log(inv(T_bar_camera_run_height) @ T_frame)
ihawk1,20260808_162715,10.0,1,0.05826864907998834,0.09273816649045497,-0.06997083080051557,0.00010191408344964868,-0.0001292605292632498,-1.1498440096723266e-05,Log(inv(T_bar_camera_run_height) @ T_frame)
ihawk1,20260808_162715,10.0,2,0.004030858255996901,-0.010220300935110508,0.0029501862406863017,4.682381227169854e-05,2.0878335981618536e-05,4.457861739185998e-05,Log(inv(T_bar_camera_run_height) @ T_frame)
ihawk1,20260808_162715,10.0,3,-0.06229950733594574,-0.0825178655554773,0.06702064455969722,-0.00014873789821370117,0.00010838219240871741,-3.3080179520008425e-05,Log(inv(T_bar_camera_run_height) @ T_frame)
ihawk1,20260808_162715,15.0,1,-0.021099578718512604,-0.030501149727579394,0.02153233730294763,-4.581977918549497e-05,5.204878850631602e-05,8.432993903599969e-05,Log(inv(T_bar_camera_run_height) @ T_frame)
ihawk1,20260808_162715,15.0,2,-0.07742620746392943,-0.144230981183211,0.09588478847565038,-3.472373881233165e-05,0.0004116276334671552,-0.0001174637387834788,Log(inv(T_bar_camera_run_height) @ T_frame)
ihawk1,20260808_162715,15.0,3,0.09852578618242945,0.17473213091076767,-0.11741712577850592,8.054351733510205e-05,-0.0004636764213874542,3.313380104851449e-05,Log(inv(T_bar_camera_run_height) @ T_frame)
ihawk1,20260808_162715,20.0,1,-0.00647204867349584,0.014168960438832754,-0.0002684356141480294,0.00018884158917703418,-6.0038906771482306e-05,0.00014342780653453564,Log(inv(T_bar_camera_run_height) @ T_frame)
ihawk1,20260808_162715,20.0,2,-0.013461814781374717,-0.025772240330021897,0.027887910013753778,-0.00020451972824781878,-5.3371551960645356e-05,-0.00011154115993954161,Log(inv(T_bar_camera_run_height) @ T_frame)
ihawk1,20260808_162715,20.0,3,0.01993386345477451,0.01160327989114294,-0.027619474399682768,1.567813816706344e-05,0.00011341045891282491,-3.188664724208766e-05,Log(inv(T_bar_camera_run_height) @ T_frame)
ihawk1,20260808_162715,25.0,1,0.24417543418225568,0.3949910131727074,-0.30893047236018895,0.0006834784437001223,-0.00011396910736252675,0.00042648071314141134,Log(inv(T_bar_camera_run_height) @ T_frame)
ihawk1,20260808_162715,25.0,2,-0.33679741698987303,-0.5851063262792101,0.45146598777958796,-0.0009799257352564243,5.3142799469865696e-05,-0.000493755564826115,Log(inv(T_bar_camera_run_height) @ T_frame)
ihawk1,20260808_162715,25.0,3,0.092621982807735,0.19011531310654228,-0.14253551541937542,0.0002964472914482814,6.082630788926158e-05,6.727485164009417e-05,Log(inv(T_bar_camera_run_height) @ T_frame)
ihawk1,20260808_162715,30.0,1,0.03617257458067685,0.0478250214377442,-0.043751796948519946,3.0024279808798336e-05,-1.2898533546411405e-05,3.556896020747611e-05,Log(inv(T_bar_camera_run_height) @ T_frame)
ihawk1,20260808_162715,30.0,2,-0.032404202994477396,-0.020596169721766484,0.02602898644841006,1.5731677535104731e-06,0.00013047837283785792,8.045108942723415e-05,Log(inv(T_bar_camera_run_height) @ T_frame)
ihawk1,20260808_162715,30.0,3,-0.003768371585986679,-0.027228851715783868,0.017722810500028705,-3.1597448062527276e-05,-0.00011757984036879206,-0.00011602005100163372,Log(inv(T_bar_camera_run_height) @ T_frame)
ihawk1,20260808_162715,35.0,1,-0.7408298070185424,-1.3334813668126233,0.7243030193395015,0.0007529778720334105,0.006581764382701501,-0.001257325739482107,Log(inv(T_bar_camera_run_height) @ T_frame)
ihawk1,20260808_162715,35.0,2,0.4327554461717436,0.7807138792281743,-0.45329633360648114,-0.00029921406349402055,-0.0033059419449218558,0.0006848347852093353,Log(inv(T_bar_camera_run_height) @ T_frame)
ihawk1,20260808_162715,35.0,3,0.30807436084696466,0.5527674875844896,-0.2710066857330691,-0.0004537638085411255,-0.003275822437794846,0.0005724909542758889,Log(inv(T_bar_camera_run_height) @ T_frame)
ihawk1,20260808_162715,40.0,1,0.07078796235902672,0.11938107362817862,-0.08816244097616784,0.00012040217574198293,-0.0001789042159381622,4.048379529705422e-05,Log(inv(T_bar_camera_run_height) @ T_frame)
ihawk1,20260808_162715,40.0,2,-0.06024590359643431,-0.11829813046637641,0.08953288277333006,-4.523360876946992e-05,0.00024184015679729095,-4.672091877525385e-05,Log(inv(T_bar_camera_run_height) @ T_frame)
ihawk1,20260808_162715,40.0,3,-0.010542058762480011,-0.001082943161723776,-0.0013704417973236958,-7.516856746465018e-05,-6.293594357875608e-05,6.2371239354902585e-06,Log(inv(T_bar_camera_run_height) @ T_frame)
ihawk1,20260808_162715,45.0,1,0.004591063938481243,0.0037280194540802868,-0.0034921480745205226,4.268374471228089e-05,-4.279737818164164e-05,2.6839367102825665e-05,Log(inv(T_bar_camera_run_height) @ T_frame)
ihawk1,20260808_162715,45.0,2,0.010000138702989726,0.024160400205034505,-0.018739542751042663,4.1289360754897815e-05,3.7482020360087597e-05,0.00011085105020484743,Log(inv(T_bar_camera_run_height) @ T_frame)
ihawk1,20260808_162715,45.0,3,-0.014591202641348345,-0.027888419658963368,0.022231690825668962,-8.397310789012749e-05,5.315359685826027e-06,-0.00013769041943931815,Log(inv(T_bar_camera_run_height) @ T_frame)
ihawk1,20260808_162715,50.0,1,0.11531668576274345,0.24967948479791735,-0.13486759001270024,0.0008914755476274036,-0.0003425071933446854,0.00077826892735776,Log(inv(T_bar_camera_run_height) @ T_frame)
ihawk1,20260808_162715,50.0,2,0.0029714221308799597,0.09207028661006135,-0.017086328724937774,0.000623561887062548,-0.00029757561151446543,0.0007245697211349556,Log(inv(T_bar_camera_run_height) @ T_frame)
ihawk1,20260808_162715,50.0,3,-0.11828810789359538,-0.34174977140799945,0.15195391873763955,-0.0015150374344579623,0.0006400828047586662,-0.0015028386482547175,Log(inv(T_bar_camera_run_height) @ T_frame)
ihawk2,20260808_131913,0.0,1,0.03138993894237841,0.0015178139642217975,-0.023951008001881043,-5.087349887450083e-05,-0.0001767171011161961,-4.666786926280474e-06,Log(inv(T_bar_camera_run_height) @ T_frame)
ihawk2,20260808_131913,0.0,2,-0.015181051498973168,-0.004312932017716731,0.01306494289767388,-0.00014464118027196347,9.090599896952929e-05,-0.00012427102557372428,Log(inv(T_bar_camera_run_height) @ T_frame)
ihawk2,20260808_131913,0.0,3,-0.016208887443631345,0.0027951180534693996,0.010886065104316691,0.00019551467872406142,8.581110266421426e-05,0.00012893781208995285,Log(inv(T_bar_camera_run_height) @ T_frame)
ihawk2,20260808_131913,5.0,1,0.01600991742426127,-0.01090434536627323,-0.018015776355872405,-3.4681084927985775e-05,-5.7512614454981925e-05,-7.812369852580169e-05,Log(inv(T_bar_camera_run_height) @ T_frame)
ihawk2,20260808_131913,5.0,2,-0.03326408292128813,0.007739700044430316,0.03499826586928056,2.1035043903999435e-05,7.589061198121033e-05,-1.980898726358477e-05,Log(inv(T_bar_camera_run_height) @ T_frame)
ihawk2,20260808_131913,5.0,3,0.01725416549717835,0.003164645321853864,-0.016982489513347566,1.3646040644640757e-05,-1.837799848043329e-05,9.79326854675312e-05,Log(inv(T_bar_camera_run_height) @ T_frame)
ihawk2,20260808_131913,10.0,1,0.01793480173238485,-0.0043814205437009155,-0.008217641434142029,2.488132388449212e-05,-5.1210756391678986e-05,-5.614417728334113e-06,Log(inv(T_bar_camera_run_height) @ T_frame)
ihawk2,20260808_131913,10.0,2,-0.01198862767089691,-0.005187037621115376,0.008569865841955668,3.006995347731426e-05,9.898491129494311e-05,0.00011394948439248999,Log(inv(T_bar_camera_run_height) @ T_frame)
ihawk2,20260808_131913,10.0,3,-0.005946174061525105,0.00956845816482026,-0.00035222440792341314,-5.495127597565358e-05,-4.77741573952521e-05,-0.0001083350667060393,Log(inv(T_bar_camera_run_height) @ T_frame)
ihawk2,20260808_131913,15.0,1,-0.025509100547466093,-0.006868984507486982,0.023725499796517675,-5.438170430195784e-05,6.919216986152954e-05,-3.1953821523737964e-05,Log(inv(T_bar_camera_run_height) @ T_frame)
ihawk2,20260808_131913,15.0,2,0.0034909920074515624,0.002003948661618574,-0.007793301724050699,2.466159457311385e-06,0.00013280675331790745,-3.7500017308996775e-05,Log(inv(T_bar_camera_run_height) @ T_frame)
ihawk2,20260808_131913,15.0,3,0.022018108540001625,0.004865035845863689,-0.01593219807241415,5.191554445508593e-05,-0.00020199892190993874,6.945383838210658e-05,Log(inv(T_bar_camera_run_height) @ T_frame)
ihawk2,20260808_131913,20.0,1,-0.018172686390760945,0.0007951997817605965,0.006643822493919896,3.254553570889671e-05,0.00011781701849383912,-7.955733405284132e-05,Log(inv(T_bar_camera_run_height) @ T_frame)
ihawk2,20260808_131913,20.0,2,-0.007355264624481496,0.0009065695264573429,0.007615656635778604,-7.993819322018092e-05,-4.1738376397585225e-05,-5.2856766112924724e-05,Log(inv(T_bar_camera_run_height) @ T_frame)
ihawk2,20260808_131913,20.0,3,0.025527951015268616,-0.0017017693082041574,-0.014259479129587202,4.739265858675973e-05,-7.607864162657636e-05,0.00013241410096904334,Log(inv(T_bar_camera_run_height) @ T_frame)
ihawk2,20260808_131913,25.0,1,0.021224581728026402,-0.001313865616977028,-0.007341175569248598,-3.431559630357453e-05,6.014181690575135e-05,8.264998198812504e-05,Log(inv(T_bar_camera_run_height) @ T_frame)
ihawk2,20260808_131913,25.0,2,-0.003104896976016185,0.002130947577625765,0.0063638891462463,-0.00010508295713470402,-6.48421932768864e-05,-6.758273814422291e-05,Log(inv(T_bar_camera_run_height) @ T_frame)
ihawk2,20260808_131913,25.0,3,-0.0181196847519389,-0.000817081960646517,0.000977286422992088,0.00013939855443552198,4.700376325320841e-06,-1.506724405395179e-05,Log(inv(T_bar_camera_run_height) @ T_frame)
ihawk2,20260808_131913,30.0,1,-0.0014942557117607598,0.0027365757943668767,-0.002633034964273519,-4.055934118736066e-05,0.00014650936523959976,-1.5322730437279428e-05,Log(inv(T_bar_camera_run_height) @ T_frame)
ihawk2,20260808_131913,30.0,2,-0.012556701747389837,-0.0020797833410640563,0.014266748008563175,2.50133348268894e-05,5.586776427971985e-06,-4.379522649228935e-06,Log(inv(T_bar_camera_run_height) @ T_frame)
ihawk2,20260808_131913,30.0,3,0.01405095745916335,-0.0006567924533090462,-0.011633713044215606,1.554600663194531e-05,-0.00015209614281168503,1.9702253212621656e-05,Log(inv(T_bar_camera_run_height) @ T_frame)
ihawk2,20260808_131913,35.0,1,0.027925131363885556,-0.006566201392663825,-0.02356559406842673,1.0503260620447497e-05,7.389375984591302e-05,-9.052945364545703e-05,Log(inv(T_bar_camera_run_height) @ T_frame)
ihawk2,20260808_131913,35.0,2,0.00442846612277365,-0.004051325015192725,0.008202737995741687,-0.00010245422793065996,-6.446172842429406e-05,-7.172811831462271e-05,Log(inv(T_bar_camera_run_height) @ T_frame)
ihawk2,20260808_131913,35.0,3,-0.032353597486656505,0.010617526407844519,0.015362856072855445,9.195096702664012e-05,-9.432031601288654e-06,0.00016225757176339004,Log(inv(T_bar_camera_run_height) @ T_frame)
ihawk2,20260808_131913,40.0,1,0.001556562343488332,0.0021326498096691073,-0.003893527363234716,1.7581351768407995e-05,-7.227315696109011e-05,3.350274126704558e-05,Log(inv(T_bar_camera_run_height) @ T_frame)
ihawk2,20260808_131913,40.0,2,-0.00864966745453238,-0.005240981371954348,0.009210818130932526,3.563340154113122e-05,3.119274455494858e-05,-5.871345686628441e-06,Log(inv(T_bar_camera_run_height) @ T_frame)
ihawk2,20260808_131913,40.0,3,0.007093105111020469,0.003108331562274633,-0.005317290767824334,-5.32147565188253e-05,4.108040942594121e-05,-2.7631394980661137e-05,Log(inv(T_bar_camera_run_height) @ T_frame)
ihawk2,20260808_131913,45.0,1,0.008172378293080297,-0.007898685992458023,-0.01201032860862564,0.00019622297309508869,-0.00010441193454488003,0.0001024566113810331,Log(inv(T_bar_camera_run_height) @ T_frame)
ihawk2,20260808_131913,45.0,2,-0.019487040893776737,0.007571369499438693,0.016966648664746398,-0.00020109085363722413,0.00016089959057122654,-8.685455577886276e-05,Log(inv(T_bar_camera_run_height) @ T_frame)
ihawk2,20260808_131913,45.0,3,0.011314662600626241,0.0003273164930137068,-0.004956320056024808,4.867881083466767e-06,-5.648765608958844e-05,-1.56020552438469e-05,Log(inv(T_bar_camera_run_height) @ T_frame)
ihawk2,20260808_131913,50.0,1,0.002519309103803598,-0.0016943557506806392,0.00027668661631351883,5.771190584620194e-05,5.1442773996401306e-05,2.3774778786926264e-05,Log(inv(T_bar_camera_run_height) @ T_frame)
ihawk2,20260808_131913,50.0,2,0.021350918304181118,0.009425088200294467,-0.01304902884753341,-6.721432703273566e-05,-0.00014280302622882778,-7.736353791440698e-05,Log(inv(T_bar_camera_run_height) @ T_frame)
ihawk2,20260808_131913,50.0,3,-0.023870227407921548,-0.007730732449619019,0.0127723422311369,9.502420022852572e-06,9.136025061307319e-05,5.358875829928171e-05,Log(inv(T_bar_camera_run_height) @ T_frame)
ihawk2,20260808_141232,0.0,1,-0.005769463116913533,0.009619800475128741,0.007791415377058057,-3.7903157640732654e-05,4.200440388356542e-05,-7.400990600809353e-05,Log(inv(T_bar_camera_run_height) @ T_frame)
ihawk2,20260808_141232,0.0,2,-0.003895832840932453,-0.0015776363783706903,0.006329754681142814,6.457391723600807e-05,-3.139054927804452e-05,6.274948727372993e-05,Log(inv(T_bar_camera_run_height) @ T_frame)
ihawk2,20260808_141232,0.0,3,0.009665295957826142,-0.008042164096750633,-0.014121170058291391,-2.6670759335321177e-05,-1.0613854588609195e-05,1.1260418760846719e-05,Log(inv(T_bar_camera_run_height) @ T_frame)
ihawk2,20260808_141232,5.0,1,0.0011165633571585416,0.00734067240595075,0.0009347204771220939,5.659839955488394e-06,-2.430190783875967e-05,5.2603886066948835e-05,Log(inv(T_bar_camera_run_height) @ T_frame)
ihawk2,20260808_141232,5.0,2,-0.008273454061082418,-0.00632032780441488,0.002175836253897243,-1.0685466852378553e-05,-3.5652688117498634e-05,-1.2523991950548067e-05,Log(inv(T_bar_camera_run_height) @ T_frame)
ihawk2,20260808_141232,5.0,3,0.00715689070378719,-0.0010203446015268403,-0.003110556731002172,5.025626772110345e-06,5.995459545383377e-05,-4.007989417101694e-05,Log(inv(T_bar_camera_run_height) @ T_frame)
ihawk2,20260808_141232,10.0,1,0.011908829719966388,-0.003479019336758771,-0.012756675224953782,-8.902437818923411e-05,-8.254153793889366e-05,-7.107931198222378e-05,Log(inv(T_bar_camera_run_height) @ T_frame)
ihawk2,20260808_141232,10.0,2,-0.025163855428635726,-0.004767525173620937,0.015459091865921383,0.00011788891932544515,3.758533056469723e-05,3.165171320950963e-05,Log(inv(T_bar_camera_run_height) @ T_frame)
ihawk2,20260808_141232,10.0,3,0.013255025708733126,0.008246544510392683,-0.00270241664113625,-2.8864542651521388e-05,4.4956206459073614e-05,3.9427597989521094e-05,Log(inv(T_bar_camera_run_height) @ T_frame)
ihawk2,20260808_141232,15.0,1,0.006445649834204955,-0.000683945522735626,0.01397885942980646,2.8719464697890225e-05,-0.00016694096731592506,-8.386125486296888e-05,Log(inv(T_bar_camera_run_height) @ T_frame)
ihawk2,20260808_141232,15.0,2,0.003007390153095908,-0.008286061935466481,-0.011803535157977989,7.725808122074207e-05,7.095596382121486e-05,0.00011470270424809086,Log(inv(T_bar_camera_run_height) @ T_frame)
ihawk2,20260808_141232,15.0,3,-0.009453039987245048,0.008970007458189136,-0.002175324271792605,-0.00010597754496297284,9.59850044931369e-05,-3.084144788730203e-05,Log(inv(T_bar_camera_run_height) @ T_frame)
ihawk2,20260808_141232,20.0,1,0.0008708453418461914,-0.0026630378169079376,0.004881981191976047,7.740044955286382e-05,-7.579302379492488e-06,5.375026505625128e-05,Log(inv(T_bar_camera_run_height) @ T_frame)
ihawk2,20260808_141232,20.0,2,-0.01916870586791925,-0.0019114534305211498,0.01387731463098891,-7.388681767774111e-05,3.439281416716703e-05,-8.248145948280136e-05,Log(inv(T_bar_camera_run_height) @ T_frame)
ihawk2,20260808_141232,20.0,3,0.018297860525994768,0.0045744912474343,-0.018759295822999737,-3.513632757315165e-06,-2.6813512218518244e-05,2.873119440764468e-05,Log(inv(T_bar_camera_run_height) @ T_frame)
ihawk2,20260808_141232,25.0,1,-0.01844180373085184,0.0007635557842662149,0.018822743741717878,-4.8718862461422236e-05,1.2564940674174604e-05,-2.113066657262006e-05,Log(inv(T_bar_camera_run_height) @ T_frame)
ihawk2,20260808_141232,25.0,2,0.016046906904424653,-0.00048797600281923664,-0.009295046879434641,-9.7665288431695e-05,-8.59630491239377e-05,-8.754270312791215e-05,Log(inv(T_bar_camera_run_height) @ T_frame)
ihawk2,20260808_141232,25.0,3,0.002394896826443137,-0.0002755797814346512,-0.009527696862127845,0.00014638415117803876,7.339810848841037e-05,0.0001086733698696843,Log(inv(T_bar_camera_run_height) @ T_frame)
ihawk2,20260808_141232,30.0,1,0.5000408400928451,0.1245274091072784,-0.44019614589173944,0.002077659687780773,-0.0006138142852879922,0.0021624104639432337,Log(inv(T_bar_camera_run_height) @ T_frame)
ihawk2,20260808_141232,30.0,2,-0.2440480423202013,-0.06496867376179184,0.2125775555549068,-0.000976570128101397,0.0002464973500041661,-0.001021988979100227,Log(inv(T_bar_camera_run_height) @ T_frame)
ihawk2,20260808_141232,30.0,3,-0.25599279777268485,-0.05955873534549399,0.227618590336667,-0.0011010895596736943,0.0003673169352821138,-0.0011404214848370856,Log(inv(T_bar_camera_run_height) @ T_frame)
ihawk2,20260808_141232,35.0,1,-0.004744390953818144,0.010380481282950273,0.0037867882780199414,-3.437260825393887e-05,5.5025075680011746e-05,5.614993262168239e-05,Log(inv(T_bar_camera_run_height) @ T_frame)
ihawk2,20260808_141232,35.0,2,0.035247430276546705,-0.0057240955487395315,-0.022457434791324345,-3.967963887108323e-05,-3.303272675212602e-05,-3.409713977493539e-05,Log(inv(T_bar_camera_run_height) @ T_frame)
ihawk2,20260808_141232,35.0,3,-0.030503039322676548,-0.004656385734204497,0.01867064651325607,7.405224672274235e-05,-2.1992347769046893e-05,-2.2052791662060866e-05,Log(inv(T_bar_camera_run_height) @ T_frame)
ihawk2,20260808_141232,40.0,1,-0.000671235018701956,-0.010571853490631241,0.00218969909355014,0.0001228340131151416,3.937899849507124e-05,0.00011417473826455333,Log(inv(T_bar_camera_run_height) @ T_frame)
ihawk2,20260808_141232,40.0,2,-0.01127931179107537,0.007415569051314059,0.008235272869183559,-0.00010494370375253806,3.617651631553394e-05,-9.383677092094037e-05,Log(inv(T_bar_camera_run_height) @ T_frame)
ihawk2,20260808_141232,40.0,3,0.011950546809588219,0.003156284439328658,-0.010424971962714302,-1.7890309994854977e-05,-7.555551517279932e-05,-2.0337967939772708e-05,Log(inv(T_bar_camera_run_height) @ T_frame)
ihawk2,20260808_141232,45.0,1,-0.020137087094700214,0.00883720392175394,0.015766146861208336,-9.122967739038415e-05,7.223251926233657e-06,-6.697779521817231e-05,Log(inv(T_bar_camera_run_height) @ T_frame)
ihawk2,20260808_141232,45.0,2,-0.00041043607860308934,-0.007943379017110676,-0.001740276168677535,3.237172035835522e-05,2.4046014316449075e-05,-4.6578138869033194e-06,Log(inv(T_bar_camera_run_height) @ T_frame)
ihawk2,20260808_141232,45.0,3,0.02054752317341019,-0.0008938249046651119,-0.014025870692580931,5.88579574526057e-05,-3.126926643780282e-05,7.163560958667147e-05,Log(inv(T_bar_camera_run_height) @ T_frame)
ihawk2,20260808_141232,50.0,1,-0.023449229434847563,-0.00806443610455329,0.010328213779937218,-6.402166862468451e-05,0.00011279523205137176,-2.2563438071785784e-05,Log(inv(T_bar_camera_run_height) @ T_frame)
ihawk2,20260808_141232,50.0,2,-0.009296022496075883,-0.005080874785310456,0.015106418967103349,-7.879313630529807e-07,-8.30085176753098e-05,-3.12097842745182e-05,Log(inv(T_bar_camera_run_height) @ T_frame)
ihawk2,20260808_141232,50.0,3,0.03274525193098416,0.013145310889830618,-0.02543463274697977,6.48095999894351e-05,-2.978671503347922e-05,5.3773222107048934e-05,Log(inv(T_bar_camera_run_height) @ T_frame)
ihawk2,20260808_145501,0.0,1,-0.005465935348596442,-0.0002786939815281789,0.008329428112841876,-5.13557300922029e-05,3.0383890984643805e-05,1.0728379703838722e-05,Log(inv(T_bar_camera_run_height) @ T_frame)
ihawk2,20260808_145501,0.0,2,-0.03357757196252287,-0.0011912791385604714,0.02643138641677101,3.344665301116061e-05,0.00010748254683320643,-4.4935119165005564e-05,Log(inv(T_bar_camera_run_height) @ T_frame)
ihawk2,20260808_145501,0.0,3,0.039043507311021984,0.001469973120083093,-0.03476081452968466,1.790907421010602e-05,-0.0001378664354242565,3.4206739853677655e-05,Log(inv(T_bar_camera_run_height) @ T_frame)
ihawk2,20260808_145501,5.0,1,-0.002607000110154443,0.003099385470080381,0.006741356286940932,7.409490297012475e-05,-6.467221089100187e-05,6.937091793174516e-05,Log(inv(T_bar_camera_run_height) @ T_frame)
ihawk2,20260808_145501,5.0,2,-0.0012727652496150614,0.0009334898518615474,0.0035497897461179225,-0.00010496628418534715,4.692691256576294e-05,-7.419181035163955e-05,Log(inv(T_bar_camera_run_height) @ T_frame)
ihawk2,20260808_145501,5.0,3,0.003879765359868345,-0.00403287532193343,-0.010291146032941104,3.087137978955611e-05,1.774529897070889e-05,4.820891407830464e-06,Log(inv(T_bar_camera_run_height) @ T_frame)
ihawk2,20260808_145501,10.0,1,-0.02736497246649162,0.0034947634376018533,0.022845690336012636,1.5225466410484405e-07,0.0002203745299710434,6.226907197820547e-06,Log(inv(T_bar_camera_run_height) @ T_frame)
ihawk2,20260808_145501,10.0,2,-0.02996039180683857,0.003375852296184901,0.03244025401739944,2.5694015028201504e-05,4.212526570281877e-05,-2.9329763069645333e-05,Log(inv(T_bar_camera_run_height) @ T_frame)
ihawk2,20260808_145501,10.0,3,0.05732536427319621,-0.006870615733766855,-0.055285944353491615,-2.5846269634897658e-05,-0.00026249979355211754,2.3102855865249877e-05,Log(inv(T_bar_camera_run_height) @ T_frame)
ihawk2,20260808_145501,15.0,1,0.044795809346173006,-0.007497760569046359,-0.04138929521460763,0.00017610108181254048,-0.00020567431791003885,0.00024692988664651934,Log(inv(T_bar_camera_run_height) @ T_frame)
ihawk2,20260808_145501,15.0,2,-0.02010259965450961,0.0016422781439780726,0.018033966872957996,-5.6602026712538924e-05,-4.07050142988121e-06,1.932469239036181e-05,Log(inv(T_bar_camera_run_height) @ T_frame)
ihawk2,20260808_145501,15.0,3,-0.024693209691751542,0.005855482425075498,0.023355328341599174,-0.00011949905845422474,0.00020974481945732287,-0.00026625457839599446,Log(inv(T_bar_camera_run_height) @ T_frame)
ihawk2,20260808_145501,20.0,1,-0.0044152906995231595,0.002150791297594602,-0.006304645797135795,1.378309195453447e-05,7.296272687522789e-05,3.659526856661042e-05,Log(inv(T_bar_camera_run_height) @ T_frame)
ihawk2,20260808_145501,20.0,2,0.007308514436306481,-0.0017755535732135784,-0.0073602436669854485,3.9617118312934445e-05,-1.5143058239888464e-05,4.881549369489788e-05,Log(inv(T_bar_camera_run_height) @ T_frame)
ihawk2,20260808_145501,20.0,3,-0.0028932237367411398,-0.0003752377243550188,0.013664889464207842,-5.3400212171820576e-05,-5.7819669359557775e-05,-8.541076497205441e-05,Log(inv(T_bar_camera_run_height) @ T_frame)
ihawk2,20260808_145501,25.0,1,-0.011381632472278214,0.006131566258445708,0.0014375987455718397,-6.509830154869226e-05,-2.302289156828421e-05,-7.35076453273306e-05,Log(inv(T_bar_camera_run_height) @ T_frame)
ihawk2,20260808_145501,25.0,2,-0.01530410302054777,-0.005573405175103483,0.017559911542637086,-2.353642611062528e-05,3.521636702427184e-05,4.301310884750299e-06,Log(inv(T_bar_camera_run_height) @ T_frame)
ihawk2,20260808_145501,25.0,3,0.02668573549273875,-0.000558161083350844,-0.01899751028822059,8.863472702127186e-05,-1.2193475961515089e-05,6.920633352360423e-05,Log(inv(T_bar_camera_run_height) @ T_frame)
ihawk2,20260808_145501,30.0,1,-0.031046469902462338,-0.006218645760635864,0.028966616768801228,0.00014290597149088354,4.72357738976291e-05,8.066506734267004e-05,Log(inv(T_bar_camera_run_height) @ T_frame)
ihawk2,20260808_145501,30.0,2,0.0043006607513573795,0.0036710805907457307,0.0001111489825168071,-4.372335237496138e-05,-5.6531569516705535e-05,-3.624880321108192e-06,Log(inv(T_bar_camera_run_height) @ T_frame)
ihawk2,20260808_145501,30.0,3,0.026745809151048374,0.002547565169890724,-0.029077765751548232,-9.918261956027919e-05,9.295795550408068e-06,-7.704018731152134e-05,Log(inv(T_bar_camera_run_height) @ T_frame)
ihawk2,20260808_145501,35.0,1,0.006149633088567781,-0.006258052333366261,-0.011011183550281644,8.3676051433158e-05,-1.7044866178870226e-06,7.696757048901158e-05,Log(inv(T_bar_camera_run_height) @ T_frame)
ihawk2,20260808_145501,35.0,2,0.009998888150255925,0.0028618944695879963,-0.001621191321099886,-0.00012752868882268315,-7.543012707720465e-05,-0.0001342191765051058,Log(inv(T_bar_camera_run_height) @ T_frame)
ihawk2,20260808_145501,35.0,3,-0.016148521238871567,0.0033961578637717533,0.012632374871612482,4.385263828464948e-05,7.713461335132391e-05,5.7251606768882715e-05,Log(inv(T_bar_camera_run_height) @ T_frame)
ihawk2,20260808_145501,40.0,1,0.003479335489815904,0.006399609012268776,0.0017151349430688265,-1.8551505815843816e-05,-0.00020691447899157765,-3.5153367731569744e-05,Log(inv(T_bar_camera_run_height) @ T_frame)
ihawk2,20260808_145501,40.0,2,-0.03171148611158091,-0.011253388488726267,0.01381214690309231,4.370004129708374e-05,9.391750455866449e-05,6.417822123698963e-05,Log(inv(T_bar_camera_run_height) @ T_frame)
ihawk2,20260808_145501,40.0,3,0.028232150621646225,0.004853779476432558,-0.015527281846257608,-2.5148535771522193e-05,0.00011299697176570778,-2.9024854028463927e-05,Log(inv(T_bar_camera_run_height) @ T_frame)
ihawk2,20260808_145501,45.0,1,0.012761314697020527,0.004115620279475051,-0.012065191078443763,-9.726494876157356e-05,-1.5048923784963371e-05,-0.00010930228263385541,Log(inv(T_bar_camera_run_height) @ T_frame)
ihawk2,20260808_145501,45.0,2,-0.009594099977403842,-0.003419059171801528,0.006038684695178005,-3.0896126275868726e-05,4.1252612178913584e-05,3.3079065223960835e-05,Log(inv(T_bar_camera_run_height) @ T_frame)
ihawk2,20260808_145501,45.0,3,-0.003167214719653802,-0.0006965611076395573,0.006026506383339582,0.00012816107505783092,-2.6203688326496363e-05,7.622321752742299e-05,Log(inv(T_bar_camera_run_height) @ T_frame)
ihawk2,20260808_145501,50.0,1,0.004492342733919933,-0.001115870424016894,-0.0026626936970197464,-8.001248131468223e-05,7.756169206051032e-05,-7.882231031433815e-05,Log(inv(T_bar_camera_run_height) @ T_frame)
ihawk2,20260808_145501,50.0,2,0.011835447738861304,-5.630329351474538e-05,-0.012714023947739028,9.4269349508408e-05,-2.7892046387685223e-06,9.350247782864445e-05,Log(inv(T_bar_camera_run_height) @ T_frame)
ihawk2,20260808_145501,50.0,3,-0.01632779047281346,0.0011721737175499941,0.01537671764477778,-1.4256868744372232e-05,-7.477248748915195e-05,-1.4680168061068329e-05,Log(inv(T_bar_camera_run_height) @ T_frame)
ihawk2,20260808_151001,0.0,1,0.0018255609014680009,-0.0018897529640499444,-0.006530140882559437,-6.849859855693386e-05,-6.135795297061055e-05,-8.707654262042136e-05,Log(inv(T_bar_camera_run_height) @ T_frame)
ihawk2,20260808_151001,0.0,2,0.011983955409104666,-1.4027696778379396e-05,-0.005676857824698873,-6.681694056694187e-06,9.88543625350598e-05,2.6457237196334362e-05,Log(inv(T_bar_camera_run_height) @ T_frame)
ihawk2,20260808_151001,0.0,3,-0.013809516310739865,0.001903780660837706,0.012206998707325233,7.518029122471402e-05,-3.74964086927128e-05,6.0619304363841805e-05,Log(inv(T_bar_camera_run_height) @ T_frame)
ihawk2,20260808_151001,5.0,1,-0.0016514088231915959,0.009472626216509322,0.0067635764516943385,-3.011325672547193e-05,-2.041845067627554e-05,-1.0791023228471474e-05,Log(inv(T_bar_camera_run_height) @ T_frame)
ihawk2,20260808_151001,5.0,2,-0.007160974109618341,-0.010490340368821623,0.009425695371598744,-0.00017889643965953038,9.765584476197566e-05,-0.00016771763695493414,Log(inv(T_bar_camera_run_height) @ T_frame)
ihawk2,20260808_151001,5.0,3,0.008812382932787173,0.0010177141523118277,-0.01618927182348133,0.00020900969601396528,-7.723739366567999e-05,0.00017850865973265527,Log(inv(T_bar_camera_run_height) @ T_frame)
ihawk2,20260808_151001,10.0,1,0.023846287654062624,-0.002045940816405218,-0.02035692162025929,0.00012031610405984955,-0.00016566675689136092,3.741881435475223e-05,Log(inv(T_bar_camera_run_height) @ T_frame)
ihawk2,20260808_151001,10.0,2,-0.007288269232469627,-0.0015084441081301449,0.010631252708229127,-7.653942213897271e-05,0.00014144790417337495,-5.219460039732609e-05,Log(inv(T_bar_camera_run_height) @ T_frame)
ihawk2,20260808_151001,10.0,3,-0.016558018421492595,0.0035543849245462406,0.009725668912051975,-4.3776679833375774e-05,2.421885223799853e-05,1.4775784806706005e-05,Log(inv(T_bar_camera_run_height) @ T_frame)
ihawk2,20260808_151001,15.0,1,0.0072864508685116965,-0.00026182312648072515,-0.007519398975622972,-2.7605424027329742e-05,0.00011690621161684656,-3.1354524518647325e-05,Log(inv(T_bar_camera_run_height) @ T_frame)
ihawk2,20260808_151001,15.0,2,-0.000556047728201322,0.01196906402161812,0.00278210457882234,3.089892358953566e-05,-0.00019419015070796974,-1.0109963624099957e-05,Log(inv(T_bar_camera_run_height) @ T_frame)
ihawk2,20260808_151001,15.0,3,-0.0067304031402427,-0.01170724089514255,0.004737294396901964,-3.2934996881454987e-06,7.728393984447541e-05,4.1464488156768305e-05,Log(inv(T_bar_camera_run_height) @ T_frame)
ihawk2,20260808_151001,20.0,1,0.008850768711759351,-0.007001917704294939,-0.0065558368936739515,2.356343699323842e-07,2.1023738850032983e-05,-5.986558106739179e-05,Log(inv(T_bar_camera_run_height) @ T_frame)
ihawk2,20260808_151001,20.0,2,-0.003595713668321757,0.008864850409198804,0.0008580236809411607,-6.805877046971986e-05,2.0782471825824225e-05,-5.782320416882071e-05,Log(inv(T_bar_camera_run_height) @ T_frame)
ihawk2,20260808_151001,20.0,3,-0.0052550550434233775,-0.001862932704889106,0.005697813212763403,6.782313566049238e-05,-4.1806210467079114e-05,0.00011768878465065019,Log(inv(T_bar_camera_run_height) @ T_frame)
ihawk2,20260808_151001,25.0,1,0.024727144976647825,0.0035807171667855257,-0.020475761312045777,-1.8859296866665545e-05,-7.161819630280557e-05,-3.854220010615004e-05,Log(inv(T_bar_camera_run_height) @ T_frame)
ihawk2,20260808_151001,25.0,2,-0.022524393922324498,-0.002781584724673771,0.02383466152766459,-5.894261144765654e-05,0.00011147372349176083,-4.5107187558977566e-05,Log(inv(T_bar_camera_run_height) @ T_frame)
ihawk2,20260808_151001,25.0,3,-0.002202751054254053,-0.0007991324421005524,-0.0033589002156662433,7.780190813561355e-05,-3.985552656356916e-05,8.36493875929581e-05,Log(inv(T_bar_camera_run_height) @ T_frame)
ihawk2,20260808_151001,30.0,1,0.04599246736519767,-0.009312141366425051,-0.03580750847236861,7.5827193301348534e-06,-8.124433381863239e-05,3.270551944992208e-05,Log(inv(T_bar_camera_run_height) @ T_frame)
ihawk2,20260808_151001,30.0,2,-0.02759551205603816,0.002918221726306435,0.015200152539267566,-0.00010391217322450302,9.437188113958486e-05,-4.942190938485116e-05,Log(inv(T_bar_camera_run_height) @ T_frame)
ihawk2,20260808_151001,30.0,3,-0.01839695530902512,0.006393919640110164,0.02060735593319474,9.632945278453959e-05,-1.3127547933594147e-05,1.671639004126586e-05,Log(inv(T_bar_camera_run_height) @ T_frame)
ihawk2,20260808_151001,35.0,1,0.004711171972425657,0.006852257847475984,-0.019668248231583616,6.551216412046026e-05,2.7070690313228885e-05,0.00013104024949218054,Log(inv(T_bar_camera_run_height) @ T_frame)
ihawk2,20260808_151001,35.0,2,0.0014041651399266638,-0.0003705914881819717,-0.0007032328065790467,0.00014916366883035664,-3.105174992561935e-05,5.865394560060663e-05,Log(inv(T_bar_camera_run_height) @ T_frame)
ihawk2,20260808_151001,35.0,3,-0.00611533711243638,-0.00648166635929271,0.020371481038110976,-0.00021467583342148786,3.981059611128459e-06,-0.0001896941955341533,Log(inv(T_bar_camera_run_height) @ T_frame)
ihawk2,20260808_151001,40.0,1,-0.010223105363243496,-0.0033099447535583065,0.010820916622660742,-1.7398567179053495e-05,6.194502717345089e-05,-1.0098849398064888e-05,Log(inv(T_bar_camera_run_height) @ T_frame)
ihawk2,20260808_151001,40.0,2,-0.02526965848899028,-0.00228888062237149,0.012968915763413975,8.931819519409998e-05,-3.3193669473955297e-06,8.354431097323602e-05,Log(inv(T_bar_camera_run_height) @ T_frame)
ihawk2,20260808_151001,40.0,3,0.03549276385224402,0.005598825375914063,-0.023789832385869555,-7.19196257201244e-05,-5.862565973238809e-05,-7.344545937026406e-05,Log(inv(T_bar_camera_run_height) @ T_frame)
ihawk2,20260808_151001,45.0,1,-0.022873682532774317,0.003803259199976663,0.015998619000720304,-0.00011967648425067581,6.524287543827798e-05,-0.00014461680288290298,Log(inv(T_bar_camera_run_height) @ T_frame)
ihawk2,20260808_151001,45.0,2,0.016097343011243225,0.0004116037033796339,-0.014266247703487873,4.372359412588406e-05,-7.477635786079208e-05,6.080575665372316e-06,Log(inv(T_bar_camera_run_height) @ T_frame)
ihawk2,20260808_151001,45.0,3,0.006776339521558881,-0.004214862903336784,-0.0017323712974123453,7.595289038850966e-05,9.533482273837875e-06,0.0001385362275316471,Log(inv(T_bar_camera_run_height) @ T_frame)
ihawk2,20260808_151001,50.0,1,0.04716493046677765,-0.005098939035529456,-0.03311146684943254,-1.0295207149738959e-05,-5.677828480417147e-05,-3.920568847353097e-05,Log(inv(T_bar_camera_run_height) @ T_frame)
ihawk2,20260808_151001,50.0,2,-0.02016961886050875,0.004996247776026505,0.014502418639301686,-7.449610021546098e-05,1.0583011126593731e-05,-4.0376959407444163e-05,Log(inv(T_bar_camera_run_height) @ T_frame)
ihawk2,20260808_151001,50.0,3,-0.026995311606350325,0.00010269125947868537,0.018609048210042115,8.479130583784381e-05,4.619527293205148e-05,7.958264649739278e-05,Log(inv(T_bar_camera_run_height) @ T_frame)
ihawk2,20260808_162715,0.0,1,0.005039151823048614,0.0055115732483593536,-0.012660963977552944,-1.7202192379689956e-05,-3.326327729586226e-05,4.973885590564943e-05,Log(inv(T_bar_camera_run_height) @ T_frame)
ihawk2,20260808_162715,0.0,2,-0.019761439394695515,0.0023435121968311975,0.020533157064734086,-2.3238598792501162e-05,6.411227314748285e-05,-0.0001071221150408325,Log(inv(T_bar_camera_run_height) @ T_frame)
ihawk2,20260808_162715,0.0,3,0.014722287571784284,-0.007855085445166542,-0.007872193087118767,4.044078965248666e-05,-3.084899451988529e-05,5.738325670323154e-05,Log(inv(T_bar_camera_run_height) @ T_frame)
ihawk2,20260808_162715,5.0,1,-0.015210677866471838,0.007433986904400035,0.010579393434301143,-3.528189147404329e-05,-4.481799036608009e-05,-9.68634303677273e-05,Log(inv(T_bar_camera_run_height) @ T_frame)
ihawk2,20260808_162715,5.0,2,0.03849651593093081,-0.0011172137794095067,-0.03277993862582401,-5.9642152829951564e-05,-0.0001200451450928297,4.325683839810254e-06,Log(inv(T_bar_camera_run_height) @ T_frame)
ihawk2,20260808_162715,5.0,3,-0.02328583806447227,-0.006316773124982088,0.022200545191658715,9.492404442921835e-05,0.00016486313566136567,9.253774670669161e-05,Log(inv(T_bar_camera_run_height) @ T_frame)
ihawk2,20260808_162715,10.0,1,0.0024126430403765835,0.001006788950520425,-0.003399276203835813,9.939922986331081e-05,-2.4263558088257053e-05,5.875826907505884e-05,Log(inv(T_bar_camera_run_height) @ T_frame)
ihawk2,20260808_162715,10.0,2,-0.01186391343020432,-0.001522724849703394,0.009231080867323271,0.0,0.0,0.0,Log(inv(T_bar_camera_run_height) @ T_frame)
ihawk2,20260808_162715,10.0,3,0.009451270389811072,0.0005159358991638688,-0.005831804663518523,-9.939922817280703e-05,2.42635583563414e-05,-5.875826804516958e-05,Log(inv(T_bar_camera_run_height) @ T_frame)
ihawk2,20260808_162715,15.0,1,0.0005060621316726201,-0.0033777451111392056,-0.000486980457195188,-1.4751381872234013e-05,-5.942941186860199e-05,2.863861022491642e-06,Log(inv(T_bar_camera_run_height) @ T_frame)
ihawk2,20260808_162715,15.0,2,-0.002179918232474081,0.009238717191662728,0.0025778507833654307,3.8356478146486573e-05,7.721375349827229e-05,8.42161083082289e-06,Log(inv(T_bar_camera_run_height) @ T_frame)
ihawk2,20260808_162715,15.0,3,0.0016738561008581081,-0.0058609720805236866,-0.002090870326262984,-2.3605100867780347e-05,-1.7784344666475537e-05,-1.1285474136487053e-05,Log(inv(T_bar_camera_run_height) @ T_frame)
ihawk2,20260808_162715,20.0,1,0.023525738477090843,0.0038902064418128153,-0.017826751844536606,8.593571713235687e-05,-6.555177271716533e-05,0.00010711960953421405,Log(inv(T_bar_camera_run_height) @ T_frame)
ihawk2,20260808_162715,20.0,2,-0.005866753303938034,0.002924549471573156,0.0024618823907193227,-5.154748946912205e-05,5.768099566605892e-05,-5.196485597066476e-06,Log(inv(T_bar_camera_run_height) @ T_frame)
ihawk2,20260808_162715,20.0,3,-0.01765898517315325,-0.006814755913397054,0.015364869453853052,-3.438822950574756e-05,7.870779123815585e-06,-0.00010192312408786793,Log(inv(T_bar_camera_run_height) @ T_frame)
ihawk2,20260808_162715,25.0,1,-0.017830588056670853,-0.0011478039670598547,0.018538996954254594,1.389011857695676e-05,8.958384408798308e-05,-7.647448583154394e-05,Log(inv(T_bar_camera_run_height) @ T_frame)
ihawk2,20260808_162715,25.0,2,0.004391689285867162,0.0005719409803601166,0.0031715178978488656,3.1399675361498966e-05,-9.866766071247843e-06,9.722466027454035e-05,Log(inv(T_bar_camera_run_height) @ T_frame)
ihawk2,20260808_162715,25.0,3,0.013438898770793087,0.0005758629867000998,-0.021710514852060252,-4.528979359983553e-05,-7.971707676853854e-05,-2.0750175117318036e-05,Log(inv(T_bar_camera_run_height) @ T_frame)
ihawk2,20260808_162715,30.0,1,0.010079743223682781,-0.0016168430439904807,-0.006199327301182829,7.54007048266692e-05,-3.598753355674872e-05,9.110395141619352e-05,Log(inv(T_bar_camera_run_height) @ T_frame)
ihawk2,20260808_162715,30.0,2,-0.03164184469607048,0.006825928454666356,0.024114540217159006,1.535281685188451e-05,0.00015030872494120487,-6.374864175979488e-05,Log(inv(T_bar_camera_run_height) @ T_frame)
ihawk2,20260808_162715,30.0,3,0.021562101472336254,-0.005209085410693523,-0.017915212916010163,-9.07535214210862e-05,-0.00011432119163982644,-2.735530927613257e-05,Log(inv(T_bar_camera_run_height) @ T_frame)
ihawk2,20260808_162715,35.0,1,0.013823849935494278,0.005640433813110502,-0.015207871838044914,2.982304480575704e-05,2.6811420319772094e-06,3.139379104504379e-05,Log(inv(T_bar_camera_run_height) @ T_frame)
ihawk2,20260808_162715,35.0,2,-0.017274071664003323,-0.005547855179643536,0.010259506363888777,-1.551535975501293e-05,-2.7739083198714174e-05,-8.109614379436072e-05,Log(inv(T_bar_camera_run_height) @ T_frame)
ihawk2,20260808_162715,35.0,3,0.0034502217284532767,-9.257863343130033e-05,0.0049483654741840155,-1.4307683596907757e-05,2.5057940191603344e-05,4.9702351561243204e-05,Log(inv(T_bar_camera_run_height) @ T_frame)
ihawk2,20260808_162715,40.0,1,0.027540367240719104,-0.00043326585446275593,-0.01038996591232211,6.103734714185753e-06,-7.734661159396913e-05,-3.307962666836268e-05,Log(inv(T_bar_camera_run_height) @ T_frame)
ihawk2,20260808_162715,40.0,2,-0.02876796432181673,0.0038861347026055244,0.016897754785636997,3.8658704538627554e-05,0.00010856528609460539,7.049679850177395e-07,Log(inv(T_bar_camera_run_height) @ T_frame)
ihawk2,20260808_162715,40.0,3,0.0012275970811036665,-0.003452868848130078,-0.006507788873293748,-4.476243915143284e-05,-3.121867421601563e-05,3.237465868513499e-05,Log(inv(T_bar_camera_run_height) @ T_frame)
ihawk2,20260808_162715,45.0,1,-0.003339924845703549,-0.0033283606469044495,0.004489846458573154,3.981733829489917e-05,-0.00011779514300491086,2.6806502280685896e-05,Log(inv(T_bar_camera_run_height) @ T_frame)
ihawk2,20260808_162715,45.0,2,-0.004624837458166305,0.00343675009479891,0.004546278772037786,-1.6938938227460722e-05,0.00014110230879153866,6.583176396968521e-06,Log(inv(T_bar_camera_run_height) @ T_frame)
ihawk2,20260808_162715,45.0,3,0.00796476230406661,-0.00010838944789852297,-0.009036125230761909,-2.2878399340158936e-05,-2.3307168173533353e-05,-3.338967823454817e-05,Log(inv(T_bar_camera_run_height) @ T_frame)
ihawk2,20260808_162715,50.0,1,0.004823124579917625,-0.009599663117284147,0.0023675179237282666,8.860776037390575e-05,-0.0001390504195067948,4.255866838085428e-05,Log(inv(T_bar_camera_run_height) @ T_frame)
ihawk2,20260808_162715,50.0,2,-0.04251587998444428,-0.007423586211143033,0.026292654752709498,1.0935700555020357e-05,0.00015609971263547446,5.2928079245909624e-05,Log(inv(T_bar_camera_run_height) @ T_frame)
ihawk2,20260808_162715,50.0,3,0.037692755404414434,0.0170232493284148,-0.028660172676355167,-9.95434609589226e-05,-1.704929337215672e-05,-9.548674772113921e-05,Log(inv(T_bar_camera_run_height) @ T_frame)
