camera,run_id,height_mm,frame_index,geometry,best_reprojection_rmse_px,second_reprojection_rmse_px,n_board_corners
ihawk1,20260808_131913,0.0,1,actual_margin10,0.3360236070065043,12.420719505575747,20
ihawk1,20260808_131913,0.0,1,logged_edge_aligned,1.858285328804045,12.141425176096105,20
ihawk1,20260808_131913,0.0,2,actual_margin10,0.34812148310892405,12.426942910089437,20
ihawk1,20260808_131913,0.0,2,logged_edge_aligned,1.8517514739486594,12.145871491287224,20
ihawk1,20260808_131913,0.0,3,actual_margin10,0.3350403036321273,12.421709832232207,20
ihawk1,20260808_131913,0.0,3,logged_edge_aligned,1.860906742956955,12.142408907058636,20
ihawk1,20260808_131913,5.0,1,actual_margin10,0.3897957207742548,12.548785259756452,20
ihawk1,20260808_131913,5.0,1,logged_edge_aligned,1.8811190832749562,12.262890023567182,20
ihawk1,20260808_131913,5.0,2,actual_margin10,0.39332972512425773,12.552457513719608,20
ihawk1,20260808_131913,5.0,2,logged_edge_aligned,1.8757325630806139,12.26562513540152,20
ihawk1,20260808_131913,5.0,3,actual_margin10,0.37815320678326786,12.536373011390339,20
ihawk1,20260808_131913,5.0,3,logged_edge_aligned,1.8820499404152349,12.252177251771846,20
ihawk1,20260808_131913,10.0,1,actual_margin10,0.3382015206962527,12.715728815615345,20
ihawk1,20260808_131913,10.0,1,logged_edge_aligned,1.8716139280841577,12.41828585983701,20
ihawk1,20260808_131913,10.0,2,actual_margin10,0.3521373030423726,12.71262272926087,20
ihawk1,20260808_131913,10.0,2,logged_edge_aligned,1.8736601273742433,12.416051368216465,20
ihawk1,20260808_131913,10.0,3,actual_margin10,0.3459249060813171,12.739322041980703,20
ihawk1,20260808_131913,10.0,3,logged_edge_aligned,1.874588814958998,12.442262495143147,20
ihawk1,20260808_131913,15.0,1,actual_margin10,0.37132173257880086,12.796858498344799,20
ihawk1,20260808_131913,15.0,1,logged_edge_aligned,1.8730694433891457,12.489446882614514,20
ihawk1,20260808_131913,15.0,2,actual_margin10,0.37975831255449716,12.804157717877754,20
ihawk1,20260808_131913,15.0,2,logged_edge_aligned,1.872263910062149,12.495784645970557,20
ihawk1,20260808_131913,15.0,3,actual_margin10,0.37364423308146405,12.808180073192776,20
ihawk1,20260808_131913,15.0,3,logged_edge_aligned,1.8805576344063433,12.501567353613249,20
ihawk1,20260808_131913,20.0,1,actual_margin10,0.3718589555234832,12.971018343988712,20
ihawk1,20260808_131913,20.0,1,logged_edge_aligned,1.876934744902901,12.647698541617793,20
ihawk1,20260808_131913,20.0,2,actual_margin10,0.3801889690398914,12.973590929260391,20
ihawk1,20260808_131913,20.0,2,logged_edge_aligned,1.8735494124178984,12.64920248936396,20
ihawk1,20260808_131913,20.0,3,actual_margin10,0.5200896825518228,12.919172925487958,20
ihawk1,20260808_131913,20.0,3,logged_edge_aligned,1.9303912825322613,12.5981627818099,20
ihawk1,20260808_131913,25.0,1,actual_margin10,0.7208179759687309,12.963827381195308,20
ihawk1,20260808_131913,25.0,1,logged_edge_aligned,1.9953777819171845,12.648948473465046,20
ihawk1,20260808_131913,25.0,2,actual_margin10,0.7379537684205542,12.973841614425627,20
ihawk1,20260808_131913,25.0,2,logged_edge_aligned,1.9784392262340653,12.655727217845529,20
ihawk1,20260808_131913,25.0,3,actual_margin10,0.48660936422906864,13.027209582199525,20
ihawk1,20260808_131913,25.0,3,logged_edge_aligned,1.8587173763067428,12.696808462069242,20
ihawk1,20260808_131913,30.0,1,actual_margin10,0.6432016471713802,13.003895941999282,20
ihawk1,20260808_131913,30.0,1,logged_edge_aligned,1.8154074157556763,12.664811465083309,20
ihawk1,20260808_131913,30.0,2,actual_margin10,0.7051252903519019,13.01181870511965,20
ihawk1,20260808_131913,30.0,2,logged_edge_aligned,1.8369833077429814,12.668375057751117,20
ihawk1,20260808_131913,30.0,3,actual_margin10,0.7436360890756634,13.019093940925845,20
ihawk1,20260808_131913,30.0,3,logged_edge_aligned,1.8223245380505102,12.671730118608682,20
ihawk1,20260808_131913,35.0,1,actual_margin10,1.009340344480883,13.097676262905102,20
ihawk1,20260808_131913,35.0,1,logged_edge_aligned,1.918977913030892,12.73000527956284,20
ihawk1,20260808_131913,35.0,2,actual_margin10,0.6063887609010403,13.149391477276577,20
ihawk1,20260808_131913,35.0,2,logged_edge_aligned,1.8181718345865787,12.794645602531281,20
ihawk1,20260808_131913,35.0,3,actual_margin10,1.0453589345676326,13.110551845023148,20
ihawk1,20260808_131913,35.0,3,logged_edge_aligned,1.9781327452676911,12.743721060647559,20
ihawk1,20260808_131913,40.0,1,actual_margin10,0.7349176490561712,13.686411111787827,20
ihawk1,20260808_131913,40.0,1,logged_edge_aligned,1.9543991139638244,13.308167451967929,20
ihawk1,20260808_131913,40.0,2,actual_margin10,0.6961831155041162,13.700079602495151,20
ihawk1,20260808_131913,40.0,2,logged_edge_aligned,1.9730722648112355,13.326012407458244,20
ihawk1,20260808_131913,40.0,3,actual_margin10,0.7487932486343366,13.69313507142756,20
ihawk1,20260808_131913,40.0,3,logged_edge_aligned,1.971747389364708,13.316497834810695,20
ihawk1,20260808_131913,45.0,1,actual_margin10,0.6700356137200086,13.50794715285653,20
ihawk1,20260808_131913,45.0,1,logged_edge_aligned,1.8537247621256914,13.144379877993018,20
ihawk1,20260808_131913,45.0,2,actual_margin10,0.7440265628820103,13.512963824647848,20
ihawk1,20260808_131913,45.0,2,logged_edge_aligned,1.829556391832456,13.141519603578379,20
ihawk1,20260808_131913,45.0,3,actual_margin10,0.7291631205335755,13.50704861773361,20
ihawk1,20260808_131913,45.0,3,logged_edge_aligned,1.8261630922553884,13.13594156987624,20
ihawk1,20260808_131913,50.0,1,actual_margin10,0.5782983628928634,13.553131822543461,20
ihawk1,20260808_131913,50.0,1,logged_edge_aligned,1.864020845445902,13.180630527780087,20
ihawk1,20260808_131913,50.0,2,actual_margin10,0.584612110380521,13.55191864090258,20
ihawk1,20260808_131913,50.0,2,logged_edge_aligned,1.861542825888289,13.179342542408994,20
ihawk1,20260808_131913,50.0,3,actual_margin10,0.5835188644859469,13.563781426038137,20
ihawk1,20260808_131913,50.0,3,logged_edge_aligned,1.8625203018084933,13.19028837876659,20
ihawk1,20260808_141232,0.0,1,actual_margin10,1.06231509688147,12.93415647730094,20
ihawk1,20260808_141232,0.0,1,logged_edge_aligned,2.3178888629039975,12.663188496306617,20
ihawk1,20260808_141232,0.0,2,actual_margin10,0.6272932638737535,12.754788550989845,20
ihawk1,20260808_141232,0.0,2,logged_edge_aligned,1.9051037240827813,12.452231042276997,20
ihawk1,20260808_141232,0.0,3,actual_margin10,0.6145169344646754,12.76123130567472,20
ihawk1,20260808_141232,0.0,3,logged_edge_aligned,1.9181200121224917,12.459780493709292,20
ihawk1,20260808_141232,5.0,1,actual_margin10,0.5271193511981506,12.367830226064026,20
ihawk1,20260808_141232,5.0,1,logged_edge_aligned,1.8480935793345128,12.084167981694739,20
ihawk1,20260808_141232,5.0,2,actual_margin10,0.5172744550081786,12.368219939984309,20
ihawk1,20260808_141232,5.0,2,logged_edge_aligned,1.855937432124111,12.085937917081694,20
ihawk1,20260808_141232,5.0,3,actual_margin10,0.528844222842016,12.371629284830464,20
ihawk1,20260808_141232,5.0,3,logged_edge_aligned,1.8481247457887908,12.087180878602574,20
ihawk1,20260808_141232,10.0,1,actual_margin10,0.4379029352914517,12.755342132858086,20
ihawk1,20260808_141232,10.0,1,logged_edge_aligned,1.869329931150765,12.439576478367757,20
ihawk1,20260808_141232,10.0,2,actual_margin10,0.43167503557852666,12.759667297240542,20
ihawk1,20260808_141232,10.0,2,logged_edge_aligned,1.8668708451940597,12.442459889017002,20
ihawk1,20260808_141232,10.0,3,actual_margin10,0.4358703516766802,12.757485231317082,20
ihawk1,20260808_141232,10.0,3,logged_edge_aligned,1.8607358432563736,12.440018361104528,20
ihawk1,20260808_141232,15.0,1,actual_margin10,0.4175819271765947,12.800340782588695,20
ihawk1,20260808_141232,15.0,1,logged_edge_aligned,1.8350203788979063,12.482091394653843,20
ihawk1,20260808_141232,15.0,2,actual_margin10,0.6016000929661295,12.835204746387642,20
ihawk1,20260808_141232,15.0,2,logged_edge_aligned,2.0952808733125776,12.549563179132814,20
ihawk1,20260808_141232,15.0,3,actual_margin10,0.405432871436425,12.806352212527138,20
ihawk1,20260808_141232,15.0,3,logged_edge_aligned,1.8360586393914582,12.488310660277579,20
ihawk1,20260808_141232,20.0,1,actual_margin10,0.7862548218988893,12.742992618877352,20
ihawk1,20260808_141232,20.0,1,logged_edge_aligned,1.9883721889774237,12.410338351143665,20
ihawk1,20260808_141232,20.0,2,actual_margin10,0.7231559461824553,12.629179781100452,20
ihawk1,20260808_141232,20.0,2,logged_edge_aligned,1.9176118345741313,12.299942758181839,20
ihawk1,20260808_141232,20.0,3,actual_margin10,0.7634519564296193,12.708685665503276,20
ihawk1,20260808_141232,20.0,3,logged_edge_aligned,1.90829981378076,12.36841309783751,20
ihawk1,20260808_141232,25.0,1,actual_margin10,1.3505207414681546,13.33518214651612,20
ihawk1,20260808_141232,25.0,1,logged_edge_aligned,2.1368755935168866,12.971826700042046,20
ihawk1,20260808_141232,25.0,2,actual_margin10,1.4573881790374774,13.225489049781455,20
ihawk1,20260808_141232,25.0,2,logged_edge_aligned,2.251022881083368,12.87601397821882,20
ihawk1,20260808_141232,25.0,3,actual_margin10,0.8722231467572547,12.931085688052116,20
ihawk1,20260808_141232,25.0,3,logged_edge_aligned,1.9956524466349992,12.587179197409398,20
ihawk1,20260808_141232,30.0,1,actual_margin10,0.6277701334968573,13.009020453647604,20
ihawk1,20260808_141232,30.0,1,logged_edge_aligned,1.9347592037066448,12.671532832484042,20
ihawk1,20260808_141232,30.0,2,actual_margin10,0.6219436378106368,13.028657111159912,20
ihawk1,20260808_141232,30.0,2,logged_edge_aligned,1.9295489872239757,12.686931525224862,20
ihawk1,20260808_141232,30.0,3,actual_margin10,0.6231358994386312,13.010247409590894,20
ihawk1,20260808_141232,30.0,3,logged_edge_aligned,1.9383251372405412,12.673230184631045,20
ihawk1,20260808_141232,35.0,1,actual_margin10,0.7085152430834425,12.914819483707683,20
ihawk1,20260808_141232,35.0,1,logged_edge_aligned,1.8135895665149167,12.5674307277532,20
ihawk1,20260808_141232,35.0,2,actual_margin10,0.7130784347019119,12.922298244442286,20
ihawk1,20260808_141232,35.0,2,logged_edge_aligned,1.8093646789901738,12.573651730558252,20
ihawk1,20260808_141232,35.0,3,actual_margin10,0.7124935597097257,12.91023333059984,20
ihawk1,20260808_141232,35.0,3,logged_edge_aligned,1.7994818082951969,12.560703827392823,20
ihawk1,20260808_141232,40.0,1,actual_margin10,0.7765597648958633,13.236353155835483,20
ihawk1,20260808_141232,40.0,1,logged_edge_aligned,1.8841876735334417,12.871336448454251,20
ihawk1,20260808_141232,40.0,2,actual_margin10,0.8113305709301666,13.192593889500138,20
ihawk1,20260808_141232,40.0,2,logged_edge_aligned,1.9070106648193041,12.82501760872003,20
ihawk1,20260808_141232,40.0,3,actual_margin10,0.7945401182064996,13.257515275065808,20
ihawk1,20260808_141232,40.0,3,logged_edge_aligned,1.8781222911147861,12.889450048462269,20
ihawk1,20260808_141232,45.0,1,actual_margin10,0.5524138418510478,13.151196793666031,20
ihawk1,20260808_141232,45.0,1,logged_edge_aligned,1.8110208680057027,12.790197593324693,20
ihawk1,20260808_141232,45.0,2,actual_margin10,0.5422019291757534,13.15642237004152,20
ihawk1,20260808_141232,45.0,2,logged_edge_aligned,1.8243938185497413,12.796859805499146,20
ihawk1,20260808_141232,45.0,3,actual_margin10,0.5228243021559975,13.15744678175716,20
ihawk1,20260808_141232,45.0,3,logged_edge_aligned,1.8337005790490692,12.800628309603953,20
ihawk1,20260808_141232,50.0,1,actual_margin10,0.6244008794329464,13.314850816837994,20
ihawk1,20260808_141232,50.0,1,logged_edge_aligned,1.7927616585123263,12.93755746272797,20
ihawk1,20260808_141232,50.0,2,actual_margin10,0.6276316641476783,13.319468644697874,20
ihawk1,20260808_141232,50.0,2,logged_edge_aligned,1.8047584914101433,12.943072859823864,20
ihawk1,20260808_141232,50.0,3,actual_margin10,0.6261090846080485,13.322682001726108,20
ihawk1,20260808_141232,50.0,3,logged_edge_aligned,1.8014165367965087,12.945961248414056,20
ihawk1,20260808_145501,0.0,1,actual_margin10,0.405000965995587,12.65082884077852,20
ihawk1,20260808_145501,0.0,1,logged_edge_aligned,1.8653092871324655,12.346851994222584,20
ihawk1,20260808_145501,0.0,2,actual_margin10,0.39057516698293515,12.656540994909095,20
ihawk1,20260808_145501,0.0,2,logged_edge_aligned,1.866022247264283,12.353284974413269,20
ihawk1,20260808_145501,0.0,3,actual_margin10,0.3974708155027815,12.650721443205136,20
ihawk1,20260808_145501,0.0,3,logged_edge_aligned,1.8630250453615564,12.3472518270499,20
ihawk1,20260808_145501,5.0,1,actual_margin10,0.3494503733683723,12.734323821233954,20
ihawk1,20260808_145501,5.0,1,logged_edge_aligned,1.8798622328529475,12.429067629523363,20
ihawk1,20260808_145501,5.0,2,actual_margin10,0.3534399036001703,12.738758905779616,20
ihawk1,20260808_145501,5.0,2,logged_edge_aligned,1.8854908102195407,12.433144604079011,20
ihawk1,20260808_145501,5.0,3,actual_margin10,0.38214937768769924,12.729743319587884,20
ihawk1,20260808_145501,5.0,3,logged_edge_aligned,1.8659338607014084,12.421356382499473,20
ihawk1,20260808_145501,10.0,1,actual_margin10,0.613173288535812,12.92336991626941,20
ihawk1,20260808_145501,10.0,1,logged_edge_aligned,1.9016315389130969,12.613771212065076,20
ihawk1,20260808_145501,10.0,2,actual_margin10,0.6228481606374175,12.93147035915827,20
ihawk1,20260808_145501,10.0,2,logged_edge_aligned,1.9064280932621904,12.622741476999678,20
ihawk1,20260808_145501,10.0,3,actual_margin10,0.6243122131745386,12.923705473321265,20
ihawk1,20260808_145501,10.0,3,logged_edge_aligned,1.903443784254365,12.614275205981684,20
ihawk1,20260808_145501,15.0,1,actual_margin10,0.42363503123558827,12.863288129718601,20
ihawk1,20260808_145501,15.0,1,logged_edge_aligned,1.8527928284021873,12.546588851156756,20
ihawk1,20260808_145501,15.0,2,actual_margin10,0.4246904052793351,12.858745400072905,20
ihawk1,20260808_145501,15.0,2,logged_edge_aligned,1.8497517020851317,12.541667630577626,20
ihawk1,20260808_145501,15.0,3,actual_margin10,0.4254186234833251,12.850510316134246,20
ihawk1,20260808_145501,15.0,3,logged_edge_aligned,1.846994620581634,12.533870907146586,20
ihawk1,20260808_145501,20.0,1,actual_margin10,0.42740797410813103,12.920466969622868,20
ihawk1,20260808_145501,20.0,1,logged_edge_aligned,1.8548235754930091,12.602505621613306,20
ihawk1,20260808_145501,20.0,2,actual_margin10,0.4293190584859701,12.910352664563213,20
ihawk1,20260808_145501,20.0,2,logged_edge_aligned,1.8532800761355726,12.59319650164828,20
ihawk1,20260808_145501,20.0,3,actual_margin10,0.44055976296164534,12.904519144168072,20
ihawk1,20260808_145501,20.0,3,logged_edge_aligned,1.8546371878308718,12.587359339682868,20
ihawk1,20260808_145501,25.0,1,actual_margin10,0.6686089161104026,12.965872032491097,20
ihawk1,20260808_145501,25.0,1,logged_edge_aligned,1.7991677356335292,12.625101762867756,20
ihawk1,20260808_145501,25.0,2,actual_margin10,0.6309146775293444,13.051477064858368,20
ihawk1,20260808_145501,25.0,2,logged_edge_aligned,1.8360785314124404,12.709386794115353,20
ihawk1,20260808_145501,25.0,3,actual_margin10,0.6085232568999581,13.05529516436759,20
ihawk1,20260808_145501,25.0,3,logged_edge_aligned,1.8450659058336962,12.7145975756525,20
ihawk1,20260808_145501,30.0,1,actual_margin10,0.7809717792294747,12.886792401558115,20
ihawk1,20260808_145501,30.0,1,logged_edge_aligned,1.7224202223258056,12.547627657059685,20
ihawk1,20260808_145501,30.0,2,actual_margin10,0.7861686711405426,12.889599374950167,20
ihawk1,20260808_145501,30.0,2,logged_edge_aligned,1.725704444545644,12.549989378083618,20
ihawk1,20260808_145501,30.0,3,actual_margin10,0.759816107492827,12.884075850009992,20
ihawk1,20260808_145501,30.0,3,logged_edge_aligned,1.7340297557626674,12.54802547095058,20
ihawk1,20260808_145501,35.0,1,actual_margin10,1.263418768146066,13.60360058858286,20
ihawk1,20260808_145501,35.0,1,logged_edge_aligned,2.090519899971323,13.23654431267335,20
ihawk1,20260808_145501,35.0,2,actual_margin10,1.2225438306344123,13.586459875730943,20
ihawk1,20260808_145501,35.0,2,logged_edge_aligned,2.0732640438791443,13.220812679845498,20
ihawk1,20260808_145501,35.0,3,actual_margin10,1.2664288171222384,13.610895902036578,20
ihawk1,20260808_145501,35.0,3,logged_edge_aligned,2.0917165474075743,13.243112692090195,20
ihawk1,20260808_145501,40.0,1,actual_margin10,0.8709103645848076,13.377208613294902,20
ihawk1,20260808_145501,40.0,1,logged_edge_aligned,1.8491921802034454,13.003343241904082,20
ihawk1,20260808_145501,40.0,2,actual_margin10,0.8676952583930013,13.373873634301644,20
ihawk1,20260808_145501,40.0,2,logged_edge_aligned,1.8460415880234564,13.000673411731093,20
ihawk1,20260808_145501,40.0,3,actual_margin10,0.6614641588069912,13.132188781161496,20
ihawk1,20260808_145501,40.0,3,logged_edge_aligned,1.7746838727642849,12.782482051201532,20
ihawk1,20260808_145501,45.0,1,actual_margin10,0.643155631435024,13.439914001418833,20
ihawk1,20260808_145501,45.0,1,logged_edge_aligned,1.8285635271446716,13.060459882865159,20
ihawk1,20260808_145501,45.0,2,actual_margin10,0.6411488834570641,13.468693983873056,20
ihawk1,20260808_145501,45.0,2,logged_edge_aligned,1.8393491672515359,13.089655377958815,20
ihawk1,20260808_145501,45.0,3,actual_margin10,0.6384933921369903,13.456468853623711,20
ihawk1,20260808_145501,45.0,3,logged_edge_aligned,1.8326373398520635,13.07750358474532,20
ihawk1,20260808_145501,50.0,1,actual_margin10,1.0246077796622524,13.749877572244346,20
ihawk1,20260808_145501,50.0,1,logged_edge_aligned,2.196673483041095,13.390381966104002,20
ihawk1,20260808_145501,50.0,2,actual_margin10,1.0105418590479258,13.805014271159992,20
ihawk1,20260808_145501,50.0,2,logged_edge_aligned,2.1763148346580006,13.441663566835162,20
ihawk1,20260808_145501,50.0,3,actual_margin10,0.6451614267989186,13.408322903198004,20
ihawk1,20260808_145501,50.0,3,logged_edge_aligned,1.7926311128259624,13.031324803818462,20
ihawk1,20260808_151001,0.0,1,actual_margin10,0.3743207993095516,12.624957191841494,20
ihawk1,20260808_151001,0.0,1,logged_edge_aligned,1.881842823566843,12.328051813575842,20
ihawk1,20260808_151001,0.0,2,actual_margin10,0.3723641170371633,12.635769570316922,20
ihawk1,20260808_151001,0.0,2,logged_edge_aligned,1.8786632764849795,12.33852204434145,20
ihawk1,20260808_151001,0.0,3,actual_margin10,0.3685767453436912,12.638534255064481,20
ihawk1,20260808_151001,0.0,3,logged_edge_aligned,1.8809796524180789,12.341416709255721,20
ihawk1,20260808_151001,5.0,1,actual_margin10,0.5364842231870367,12.90848883386656,20
ihawk1,20260808_151001,5.0,1,logged_edge_aligned,2.0483477972246877,12.60534085452081,20
ihawk1,20260808_151001,5.0,2,actual_margin10,0.533396124861655,12.919569581254509,20
ihawk1,20260808_151001,5.0,2,logged_edge_aligned,2.0412059777137133,12.614647374982978,20
ihawk1,20260808_151001,5.0,3,actual_margin10,0.5364434115695244,12.899325233779589,20
ihawk1,20260808_151001,5.0,3,logged_edge_aligned,2.0434231572927484,12.59589637103113,20
ihawk1,20260808_151001,10.0,1,actual_margin10,0.41235712607791447,12.812209848313888,20
ihawk1,20260808_151001,10.0,1,logged_edge_aligned,1.848822316791791,12.49832565366513,20
ihawk1,20260808_151001,10.0,2,actual_margin10,0.4162159501645624,12.825561667263553,20
ihawk1,20260808_151001,10.0,2,logged_edge_aligned,1.84111551878418,12.510349040118882,20
ihawk1,20260808_151001,10.0,3,actual_margin10,0.4109432406851547,12.820934936761184,20
ihawk1,20260808_151001,10.0,3,logged_edge_aligned,1.8400381329553617,12.505286557383943,20
ihawk1,20260808_151001,15.0,1,actual_margin10,0.45971826453987485,12.775947608345607,20
ihawk1,20260808_151001,15.0,1,logged_edge_aligned,1.9187217388588762,12.46278941283006,20
ihawk1,20260808_151001,15.0,2,actual_margin10,0.484250128135336,12.77120177251501,20
ihawk1,20260808_151001,15.0,2,logged_edge_aligned,1.9264998287527315,12.45669534870497,20
ihawk1,20260808_151001,15.0,3,actual_margin10,0.48909021994067203,12.77002608162428,20
ihawk1,20260808_151001,15.0,3,logged_edge_aligned,1.9348266425327796,12.456442824169917,20
ihawk1,20260808_151001,20.0,1,actual_margin10,0.46329841006583705,13.020040539831966,20
ihawk1,20260808_151001,20.0,1,logged_edge_aligned,1.865468274136267,12.692434238012195,20
ihawk1,20260808_151001,20.0,2,actual_margin10,0.4906309027055815,13.027861568247948,20
ihawk1,20260808_151001,20.0,2,logged_edge_aligned,1.8557293867123983,12.696690279483363,20
ihawk1,20260808_151001,20.0,3,actual_margin10,0.5181195197838099,13.021974762671523,20
ihawk1,20260808_151001,20.0,3,logged_edge_aligned,1.8463188834408693,12.688968595931538,20
ihawk1,20260808_151001,25.0,1,actual_margin10,0.6105642022833897,13.017929666847733,20
ihawk1,20260808_151001,25.0,1,logged_edge_aligned,1.8424891579355869,12.674877127468132,20
ihawk1,20260808_151001,25.0,2,actual_margin10,0.691528153419131,13.14470292950439,20
ihawk1,20260808_151001,25.0,2,logged_edge_aligned,1.9229266328467627,12.800302227915125,20
ihawk1,20260808_151001,25.0,3,actual_margin10,0.6296306145275098,13.008257570054408,20
ihawk1,20260808_151001,25.0,3,logged_edge_aligned,1.851199485717669,12.665013817216371,20
ihawk1,20260808_151001,30.0,1,actual_margin10,0.6223382788409324,12.814955224994701,20
ihawk1,20260808_151001,30.0,1,logged_edge_aligned,1.8427118965972134,12.499098026626124,20
ihawk1,20260808_151001,30.0,2,actual_margin10,0.6079659878455222,12.810428330673929,20
ihawk1,20260808_151001,30.0,2,logged_edge_aligned,1.8459183012692726,12.49555358599004,20
ihawk1,20260808_151001,30.0,3,actual_margin10,0.6190888995133027,12.803843839249067,20
ihawk1,20260808_151001,30.0,3,logged_edge_aligned,1.842855683322208,12.488103343080539,20
ihawk1,20260808_151001,35.0,1,actual_margin10,0.5793877961915224,13.051142047158327,20
ihawk1,20260808_151001,35.0,1,logged_edge_aligned,1.7926327115452263,12.705204692303283,20
ihawk1,20260808_151001,35.0,2,actual_margin10,0.6035373288305848,13.071506760738709,20
ihawk1,20260808_151001,35.0,2,logged_edge_aligned,1.794540359883501,12.72347138853542,20
ihawk1,20260808_151001,35.0,3,actual_margin10,0.5867105122797119,13.058428259651473,20
ihawk1,20260808_151001,35.0,3,logged_edge_aligned,1.7946212391863288,12.712348609322595,20
ihawk1,20260808_151001,40.0,1,actual_margin10,0.6276462181994885,12.975006514072248,20
ihawk1,20260808_151001,40.0,1,logged_edge_aligned,1.7855332077356585,12.634263007515392,20
ihawk1,20260808_151001,40.0,2,actual_margin10,0.6365946586345662,12.958024656558376,20
ihawk1,20260808_151001,40.0,2,logged_edge_aligned,1.7822072534190911,12.616784927508848,20
ihawk1,20260808_151001,40.0,3,actual_margin10,0.6172245484072675,12.95759007609656,20
ihawk1,20260808_151001,40.0,3,logged_edge_aligned,1.7796020138832704,12.61804845186224,20
ihawk1,20260808_151001,45.0,1,actual_margin10,1.0646221164818561,12.913271773125757,20
ihawk1,20260808_151001,45.0,1,logged_edge_aligned,2.018602189222904,12.568375878359488,20
ihawk1,20260808_151001,45.0,2,actual_margin10,1.0001987028510844,12.902039689157052,20
ihawk1,20260808_151001,45.0,2,logged_edge_aligned,2.081695361761985,12.572063221155346,20
ihawk1,20260808_151001,45.0,3,actual_margin10,0.9515925079756519,12.894238777275222,20
ihawk1,20260808_151001,45.0,3,logged_edge_aligned,2.046140266715917,12.564819440355587,20
ihawk1,20260808_151001,50.0,1,actual_margin10,0.721097201266152,13.146950719090329,20
ihawk1,20260808_151001,50.0,1,logged_edge_aligned,1.9302444517656718,12.814988879727114,20
ihawk1,20260808_151001,50.0,2,actual_margin10,0.7195101267939323,13.148476744515914,20
ihawk1,20260808_151001,50.0,2,logged_edge_aligned,1.9263614414653714,12.816883924773434,20
ihawk1,20260808_151001,50.0,3,actual_margin10,0.7207319482248482,13.152267334584932,20
ihawk1,20260808_151001,50.0,3,logged_edge_aligned,1.9328833026289332,12.82164311484701,20
ihawk1,20260808_162715,0.0,1,actual_margin10,0.4145428050312365,12.647580686871386,20
ihawk1,20260808_162715,0.0,1,logged_edge_aligned,1.8735614228992283,12.34618674404748,20
ihawk1,20260808_162715,0.0,2,actual_margin10,0.4445331786958977,12.678927518142018,20
ihawk1,20260808_162715,0.0,2,logged_edge_aligned,1.8775083531491916,12.374451212458641,20
ihawk1,20260808_162715,0.0,3,actual_margin10,0.42877220175243,12.6446071406506,20
ihawk1,20260808_162715,0.0,3,logged_edge_aligned,1.8721030283055615,12.341724356150703,20
ihawk1,20260808_162715,5.0,1,actual_margin10,0.5113233119390642,12.913788924445893,20
ihawk1,20260808_162715,5.0,1,logged_edge_aligned,1.8476389468037857,12.590654390548874,20
ihawk1,20260808_162715,5.0,2,actual_margin10,0.5071681075529609,12.90420065460038,20
ihawk1,20260808_162715,5.0,2,logged_edge_aligned,1.8528663248382435,12.581920675950606,20
ihawk1,20260808_162715,5.0,3,actual_margin10,0.5305671281544899,12.914372925878054,20
ihawk1,20260808_162715,5.0,3,logged_edge_aligned,1.8540500683418666,12.590665976574103,20
ihawk1,20260808_162715,10.0,1,actual_margin10,0.5597731061971797,12.891911848344469,20
ihawk1,20260808_162715,10.0,1,logged_edge_aligned,1.8353733480164556,12.563665603934716,20
ihawk1,20260808_162715,10.0,2,actual_margin10,0.5484594264509745,12.88518824935918,20
ihawk1,20260808_162715,10.0,2,logged_edge_aligned,1.8343977960332227,12.556996268689439,20
ihawk1,20260808_162715,10.0,3,actual_margin10,0.5496448900657066,12.900115485407706,20
ihawk1,20260808_162715,10.0,3,logged_edge_aligned,1.839155060951272,12.572182284429909,20
ihawk1,20260808_162715,15.0,1,actual_margin10,0.4131462774692374,12.874131350307646,20
ihawk1,20260808_162715,15.0,1,logged_edge_aligned,1.8629581146114176,12.554498259472034,20
ihawk1,20260808_162715,15.0,2,actual_margin10,0.4033817621325809,12.877848066344981,20
ihawk1,20260808_162715,15.0,2,logged_edge_aligned,1.8822942193638768,12.559705487732227,20
ihawk1,20260808_162715,15.0,3,actual_margin10,0.3974386959021003,12.861056835838289,20
ihawk1,20260808_162715,15.0,3,logged_edge_aligned,1.8568629966152237,12.543236649627527,20
ihawk1,20260808_162715,20.0,1,actual_margin10,0.5935930224453924,13.030499201116355,20
ihawk1,20260808_162715,20.0,1,logged_edge_aligned,1.866819566757173,12.691193649499999,20
ihawk1,20260808_162715,20.0,2,actual_margin10,0.5794111526283507,13.014770080271044,20
ihawk1,20260808_162715,20.0,2,logged_edge_aligned,1.853517182289688,12.675552794372472,20
ihawk1,20260808_162715,20.0,3,actual_margin10,0.6011132192298753,13.010748991189711,20
ihawk1,20260808_162715,20.0,3,logged_edge_aligned,1.8637453851998909,12.671711667641592,20
ihawk1,20260808_162715,25.0,1,actual_margin10,0.5191527119863677,12.853883818788116,20
ihawk1,20260808_162715,25.0,1,logged_edge_aligned,1.8245327722431721,12.536874108330773,20
ihawk1,20260808_162715,25.0,2,actual_margin10,0.5245702642080012,12.954466500668952,20
ihawk1,20260808_162715,25.0,2,logged_edge_aligned,1.8804318646750715,12.635105281366249,20
ihawk1,20260808_162715,25.0,3,actual_margin10,0.5301350018916088,12.85708569366443,20
ihawk1,20260808_162715,25.0,3,logged_edge_aligned,1.8163759300478095,12.53850481773499,20
ihawk1,20260808_162715,30.0,1,actual_margin10,0.4642143407346969,12.898067600802541,20
ihawk1,20260808_162715,30.0,1,logged_edge_aligned,1.8396144521279278,12.57543936794018,20
ihawk1,20260808_162715,30.0,2,actual_margin10,0.4620847838977121,12.899486392254278,20
ihawk1,20260808_162715,30.0,2,logged_edge_aligned,1.8355441016845964,12.576590860658541,20
ihawk1,20260808_162715,30.0,3,actual_margin10,0.48942590576653855,12.907798417441573,20
ihawk1,20260808_162715,30.0,3,logged_edge_aligned,1.8372029475122809,12.583525216347068,20
ihawk1,20260808_162715,35.0,1,actual_margin10,1.03200890250558,12.991747733071461,20
ihawk1,20260808_162715,35.0,1,logged_edge_aligned,2.1632607734525355,12.660822321217818,20
ihawk1,20260808_162715,35.0,2,actual_margin10,0.495160725128837,12.938629762926848,20
ihawk1,20260808_162715,35.0,2,logged_edge_aligned,1.8519551050410497,12.610921781847859,20
ihawk1,20260808_162715,35.0,3,actual_margin10,0.5499661732711252,12.967912280917302,20
ihawk1,20260808_162715,35.0,3,logged_edge_aligned,1.8391171592293825,12.635506765928953,20
ihawk1,20260808_162715,40.0,1,actual_margin10,0.48114375631689343,13.334155807597936,20
ihawk1,20260808_162715,40.0,1,logged_edge_aligned,1.9507153226514742,12.991403730524741,20
ihawk1,20260808_162715,40.0,2,actual_margin10,0.5110618205238843,13.356518893799764,20
ihawk1,20260808_162715,40.0,2,logged_edge_aligned,1.944032054737379,13.010447970273114,20
ihawk1,20260808_162715,40.0,3,actual_margin10,0.4845279209013611,13.341056801466472,20
ihawk1,20260808_162715,40.0,3,logged_edge_aligned,1.9470422348873417,12.99725008748739,20
ihawk1,20260808_162715,45.0,1,actual_margin10,0.4634699849464179,13.289293523898959,20
ihawk1,20260808_162715,45.0,1,logged_edge_aligned,1.8809314222053182,12.949066291597664,20
ihawk1,20260808_162715,45.0,2,actual_margin10,0.4582339516266169,13.286060613789891,20
ihawk1,20260808_162715,45.0,2,logged_edge_aligned,1.8879056094382478,12.947855197247174,20
ihawk1,20260808_162715,45.0,3,actual_margin10,0.45953866559977613,13.296724239893596,20
ihawk1,20260808_162715,45.0,3,logged_edge_aligned,1.8871156855270608,12.95636042007975,20
ihawk1,20260808_162715,50.0,1,actual_margin10,0.6164506699874553,13.553948867837944,20
ihawk1,20260808_162715,50.0,1,logged_edge_aligned,1.8633203238341844,13.179163239313882,20
ihawk1,20260808_162715,50.0,2,actual_margin10,0.6305337864246919,13.548636268981882,20
ihawk1,20260808_162715,50.0,2,logged_edge_aligned,1.8472108340831204,13.170376152540825,20
ihawk1,20260808_162715,50.0,3,actual_margin10,0.7201805067333478,13.669105614037925,20
ihawk1,20260808_162715,50.0,3,logged_edge_aligned,1.8471914880597482,13.287195780372388,20
ihawk2,20260808_131913,0.0,1,actual_margin10,0.43944994734863263,19.332522330823476,20
ihawk2,20260808_131913,0.0,1,logged_edge_aligned,2.3004785187779913,20.207084011060978,20
ihawk2,20260808_131913,0.0,2,actual_margin10,0.4414447865498647,19.33220767898872,20
ihawk2,20260808_131913,0.0,2,logged_edge_aligned,2.309234716371113,20.207792450095578,20
ihawk2,20260808_131913,0.0,3,actual_margin10,0.4367956269624342,19.357841325868055,20
ihawk2,20260808_131913,0.0,3,logged_edge_aligned,2.302272358011391,20.233231655115237,20
ihawk2,20260808_131913,5.0,1,actual_margin10,0.49902218810342114,19.5331642145304,20
ihawk2,20260808_131913,5.0,1,logged_edge_aligned,2.310674809794403,20.413979683680004,20
ihawk2,20260808_131913,5.0,2,actual_margin10,0.490759802910756,19.533493614560264,20
ihawk2,20260808_131913,5.0,2,logged_edge_aligned,2.322580044528192,20.415865778348714,20
ihawk2,20260808_131913,5.0,3,actual_margin10,0.49464482620516453,19.521771835388584,20
ihawk2,20260808_131913,5.0,3,logged_edge_aligned,2.3207559437865077,20.40332065350025,20
ihawk2,20260808_131913,10.0,1,actual_margin10,0.45056360969483694,19.872874735235293,20
ihawk2,20260808_131913,10.0,1,logged_edge_aligned,2.257751330090316,20.74410717184964,20
ihawk2,20260808_131913,10.0,2,actual_margin10,0.44678146589961254,19.88673067726152,20
ihawk2,20260808_131913,10.0,2,logged_edge_aligned,2.254057346770252,20.75773142047138,20
ihawk2,20260808_131913,10.0,3,actual_margin10,0.4479615833413261,19.880355135133712,20
ihawk2,20260808_131913,10.0,3,logged_edge_aligned,2.249409868961415,20.750678185399863,20
ihawk2,20260808_131913,15.0,1,actual_margin10,0.5277199512542842,20.256147898162727,20
ihawk2,20260808_131913,15.0,1,logged_edge_aligned,2.2745074755861188,21.139282228200003,20
ihawk2,20260808_131913,15.0,2,actual_margin10,0.5368267383692125,20.240690393075834,20
ihawk2,20260808_131913,15.0,2,logged_edge_aligned,2.2827224419409475,21.124385365496774,20
ihawk2,20260808_131913,15.0,3,actual_margin10,0.5284097195781752,20.238473463173637,20
ihawk2,20260808_131913,15.0,3,logged_edge_aligned,2.2750324535256845,21.121890807489876,20
ihawk2,20260808_131913,20.0,1,actual_margin10,0.4924551102995395,20.49838485223872,20
ihawk2,20260808_131913,20.0,1,logged_edge_aligned,2.2969326202981937,21.381152918586892,20
ihawk2,20260808_131913,20.0,2,actual_margin10,0.5012877580906457,20.488515324142984,20
ihawk2,20260808_131913,20.0,2,logged_edge_aligned,2.3019589791150756,21.371103287861484,20
ihawk2,20260808_131913,20.0,3,actual_margin10,0.48432502820433504,20.497387722609698,20
ihawk2,20260808_131913,20.0,3,logged_edge_aligned,2.297745104741528,21.380201022383954,20
ihawk2,20260808_131913,25.0,1,actual_margin10,0.5517913211767815,20.98783637451351,20
ihawk2,20260808_131913,25.0,1,logged_edge_aligned,2.2745020280410966,21.876666796811467,20
ihawk2,20260808_131913,25.0,2,actual_margin10,0.5500401697895766,20.991432321987386,20
ihawk2,20260808_131913,25.0,2,logged_edge_aligned,2.2754549169296134,21.881075800611274,20
ihawk2,20260808_131913,25.0,3,actual_margin10,0.5440267324377894,20.986912552754333,20
ihawk2,20260808_131913,25.0,3,logged_edge_aligned,2.274148676247166,21.87613062446343,20
ihawk2,20260808_131913,30.0,1,actual_margin10,0.5292653258381285,21.560669538518155,20
ihawk2,20260808_131913,30.0,1,logged_edge_aligned,2.250520721720091,22.457343586685205,20
ihawk2,20260808_131913,30.0,2,actual_margin10,0.5393962177542005,21.549956923576723,20
ihawk2,20260808_131913,30.0,2,logged_edge_aligned,2.2624835791039843,22.447121176570324,20
ihawk2,20260808_131913,30.0,3,actual_margin10,0.5314357736396899,21.552133810230185,20
ihawk2,20260808_131913,30.0,3,logged_edge_aligned,2.254639555987472,22.448897917764235,20
ihawk2,20260808_131913,35.0,1,actual_margin10,0.6022859085066516,21.98700265186989,20
ihawk2,20260808_131913,35.0,1,logged_edge_aligned,2.3057600790752546,22.902746187914058,20
ihawk2,20260808_131913,35.0,2,actual_margin10,0.5924639781455637,21.999802430206163,20
ihawk2,20260808_131913,35.0,2,logged_edge_aligned,2.2967356468816247,22.91509662540545,20
ihawk2,20260808_131913,35.0,3,actual_margin10,0.6010078504317893,21.985532707269094,20
ihawk2,20260808_131913,35.0,3,logged_edge_aligned,2.3141715361392388,22.90251805569552,20
ihawk2,20260808_131913,40.0,1,actual_margin10,0.5894029340369347,22.76200966237531,20
ihawk2,20260808_131913,40.0,1,logged_edge_aligned,2.312843197625394,23.700931190251204,20
ihawk2,20260808_131913,40.0,2,actual_margin10,0.5832648461659363,22.76571330095841,20
ihawk2,20260808_131913,40.0,2,logged_edge_aligned,2.311646294962406,23.704981419550805,20
ihawk2,20260808_131913,40.0,3,actual_margin10,0.5846177508765669,22.761635267437843,20
ihawk2,20260808_131913,40.0,3,logged_edge_aligned,2.3149669360056295,23.700827115677402,20
ihawk2,20260808_131913,45.0,1,actual_margin10,0.6411417930856912,23.11130964480872,20
ihawk2,20260808_131913,45.0,1,logged_edge_aligned,2.304585388419305,24.052272931611963,20
ihawk2,20260808_131913,45.0,2,actual_margin10,0.6341820382042018,23.117873850124784,20
ihawk2,20260808_131913,45.0,2,logged_edge_aligned,2.3043979483024124,24.05873552127366,20
ihawk2,20260808_131913,45.0,3,actual_margin10,0.6410471412684481,23.111034668359057,20
ihawk2,20260808_131913,45.0,3,logged_edge_aligned,2.3017305141126454,24.051545764533586,20
ihawk2,20260808_131913,50.0,1,actual_margin10,0.6456899165328237,23.30569541716765,20
ihawk2,20260808_131913,50.0,1,logged_edge_aligned,2.3335418393635,24.256801268458158,20
ihawk2,20260808_131913,50.0,2,actual_margin10,0.6466311189156999,23.287517120148895,20
ihawk2,20260808_131913,50.0,2,logged_edge_aligned,2.330405037328447,24.23770456539155,20
ihawk2,20260808_131913,50.0,3,actual_margin10,0.650030232332102,23.296001060959586,20
ihawk2,20260808_131913,50.0,3,logged_edge_aligned,2.3346965684226593,24.247234795113467,20
ihawk2,20260808_141232,0.0,1,actual_margin10,0.42514250589742514,19.120645045228045,20
ihawk2,20260808_141232,0.0,1,logged_edge_aligned,2.265745773147776,19.977476508497617,20
ihawk2,20260808_141232,0.0,2,actual_margin10,0.42386970374774524,19.129698528565154,20
ihawk2,20260808_141232,0.0,2,logged_edge_aligned,2.265594567306911,19.986794037708364,20
ihawk2,20260808_141232,0.0,3,actual_margin10,0.4175180998220448,19.12555027721991,20
ihawk2,20260808_141232,0.0,3,logged_edge_aligned,2.258283227346836,19.982722249788726,20
ihawk2,20260808_141232,5.0,1,actual_margin10,0.5144328116243321,19.483610619558135,20
ihawk2,20260808_141232,5.0,1,logged_edge_aligned,2.212772631630488,20.339696066571445,20
ihawk2,20260808_141232,5.0,2,actual_margin10,0.5181566789469768,19.482153600570403,20
ihawk2,20260808_141232,5.0,2,logged_edge_aligned,2.2091037975604055,20.337425866270408,20
ihawk2,20260808_141232,5.0,3,actual_margin10,0.5263458344600885,19.476831538267625,20
ihawk2,20260808_141232,5.0,3,logged_edge_aligned,2.210138776232045,20.331750590924237,20
ihawk2,20260808_141232,10.0,1,actual_margin10,0.4676396317873328,19.846573560951686,20
ihawk2,20260808_141232,10.0,1,logged_edge_aligned,2.2733603613886233,20.718383933774245,20
ihawk2,20260808_141232,10.0,2,actual_margin10,0.46790932576978606,19.856173918661185,20
ihawk2,20260808_141232,10.0,2,logged_edge_aligned,2.2740633821322174,20.728669208899323,20
ihawk2,20260808_141232,10.0,3,actual_margin10,0.4694111111000559,19.857024042204692,20
ihawk2,20260808_141232,10.0,3,logged_edge_aligned,2.2653490845473447,20.728128927495337,20
ihawk2,20260808_141232,15.0,1,actual_margin10,0.508922650299592,20.108278071488954,20
ihawk2,20260808_141232,15.0,1,logged_edge_aligned,2.2425008861150055,20.973282570836165,20
ihawk2,20260808_141232,15.0,2,actual_margin10,0.5365104799711942,20.092957630331572,20
ihawk2,20260808_141232,15.0,2,logged_edge_aligned,2.260398463607247,20.958770008764333,20
ihawk2,20260808_141232,15.0,3,actual_margin10,0.5483591410078364,20.094585587464223,20
ihawk2,20260808_141232,15.0,3,logged_edge_aligned,2.248709972017379,20.958998450510602,20
ihawk2,20260808_141232,20.0,1,actual_margin10,0.526639802033828,20.436448542748547,20
ihawk2,20260808_141232,20.0,1,logged_edge_aligned,2.260840757466748,21.309470797765123,20
ihawk2,20260808_141232,20.0,2,actual_margin10,0.5322075502367444,20.438596436916924,20
ihawk2,20260808_141232,20.0,2,logged_edge_aligned,2.2507331832790505,21.31065740313416,20
ihawk2,20260808_141232,20.0,3,actual_margin10,0.525590373358817,20.447691954748286,20
ihawk2,20260808_141232,20.0,3,logged_edge_aligned,2.24623480699636,21.31968374363743,20
ihawk2,20260808_141232,25.0,1,actual_margin10,0.5625635551313295,20.93586247116273,20
ihawk2,20260808_141232,25.0,1,logged_edge_aligned,2.2018443835134116,21.808656367108878,20
ihawk2,20260808_141232,25.0,2,actual_margin10,0.5542815194644036,20.932487023841254,20
ihawk2,20260808_141232,25.0,2,logged_edge_aligned,2.2035850382826534,21.805584668823755,20
ihawk2,20260808_141232,25.0,3,actual_margin10,0.5591448067689482,20.931953351139448,20
ihawk2,20260808_141232,25.0,3,logged_edge_aligned,2.204754547468818,21.805646845680936,20
ihawk2,20260808_141232,30.0,1,actual_margin10,0.5269639969747208,21.285634686459307,20
ihawk2,20260808_141232,30.0,1,logged_edge_aligned,2.280767152592518,22.179130960663457,20
ihawk2,20260808_141232,30.0,2,actual_margin10,0.914793269525967,21.224509045328727,20
ihawk2,20260808_141232,30.0,2,logged_edge_aligned,2.5706952671082877,22.11732497323257,20
ihawk2,20260808_141232,30.0,3,actual_margin10,0.9090228808574282,21.23171871419739,20
ihawk2,20260808_141232,30.0,3,logged_edge_aligned,2.575484794206988,22.12590809189933,20
ihawk2,20260808_141232,35.0,1,actual_margin10,0.6676125270105282,21.63287685441982,20
ihawk2,20260808_141232,35.0,1,logged_edge_aligned,2.2610436783326824,22.52881243855425,20
ihawk2,20260808_141232,35.0,2,actual_margin10,0.6731527972924518,21.617369698587424,20
ihawk2,20260808_141232,35.0,2,logged_edge_aligned,2.274874839006184,22.513827667422067,20
ihawk2,20260808_141232,35.0,3,actual_margin10,0.6708881274804671,21.62837521840897,20
ihawk2,20260808_141232,35.0,3,logged_edge_aligned,2.2630188589385547,22.524215080147226,20
ihawk2,20260808_141232,40.0,1,actual_margin10,0.5872574489037193,22.11582161704648,20
ihawk2,20260808_141232,40.0,1,logged_edge_aligned,2.2692426826583763,23.023020691181447,20
ihawk2,20260808_141232,40.0,2,actual_margin10,0.5852384193525865,22.12142638715356,20
ihawk2,20260808_141232,40.0,2,logged_edge_aligned,2.270670560568915,23.029315072646018,20
ihawk2,20260808_141232,40.0,3,actual_margin10,0.5867460755241811,22.11827775971053,20
ihawk2,20260808_141232,40.0,3,logged_edge_aligned,2.2651241173804513,23.0251516728997,20
ihawk2,20260808_141232,45.0,1,actual_margin10,1.0230666497519771,22.449414323286828,20
ihawk2,20260808_141232,45.0,1,logged_edge_aligned,2.647223560178346,23.373835173541494,20
ihawk2,20260808_141232,45.0,2,actual_margin10,1.0276370456777244,22.450891462800392,20
ihawk2,20260808_141232,45.0,2,logged_edge_aligned,2.6423744736625503,23.37435262040281,20
ihawk2,20260808_141232,45.0,3,actual_margin10,1.0305130655217953,22.44175014405117,20
ihawk2,20260808_141232,45.0,3,logged_edge_aligned,2.6491645537012958,23.36612992281186,20
ihawk2,20260808_141232,50.0,1,actual_margin10,0.5745835899968558,22.919411909783655,20
ihawk2,20260808_141232,50.0,1,logged_edge_aligned,2.3040200663155024,23.844499963073748,20
ihawk2,20260808_141232,50.0,2,actual_margin10,0.5803676571571073,22.908704875224963,20
ihawk2,20260808_141232,50.0,2,logged_edge_aligned,2.301670771536084,23.833784854731164,20
ihawk2,20260808_141232,50.0,3,actual_margin10,0.5866812453884738,22.902791491890085,20
ihawk2,20260808_141232,50.0,3,logged_edge_aligned,2.2953564359512377,23.827223944696296,20
ihawk2,20260808_145501,0.0,1,actual_margin10,0.43658261451551816,19.089949012450404,20
ihawk2,20260808_145501,0.0,1,logged_edge_aligned,2.2253596936308755,19.941514327112955,20
ihawk2,20260808_145501,0.0,2,actual_margin10,0.4294174628226802,19.094572886764023,20
ihawk2,20260808_145501,0.0,2,logged_edge_aligned,2.227168753380981,19.946522545732414,20
ihawk2,20260808_145501,0.0,3,actual_margin10,0.4399303104588468,19.07361455325912,20
ihawk2,20260808_145501,0.0,3,logged_edge_aligned,2.225587894984036,19.924923506513277,20
ihawk2,20260808_145501,5.0,1,actual_margin10,0.48664944704488283,19.405485842393936,20
ihawk2,20260808_145501,5.0,1,logged_edge_aligned,2.272862155139331,20.270120602609587,20
ihawk2,20260808_145501,5.0,2,actual_margin10,0.4951082446229723,19.40123264731971,20
ihawk2,20260808_145501,5.0,2,logged_edge_aligned,2.2703207948524695,20.265152579379503,20
ihawk2,20260808_145501,5.0,3,actual_margin10,0.48664432737002133,19.40698159578589,20
ihawk2,20260808_145501,5.0,3,logged_edge_aligned,2.2729752329202673,20.271648769452092,20
ihawk2,20260808_145501,10.0,1,actual_margin10,0.5613365830853446,19.803610504061083,20
ihawk2,20260808_145501,10.0,1,logged_edge_aligned,2.3078442759755085,20.6839472750555,20
ihawk2,20260808_145501,10.0,2,actual_margin10,0.5613388204107888,19.800216030005146,20
ihawk2,20260808_145501,10.0,2,logged_edge_aligned,2.30285115823275,20.680040100113395,20
ihawk2,20260808_145501,10.0,3,actual_margin10,0.5496935883029643,19.793068132476147,20
ihawk2,20260808_145501,10.0,3,logged_edge_aligned,2.30255928026023,20.67333482220349,20
ihawk2,20260808_145501,15.0,1,actual_margin10,0.5503719343241744,20.095383995001843,20
ihawk2,20260808_145501,15.0,1,logged_edge_aligned,2.279112550968802,20.97269354875787,20
ihawk2,20260808_145501,15.0,2,actual_margin10,0.5476006915234034,20.11046976124542,20
ihawk2,20260808_145501,15.0,2,logged_edge_aligned,2.287030866682256,20.988819541990686,20
ihawk2,20260808_145501,15.0,3,actual_margin10,0.5479892085063135,20.122984196837393,20
ihawk2,20260808_145501,15.0,3,logged_edge_aligned,2.2868104026911644,21.001944357281772,20
ihawk2,20260808_145501,20.0,1,actual_margin10,0.5256246803917327,20.506658378655704,20
ihawk2,20260808_145501,20.0,1,logged_edge_aligned,2.2640014293673283,21.385150996643198,20
ihawk2,20260808_145501,20.0,2,actual_margin10,0.5232779231039032,20.505726968106686,20
ihawk2,20260808_145501,20.0,2,logged_edge_aligned,2.262281611215301,21.384585957326014,20
ihawk2,20260808_145501,20.0,3,actual_margin10,0.5279565567714838,20.49863000771809,20
ihawk2,20260808_145501,20.0,3,logged_edge_aligned,2.270677294455827,21.37737746258551,20
ihawk2,20260808_145501,25.0,1,actual_margin10,0.6147396297279546,20.76358811676875,20
ihawk2,20260808_145501,25.0,1,logged_edge_aligned,2.2201638275171125,21.631200101348526,20
ihawk2,20260808_145501,25.0,2,actual_margin10,0.608055352234555,20.771605715696985,20
ihawk2,20260808_145501,25.0,2,logged_edge_aligned,2.208258539923724,21.638767954346715,20
ihawk2,20260808_145501,25.0,3,actual_margin10,0.6094170425729191,20.76153195131142,20
ihawk2,20260808_145501,25.0,3,logged_edge_aligned,2.2157168534092406,21.628974481792376,20
ihawk2,20260808_145501,30.0,1,actual_margin10,0.5769706319256238,21.428206381918635,20
ihawk2,20260808_145501,30.0,1,logged_edge_aligned,2.2623821195138136,22.32213667124146,20
ihawk2,20260808_145501,30.0,2,actual_margin10,0.5860774560089959,21.416407602813905,20
ihawk2,20260808_145501,30.0,2,logged_edge_aligned,2.2567763751734096,22.309513384687023,20
ihawk2,20260808_145501,30.0,3,actual_margin10,0.5756990157326027,21.417138388566055,20
ihawk2,20260808_145501,30.0,3,logged_edge_aligned,2.262104063615672,22.311291602471506,20
ihawk2,20260808_145501,35.0,1,actual_margin10,0.644957820414173,21.717017084667926,20
ihawk2,20260808_145501,35.0,1,logged_edge_aligned,2.2413462557371826,22.609052519861695,20
ihawk2,20260808_145501,35.0,2,actual_margin10,0.6499064624896324,21.70886738541389,20
ihawk2,20260808_145501,35.0,2,logged_edge_aligned,2.2406651763304026,22.600074060177437,20
ihawk2,20260808_145501,35.0,3,actual_margin10,0.6460361073699041,21.713070836144905,20
ihawk2,20260808_145501,35.0,3,logged_edge_aligned,2.2410419442447633,22.605058468257507,20
ihawk2,20260808_145501,40.0,1,actual_margin10,0.5868526459175056,22.206517765583612,20
ihawk2,20260808_145501,40.0,1,logged_edge_aligned,2.219938116745616,23.11037812638368,20
ihawk2,20260808_145501,40.0,2,actual_margin10,0.5891660444515013,22.215939026667982,20
ihawk2,20260808_145501,40.0,2,logged_edge_aligned,2.214176804592554,23.119939630531007,20
ihawk2,20260808_145501,40.0,3,actual_margin10,0.6012390881337538,22.199445465815877,20
ihawk2,20260808_145501,40.0,3,logged_edge_aligned,2.2158009629926356,23.102331517797754,20
ihawk2,20260808_145501,45.0,1,actual_margin10,0.6141432527276226,22.712566550922798,20
ihawk2,20260808_145501,45.0,1,logged_edge_aligned,2.2267065803887234,23.6252847356839,20
ihawk2,20260808_145501,45.0,2,actual_margin10,0.6121346548206992,22.720694531296516,20
ihawk2,20260808_145501,45.0,2,logged_edge_aligned,2.2269493277438293,23.633726217168178,20
ihawk2,20260808_145501,45.0,3,actual_margin10,0.6095064932322612,22.728075073296633,20
ihawk2,20260808_145501,45.0,3,logged_edge_aligned,2.2230104546262264,23.64111035507848,20
ihawk2,20260808_145501,50.0,1,actual_margin10,0.6695024831114799,23.033678724958843,20
ihawk2,20260808_145501,50.0,1,logged_edge_aligned,2.1945775847097817,23.948187688928545,20
ihawk2,20260808_145501,50.0,2,actual_margin10,0.6691179519479524,23.035194366026477,20
ihawk2,20260808_145501,50.0,2,logged_edge_aligned,2.193157874321457,23.949574123525256,20
ihawk2,20260808_145501,50.0,3,actual_margin10,0.6744205503787845,23.033226177913487,20
ihawk2,20260808_145501,50.0,3,logged_edge_aligned,2.196983616894925,23.947751995898596,20
ihawk2,20260808_151001,0.0,1,actual_margin10,0.4291972008118347,19.132953369833487,20
ihawk2,20260808_151001,0.0,1,logged_edge_aligned,2.210722330922959,19.985951730413476,20
ihawk2,20260808_151001,0.0,2,actual_margin10,0.4291236959640197,19.14152891316138,20
ihawk2,20260808_151001,0.0,2,logged_edge_aligned,2.201961785174923,19.993731001130627,20
ihawk2,20260808_151001,0.0,3,actual_margin10,0.43286567482796334,19.136900174225417,20
ihawk2,20260808_151001,0.0,3,logged_edge_aligned,2.2062891577749895,19.989738899618864,20
ihawk2,20260808_151001,5.0,1,actual_margin10,0.47698871066114507,19.456925932167866,20
ihawk2,20260808_151001,5.0,1,logged_edge_aligned,2.269844503829193,20.322915106993413,20
ihawk2,20260808_151001,5.0,2,actual_margin10,0.4693399101664536,19.47938144008178,20
ihawk2,20260808_151001,5.0,2,logged_edge_aligned,2.2629363045979605,20.345109496895585,20
ihawk2,20260808_151001,5.0,3,actual_margin10,0.47844824656579943,19.455378197062615,20
ihawk2,20260808_151001,5.0,3,logged_edge_aligned,2.276612767173519,20.32219110743211,20
ihawk2,20260808_151001,10.0,1,actual_margin10,0.5174136052858833,19.772669548507807,20
ihawk2,20260808_151001,10.0,1,logged_edge_aligned,2.2683927382477473,20.643258277130936,20
ihawk2,20260808_151001,10.0,2,actual_margin10,0.5134284062914997,19.782483247278282,20
ihawk2,20260808_151001,10.0,2,logged_edge_aligned,2.2636331985846057,20.65302273107136,20
ihawk2,20260808_151001,10.0,3,actual_margin10,0.5189023988495324,19.7764210174909,20
ihawk2,20260808_151001,10.0,3,logged_edge_aligned,2.262126774272346,20.646753380144684,20
ihawk2,20260808_151001,15.0,1,actual_margin10,0.6133238951795065,19.960949713285082,20
ihawk2,20260808_151001,15.0,1,logged_edge_aligned,2.30635164790505,20.843932133010817,20
ihawk2,20260808_151001,15.0,2,actual_margin10,0.6140341895382212,19.960448864900275,20
ihawk2,20260808_151001,15.0,2,logged_edge_aligned,2.3068206457886222,20.844041139902252,20
ihawk2,20260808_151001,15.0,3,actual_margin10,0.6175851625495261,19.97087356801989,20
ihawk2,20260808_151001,15.0,3,logged_edge_aligned,2.3050583106571927,20.85425166873732,20
ihawk2,20260808_151001,20.0,1,actual_margin10,0.5460052940109086,20.4119031889666,20
ihawk2,20260808_151001,20.0,1,logged_edge_aligned,2.267908984629319,21.29615705667096,20
ihawk2,20260808_151001,20.0,2,actual_margin10,0.5488053972534447,20.407653519360426,20
ihawk2,20260808_151001,20.0,2,logged_edge_aligned,2.262490935544511,21.291387076931088,20
ihawk2,20260808_151001,20.0,3,actual_margin10,0.5455831888746431,20.409811396334472,20
ihawk2,20260808_151001,20.0,3,logged_edge_aligned,2.2683865052144165,21.293832918703337,20
ihawk2,20260808_151001,25.0,1,actual_margin10,0.6651811108655,20.856387505802566,20
ihawk2,20260808_151001,25.0,1,logged_edge_aligned,2.2844147624430162,21.740683767575064,20
ihawk2,20260808_151001,25.0,2,actual_margin10,0.6676684777215897,20.85447115114337,20
ihawk2,20260808_151001,25.0,2,logged_edge_aligned,2.290827076941242,21.739068578327615,20
ihawk2,20260808_151001,25.0,3,actual_margin10,0.673852858048571,20.857860323255593,20
ihawk2,20260808_151001,25.0,3,logged_edge_aligned,2.2846268814083452,21.74147102391247,20
ihawk2,20260808_151001,30.0,1,actual_margin10,0.5688150369059041,21.468446367244802,20
ihawk2,20260808_151001,30.0,1,logged_edge_aligned,2.2383341897178086,22.36789274751722,20
ihawk2,20260808_151001,30.0,2,actual_margin10,0.5637785971472946,21.480337290074544,20
ihawk2,20260808_151001,30.0,2,logged_edge_aligned,2.237529697545961,22.380659929158217,20
ihawk2,20260808_151001,30.0,3,actual_margin10,0.5641192924299783,21.48817252081356,20
ihawk2,20260808_151001,30.0,3,logged_edge_aligned,2.2369797484445324,22.389036064103028,20
ihawk2,20260808_151001,35.0,1,actual_margin10,0.6738504453660191,21.881470728068948,20
ihawk2,20260808_151001,35.0,1,logged_edge_aligned,2.2604875500025816,22.789347392189278,20
ihawk2,20260808_151001,35.0,2,actual_margin10,0.6663474268695747,21.881731125962418,20
ihawk2,20260808_151001,35.0,2,logged_edge_aligned,2.2736313525214022,22.791064102006256,20
ihawk2,20260808_151001,35.0,3,actual_margin10,0.6712454006454748,21.87854659303125,20
ihawk2,20260808_151001,35.0,3,logged_edge_aligned,2.2710555142818576,22.787545677689472,20
ihawk2,20260808_151001,40.0,1,actual_margin10,0.6016272334675,22.469512755418663,20
ihawk2,20260808_151001,40.0,1,logged_edge_aligned,2.2821590149211377,23.398718351039296,20
ihawk2,20260808_151001,40.0,2,actual_margin10,0.6151403872675401,22.451829946650427,20
ihawk2,20260808_151001,40.0,2,logged_edge_aligned,2.29113298743486,23.381337709610822,20
ihawk2,20260808_151001,40.0,3,actual_margin10,0.6234272604923351,22.445669468871085,20
ihawk2,20260808_151001,40.0,3,logged_edge_aligned,2.2828390442638185,23.373767575224456,20
ihawk2,20260808_151001,45.0,1,actual_margin10,0.6340532240504146,22.9080478041629,20
ihawk2,20260808_151001,45.0,1,logged_edge_aligned,2.2451880671986966,23.841236968521695,20
ihawk2,20260808_151001,45.0,2,actual_margin10,0.6344834804143766,22.904994452221946,20
ihawk2,20260808_151001,45.0,2,logged_edge_aligned,2.238683407675274,23.83753702877414,20
ihawk2,20260808_151001,45.0,3,actual_margin10,0.6359572567042661,22.906821731358843,20
ihawk2,20260808_151001,45.0,3,logged_edge_aligned,2.237563506173266,23.838848016461046,20
ihawk2,20260808_151001,50.0,1,actual_margin10,0.6763485849154727,23.335651265047776,20
ihawk2,20260808_151001,50.0,1,logged_edge_aligned,2.2816056104237687,24.283851512346384,20
ihawk2,20260808_151001,50.0,2,actual_margin10,0.6768024269328337,23.34216431125953,20
ihawk2,20260808_151001,50.0,2,logged_edge_aligned,2.274626115112208,24.290607868081445,20
ihawk2,20260808_151001,50.0,3,actual_margin10,0.6765654331355306,23.341211389136927,20
ihawk2,20260808_151001,50.0,3,logged_edge_aligned,2.280329284254898,24.290309689917592,20
ihawk2,20260808_162715,0.0,1,actual_margin10,0.45183573344752737,19.142740211892825,20
ihawk2,20260808_162715,0.0,1,logged_edge_aligned,2.258722519528817,20.003487083851937,20
ihawk2,20260808_162715,0.0,2,actual_margin10,0.45582748865750394,19.14445028364476,20
ihawk2,20260808_162715,0.0,2,logged_edge_aligned,2.259097312403636,20.004727517164902,20
ihawk2,20260808_162715,0.0,3,actual_margin10,0.45213297046383694,19.144365420213518,20
ihawk2,20260808_162715,0.0,3,logged_edge_aligned,2.269863089360911,20.006519680996146,20
ihawk2,20260808_162715,5.0,1,actual_margin10,0.796814457964931,19.505359645177553,20
ihawk2,20260808_162715,5.0,1,logged_edge_aligned,2.416554687961548,20.37018203902112,20
ihawk2,20260808_162715,5.0,2,actual_margin10,0.8054561263120735,19.489871485166212,20
ihawk2,20260808_162715,5.0,2,logged_edge_aligned,2.420604027504786,20.3542949493021,20
ihawk2,20260808_162715,5.0,3,actual_margin10,0.7981517282875727,19.513451749388555,20
ihawk2,20260808_162715,5.0,3,logged_edge_aligned,2.4271520131129485,20.379353205017644,20
ihawk2,20260808_162715,10.0,1,actual_margin10,0.5634472514537439,19.5630095170047,20
ihawk2,20260808_162715,10.0,1,logged_edge_aligned,2.2226261878058606,20.41211978206237,20
ihawk2,20260808_162715,10.0,2,actual_margin10,0.5541032671201762,19.570989663962475,20
ihawk2,20260808_162715,10.0,2,logged_edge_aligned,2.2232264425737305,20.420450911803865,20
ihawk2,20260808_162715,10.0,3,actual_margin10,0.5558883593835504,19.567882471191794,20
ihawk2,20260808_162715,10.0,3,logged_edge_aligned,2.2219972885878625,20.416942911899856,20
ihawk2,20260808_162715,15.0,1,actual_margin10,0.47906884473904493,20.06662335129045,20
ihawk2,20260808_162715,15.0,1,logged_edge_aligned,2.257107119898157,20.937690243237807,20
ihawk2,20260808_162715,15.0,2,actual_margin10,0.47135837917473805,20.074084894159892,20
ihawk2,20260808_162715,15.0,2,logged_edge_aligned,2.2542018101484858,20.94559171094765,20
ihawk2,20260808_162715,15.0,3,actual_margin10,0.4685416074099796,20.06969078656778,20
ihawk2,20260808_162715,15.0,3,logged_edge_aligned,2.2644917832894182,20.942261253958307,20
ihawk2,20260808_162715,20.0,1,actual_margin10,0.5871405031093749,20.49274934036834,20
ihawk2,20260808_162715,20.0,1,logged_edge_aligned,2.245517629342118,21.365249134220925,20
ihawk2,20260808_162715,20.0,2,actual_margin10,0.5802706813897274,20.497820288213546,20
ihawk2,20260808_162715,20.0,2,logged_edge_aligned,2.254666533769965,21.371557449353148,20
ihawk2,20260808_162715,20.0,3,actual_margin10,0.5829061324701623,20.500713558614205,20
ihawk2,20260808_162715,20.0,3,logged_edge_aligned,2.2513554884254883,21.373867609604215,20
ihawk2,20260808_162715,25.0,1,actual_margin10,0.5794803387755162,21.011668064871778,20
ihawk2,20260808_162715,25.0,1,logged_edge_aligned,2.2458108625003037,21.89566756247795,20
ihawk2,20260808_162715,25.0,2,actual_margin10,0.5813413639599633,21.008266592776238,20
ihawk2,20260808_162715,25.0,2,logged_edge_aligned,2.247187696475622,21.892060281847947,20
ihawk2,20260808_162715,25.0,3,actual_margin10,0.5903346445516359,21.00480353695054,20
ihawk2,20260808_162715,25.0,3,logged_edge_aligned,2.236354152336247,21.88715677227613,20
ihawk2,20260808_162715,30.0,1,actual_margin10,0.5077039490330971,21.305915267512194,20
ihawk2,20260808_162715,30.0,1,logged_edge_aligned,2.246734161573567,22.198921476397707,20
ihawk2,20260808_162715,30.0,2,actual_margin10,0.5097989507214221,21.31600617237281,20
ihawk2,20260808_162715,30.0,2,logged_edge_aligned,2.2463462042883506,22.20892980923103,20
ihawk2,20260808_162715,30.0,3,actual_margin10,0.5109787155260082,21.30133013494813,20
ihawk2,20260808_162715,30.0,3,logged_edge_aligned,2.2483975490122274,22.194013391807612,20
ihawk2,20260808_162715,35.0,1,actual_margin10,0.5218879648786271,21.64370897038706,20
ihawk2,20260808_162715,35.0,1,logged_edge_aligned,2.239473975009695,22.542884704350413,20
ihawk2,20260808_162715,35.0,2,actual_margin10,0.5233811869140086,21.641549821477486,20
ihawk2,20260808_162715,35.0,2,logged_edge_aligned,2.2443733687151357,22.540371501593828,20
ihawk2,20260808_162715,35.0,3,actual_margin10,0.5115873887605259,21.64802302343102,20
ihawk2,20260808_162715,35.0,3,logged_edge_aligned,2.247803168667764,22.548457528754344,20
ihawk2,20260808_162715,40.0,1,actual_margin10,0.8683759306155704,22.73036121510544,20
ihawk2,20260808_162715,40.0,1,logged_edge_aligned,2.4215486957097756,23.657504794751382,20
ihawk2,20260808_162715,40.0,2,actual_margin10,0.8626292613236585,22.734337232719295,20
ihawk2,20260808_162715,40.0,2,logged_edge_aligned,2.4230136928465145,23.661997271729483,20
ihawk2,20260808_162715,40.0,3,actual_margin10,0.8634867482410705,22.72487354874619,20
ihawk2,20260808_162715,40.0,3,logged_edge_aligned,2.42528982152835,23.65279447816269,20
ihawk2,20260808_162715,45.0,1,actual_margin10,0.5211419752880804,22.642206277308166,20
ihawk2,20260808_162715,45.0,1,logged_edge_aligned,2.2993426317359753,23.570726508469317,20
ihawk2,20260808_162715,45.0,2,actual_margin10,0.5180580215556999,22.643537561598222,20
ihawk2,20260808_162715,45.0,2,logged_edge_aligned,2.2980947064293313,23.57163960493951,20
ihawk2,20260808_162715,45.0,3,actual_margin10,0.5232514045005885,22.638570091662437,20
ihawk2,20260808_162715,45.0,3,logged_edge_aligned,2.2971147443718416,23.566009926526103,20
ihawk2,20260808_162715,50.0,1,actual_margin10,0.5583988722303158,23.075278835816164,20
ihawk2,20260808_162715,50.0,1,logged_edge_aligned,2.268336416026788,24.004272082876614,20
ihawk2,20260808_162715,50.0,2,actual_margin10,0.5556146067718504,23.087455575344396,20
ihawk2,20260808_162715,50.0,2,logged_edge_aligned,2.271112198115783,24.01703052077651,20
ihawk2,20260808_162715,50.0,3,actual_margin10,0.5589001645987939,23.058374302224404,20
ihawk2,20260808_162715,50.0,3,logged_edge_aligned,2.2816803038431135,23.987824437390444,20
