camera,height_mm,n_runs,n_residual_vectors,within_dof,covariance_rank,sigma_rho_x_mm,sigma_rho_y_mm,sigma_rho_z_mm,sigma_omega_x_rad,sigma_omega_y_rad,sigma_omega_z_rad,cov_rho_x_mm_rho_x_mm,cov_rho_x_mm_rho_y_mm,cov_rho_x_mm_rho_z_mm,cov_rho_x_mm_omega_x_rad,cov_rho_x_mm_omega_y_rad,cov_rho_x_mm_omega_z_rad,cov_rho_y_mm_rho_x_mm,cov_rho_y_mm_rho_y_mm,cov_rho_y_mm_rho_z_mm,cov_rho_y_mm_omega_x_rad,cov_rho_y_mm_omega_y_rad,cov_rho_y_mm_omega_z_rad,cov_rho_z_mm_rho_x_mm,cov_rho_z_mm_rho_y_mm,cov_rho_z_mm_rho_z_mm,cov_rho_z_mm_omega_x_rad,cov_rho_z_mm_omega_y_rad,cov_rho_z_mm_omega_z_rad,cov_omega_x_rad_rho_x_mm,cov_omega_x_rad_rho_y_mm,cov_omega_x_rad_rho_z_mm,cov_omega_x_rad_omega_x_rad,cov_omega_x_rad_omega_y_rad,cov_omega_x_rad_omega_z_rad,cov_omega_y_rad_rho_x_mm,cov_omega_y_rad_rho_y_mm,cov_omega_y_rad_rho_z_mm,cov_omega_y_rad_omega_x_rad,cov_omega_y_rad_omega_y_rad,cov_omega_y_rad_omega_z_rad,cov_omega_z_rad_rho_x_mm,cov_omega_z_rad_rho_y_mm,cov_omega_z_rad_rho_z_mm,cov_omega_z_rad_omega_x_rad,cov_omega_z_rad_omega_y_rad,cov_omega_z_rad_omega_z_rad,semantics
ihawk1,0.0,5,15,10,6,0.23495822998415206,0.21822073603552733,0.22330414967317164,0.0003107695065932049,0.0003950794362516086,0.00012463578498899194,0.05520536983728569,0.050143445528550955,-0.05215650281512516,6.846905423918092e-05,-7.916607811884851e-05,-1.0385622410989989e-05,0.050143445528550955,0.04762028963588729,-0.048450834611943217,6.31907504167386e-05,-7.767039168752151e-05,-8.441733122351285e-06,-0.05215650281512516,-0.048450834611943217,0.04986474326125824,-6.540462686597541e-05,7.719795160594083e-05,9.354505700486954e-06,6.846905423918092e-05,6.31907504167386e-05,-6.540462686597541e-05,9.657768622818404e-08,-8.778751387357717e-08,-5.489572993574714e-09,-7.916607811884851e-05,-7.767039168752151e-05,7.719795160594083e-05,-8.778751387357717e-08,1.560877609488889e-07,2.3700082256660962e-08,-1.0385622410989989e-05,-8.441733122351285e-06,9.354505700486954e-06,-5.489572993574714e-09,2.3700082256660962e-08,1.553407889982223e-08,Sigma_within random board-pose measurement covariance only
ihawk1,5.0,5,15,10,6,0.0439483434437757,0.07556816921314465,0.05835700947726596,0.00010867233381238792,0.0001472963484313191,0.00010635601107261972,0.0019314568914520626,0.0031826080393166914,-0.0024690075637618485,2.7712490381148357e-06,-2.7247226921558575e-06,3.640193809655032e-07,0.0031826080393166914,0.005710548198226463,-0.004371504734460808,5.440438336233505e-06,-6.358752135471194e-06,1.908062498739232e-06,-0.0024690075637618485,-0.004371504734460808,0.003405540555129709,-4.2408369919037555e-06,5.1130698146563804e-06,-1.2704948039587702e-06,2.7712490381148357e-06,5.440438336233505e-06,-4.2408369919037555e-06,1.1809676136231072e-08,-1.0599945908515621e-08,7.877648201394792e-09,-2.7247226921558575e-06,-6.358752135471194e-06,5.1130698146563804e-06,-1.0599945908515621e-08,2.1696214261200566e-08,-7.575482665321773e-09,3.640193809655032e-07,1.908062498739232e-06,-1.2704948039587702e-06,7.877648201394792e-09,-7.575482665321773e-09,1.131160109127921e-08,Sigma_within random board-pose measurement covariance only
ihawk1,10.0,5,15,10,6,0.0519666590581567,0.07399821661273254,0.059337984009379126,0.00017433538879270036,0.0001366785067950895,0.00010842903512748035,0.0027005336536667,0.003697217045925073,-0.0030283824983813115,7.284756797904451e-06,-5.0160643871402574e-06,-2.350232682586765e-07,0.003697217045925073,0.005475736061864887,-0.004300599286499553,1.1646074338098045e-05,-6.049635226021552e-06,1.4323280334029247e-06,-0.0030283824983813115,-0.004300599286499553,0.003520996346297333,-8.651398537782791e-06,5.53418921438095e-06,-2.0979283595920683e-07,7.284756797904451e-06,1.1646074338098045e-05,-8.651398537782791e-06,3.0392827785502e-08,-9.413923659075394e-09,9.65144031187042e-09,-5.0160643871402574e-06,-6.049635226021552e-06,5.53418921438095e-06,-9.413923659075394e-09,1.8681014219735327e-08,6.472586895146659e-09,-2.350232682586765e-07,1.4323280334029247e-06,-2.0979283595920683e-07,9.65144031187042e-09,6.472586895146659e-09,1.1756855658676367e-08,Sigma_within random board-pose measurement covariance only
ihawk1,15.0,5,15,10,6,0.04610710769409995,0.10480437547803921,0.07094720601025124,0.00018932302472161002,0.0006724047438563718,0.0008105687683552931,0.0021258653799153308,0.0026685150142531115,-0.001918151729909632,3.767784956699847e-06,-7.057288807468063e-07,1.1220171194038106e-05,0.0026685150142531115,0.010983957119341827,-0.007379836646814425,-8.39123197943919e-06,-5.8274256932080874e-05,-5.3030408412612905e-05,-0.001918151729909632,-0.007379836646814425,0.005033506040661031,5.201495106403092e-06,3.70671080292621e-05,3.370522542181052e-05,3.767784956699847e-06,-8.39123197943919e-06,5.201495106403092e-06,3.584320768973936e-08,9.46468421717761e-08,1.369398625819725e-07,-7.057288807468063e-07,-5.8274256932080874e-05,3.70671080292621e-05,9.46468421717761e-08,4.5212813956055294e-07,4.992345979605282e-07,1.1220171194038106e-05,-5.3030408412612905e-05,3.370522542181052e-05,1.369398625819725e-07,4.992345979605282e-07,6.570217282330168e-07,Sigma_within random board-pose measurement covariance only
ihawk1,20.0,5,15,10,6,0.1654922789120651,0.1779952333486125,0.15119041407054476,0.0006885496596204851,0.0008736389200813664,0.0003273732873807851,0.027387694379508755,0.02927706623697881,-0.024083108131922694,8.262538116734513e-05,2.4358057028151874e-05,-4.65669686644239e-05,0.02927706623697881,0.031682303094827016,-0.025587423601209764,8.9100876725834e-05,2.3297603298081008e-05,-4.714384820579358e-05,-0.024083108131922694,-0.025587423601209764,0.022858541306822775,-8.380708744839787e-05,-4.8897460507486835e-05,3.8962313958794276e-05,8.262538116734513e-05,8.9100876725834e-05,-8.380708744839787e-05,4.741006337634859e-07,4.53680490401201e-07,-1.1674194965471433e-07,2.4358057028151874e-05,2.3297603298081008e-05,-4.8897460507486835e-05,4.53680490401201e-07,7.63244962680936e-07,-1.2054615483938643e-08,-4.65669686644239e-05,-4.714384820579358e-05,3.8962313958794276e-05,-1.1674194965471433e-07,-1.2054615483938643e-08,1.0717326929050208e-07,Sigma_within random board-pose measurement covariance only
ihawk1,25.0,5,15,10,6,0.2674747237245359,0.5443299258456048,0.38955440294684446,0.0020864939178535484,0.0017791818564768195,0.001457920314484109,0.0715427278315168,0.13983101561644365,-0.10100905868013968,0.00023131329862031497,-9.489674040324335e-05,0.00019332726258398857,0.13983101561644365,0.2962950681710816,-0.208687508192155,0.0006813867101866304,-0.00010059734520759816,0.000564426448191051,-0.10100905868013968,-0.208687508192155,0.15175263285527246,-0.00045961641205044605,-2.2850068308314625e-06,-0.00035204652819037063,0.00023131329862031497,0.0006813867101866304,-0.00045961641205044605,4.353456869239849e-06,1.606664053920757e-06,2.541371555559907e-06,-9.489674040324335e-05,-0.00010059734520759816,-2.2850068308314625e-06,1.606664053920757e-06,3.1654880784163016e-06,1.7389451657134522e-07,0.00019332726258398857,0.000564426448191051,-0.00035204652819037063,2.541371555559907e-06,1.7389451657134522e-07,2.1255316433854435e-06,Sigma_within random board-pose measurement covariance only
ihawk1,30.0,5,15,10,6,0.07058829372446891,0.08076492018572429,0.07303488660337124,0.00018136213185902632,0.0004313205531565636,0.00016219646990035542,0.004982707210931898,0.0055835722492763185,-0.005104223159509055,4.826175225695698e-06,-1.5319711663913672e-05,-4.722312746179423e-06,0.0055835722492763185,0.006522972332606414,-0.00577958940270815,7.4231865864245284e-06,-1.2807339550144394e-05,-3.1493099912589286e-06,-0.005104223159509055,-0.00577958940270815,0.0053340946611672956,-4.748324696998937e-06,1.7047769560043275e-05,4.319355060190635e-06,4.826175225695698e-06,7.4231865864245284e-06,-4.748324696998937e-06,3.289222287245085e-08,3.597572345719981e-08,1.3616943131181108e-08,-1.5319711663913672e-05,-1.2807339550144394e-05,1.7047769560043275e-05,3.597572345719981e-08,1.86037419575284e-07,5.3875104281265685e-08,-4.722312746179423e-06,-3.1493099912589286e-06,4.319355060190635e-06,1.3616943131181108e-08,5.3875104281265685e-08,2.6307694848136897e-08,Sigma_within random board-pose measurement covariance only
ihawk1,35.0,5,15,10,6,0.3696949169296373,0.6645217508443947,0.3736268492721662,0.0003790406515174255,0.0029314116071152093,0.0006089789695625905,0.13667433160361142,0.24533274798737748,-0.13787141895992033,-3.5256674957394435e-05,-0.0010621246378663708,0.00022183527384246867,0.24533274798737748,0.44158915734529974,-0.24779189351332703,-6.516267349699763e-05,-0.0019127290585607807,0.0004002435322875364,-0.13787141895992033,-0.24779189351332703,0.139597022497046,3.058183742878663e-05,0.0010623720033554704,-0.0002230172664706461,-3.5256674957394435e-05,-6.516267349699763e-05,3.058183742878663e-05,1.4367181550275438e-07,4.606741807423754e-07,-7.170967194413108e-08,-0.0010621246378663708,-0.0019127290585607807,0.0010623720033554704,4.606741807423754e-07,8.593174010329775e-06,-1.7650678898673235e-06,0.00022183527384246867,0.0004002435322875364,-0.0002230172664706461,-7.170967194413108e-08,-1.7650678898673235e-06,3.708553853695146e-07,Sigma_within random board-pose measurement covariance only
ihawk1,40.0,5,15,10,6,0.2981996716564431,0.5523483411409119,0.3647016906552281,0.0005338154132327427,0.0008757924831039718,0.00018913801486811639,0.08892304417601049,0.164298909806117,-0.1084216857232401,9.914022636561926e-05,-0.0002461288406173425,1.545531584751066e-05,0.164298909806117,0.30508868996111727,-0.20039233425733505,0.00019155178658522088,-0.00045983732946285494,3.472200596663678e-05,-0.1084216857232401,-0.20039233425733505,0.1330073231667817,-0.00011172568009111484,0.0002942783339479753,-1.7797855931179133e-05,9.914022636561926e-05,0.00019155178658522088,-0.00011172568009111484,2.8495889540484384e-07,-3.7237518772944827e-07,7.480023169641109e-08,-0.0002461288406173425,-0.00045983732946285494,0.0002942783339479753,-3.7237518772944827e-07,7.670124734614206e-07,-7.009300923985559e-08,1.545531584751066e-05,3.472200596663678e-05,-1.7797855931179133e-05,7.480023169641109e-08,-7.009300923985559e-08,3.577318866825182e-08,Sigma_within random board-pose measurement covariance only
ihawk1,45.0,5,15,10,6,0.053976212615237405,0.07017827120740101,0.05658700441329743,0.00016066544076579655,0.00035197101665947964,0.00035924113805550594,0.0029134315282853132,0.002797178377027862,-0.002031431508167209,5.971806418789202e-06,-1.014791606834324e-05,-4.979767791465265e-06,0.002797178377027862,0.004924989749659529,-0.0038287998486996157,7.109465371777159e-06,1.5388515918872234e-06,1.015018418311668e-05,-0.002031431508167209,-0.0038287998486996157,0.003202089068470542,-4.045872396480674e-06,-3.817106773158351e-06,-1.0577685470994494e-05,5.971806418789202e-06,7.109465371777159e-06,-4.045872396480674e-06,2.5813383856467677e-08,-1.5925945378145024e-08,-8.69786223448153e-09,-1.014791606834324e-05,1.5388515918872234e-06,-3.817106773158351e-06,-1.5925945378145024e-08,1.238835965683077e-07,1.1184009207430938e-07,-4.979767791465265e-06,1.015018418311668e-05,-1.0577685470994494e-05,-8.69786223448153e-09,1.1184009207430938e-07,1.290541952714151e-07,Sigma_within random board-pose measurement covariance only
ihawk1,50.0,5,15,10,6,0.40358003477147464,0.47207302229747267,0.38050109749440286,0.0011876564198887315,0.0005017602449105121,0.001414112884677187,0.1628768444661447,0.18737862398650978,-0.15341361239344478,0.000429382180714251,0.00012778483487162323,0.0005392467857947099,0.18737862398650978,0.22285293838107015,-0.1777878035512241,0.0005374576019647219,0.00011779569073692806,0.000658293734883797,-0.15341361239344478,-0.1777878035512241,0.14478108519444507,-0.00041142077213830887,-0.00011618275331976482,-0.0005143638519160838,0.000429382180714251,0.0005374576019647219,-0.00041142077213830887,1.4105277717029187e-06,1.4347383679968147e-07,1.6569112834995495e-06,0.00012778483487162323,0.00011779569073692806,-0.00011618275331976482,1.4347383679968147e-07,2.517633433726571e-07,2.715527764513064e-07,0.0005392467857947099,0.000658293734883797,-0.0005143638519160838,1.6569112834995495e-06,2.715527764513064e-07,1.999715250610035e-06,Sigma_within random board-pose measurement covariance only
ihawk2,0.0,5,15,10,6,0.022961776780066084,0.00544838476445668,0.020017750507486443,9.218999523117451e-05,0.00010114991679375306,8.610174259311811e-05,0.000527243192897582,-1.244457083883594e-05,-0.00044569095804213976,-3.2793728731859346e-07,-1.7996871669959118e-06,5.26054723819484e-07,-1.244457083883594e-05,2.968489654156367e-05,1.0718510279206893e-05,6.476164193622315e-08,3.1758953914711834e-09,-5.94707782654785e-09,-0.00044569095804213976,1.0718510279206893e-05,0.00040071033537997377,2.606151096189155e-07,1.588137879687759e-06,-4.856669168823634e-07,-3.2793728731859346e-07,6.476164193622315e-08,2.606151096189155e-07,8.498995220723979e-09,7.406442497928993e-10,6.283653547019244e-09,-1.7996871669959118e-06,3.1758953914711834e-09,1.588137879687759e-06,7.406442497928993e-10,1.0231305667383167e-08,-1.8433006474274201e-09,5.26054723819484e-07,-5.94707782654785e-09,-4.856669168823634e-07,6.283653547019244e-09,-1.8433006474274201e-09,7.413510077571569e-09,Sigma_within random board-pose measurement covariance only
ihawk2,5.0,5,15,10,6,0.020474743477530553,0.007795287428131368,0.020231372270491273,0.00010481999926920837,9.004396004870841e-05,0.00010441857593334956,0.0004192151204706799,-2.8970552567799685e-05,-0.000400799904151471,-1.625666807082821e-07,-1.2012476349863248e-06,3.1827000336631196e-07,-2.8970552567799685e-05,6.076650608718296e-05,3.993242448892572e-05,1.7041617349462418e-07,-1.6230130497490222e-07,2.170413596857612e-07,-0.000400799904151471,3.993242448892572e-05,0.0004093084239472032,-6.795897486880202e-08,1.2419245584943511e-06,-4.3036251617085286e-07,-1.625666807082821e-07,1.7041617349462418e-07,-6.795897486880202e-08,1.0987232246796842e-08,-1.3893188619111357e-09,9.651842125300769e-09,-1.2012476349863248e-06,-1.6230130497490222e-07,1.2419245584943511e-06,-1.3893188619111357e-09,8.107914741253396e-09,-2.0795079616397685e-09,3.1827000336631196e-07,2.170413596857612e-07,-4.3036251617085286e-07,9.651842125300769e-09,-2.0795079616397685e-09,1.0903238999948689e-08,Sigma_within random board-pose measurement covariance only
ihawk2,10.0,5,15,10,6,0.02741527513349339,0.005779312332188771,0.024359271807563743,8.398721246904868e-05,0.00013907276431621875,6.711312520632945e-05,0.0007515973106451409,-5.4735722102284634e-05,-0.0006487951840600897,-2.8002848844159874e-07,-3.0706154126169245e-06,7.042355411562293e-08,-5.4735722102284634e-05,3.3400451032989215e-05,5.454718513883387e-05,-1.2538039640280412e-07,2.6481724700874316e-07,-1.3339790523443205e-07,-0.0006487951840600897,5.454718513883387e-05,0.0005933741229947698,1.9276922581739703e-07,2.8764914447009145e-06,-7.661405215476352e-08,-2.8002848844159874e-07,-1.2538039640280412e-07,1.9276922581739703e-07,7.053851858321126e-09,-1.3932943884947858e-09,3.634250489080811e-09,-3.0706154126169245e-06,2.6481724700874316e-07,2.8764914447009145e-06,-1.3932943884947858e-09,1.934123377455453e-08,3.568411319158487e-10,7.042355411562293e-08,-1.3339790523443205e-07,-7.661405215476352e-08,3.634250489080811e-09,3.568411319158487e-10,4.504171574960454e-09,Sigma_within random board-pose measurement covariance only
ihawk2,15.0,5,15,10,6,0.021011169822399006,0.008539061545251003,0.01974507666868048,8.726546464893356e-05,0.0001608779289617915,0.00012792269958409675,0.0004414692573056907,-2.9968653160896397e-05,-0.0003798951946781321,1.560869334666618e-06,-2.1618335198669657e-06,1.9019318090084574e-06,-2.9968653160896397e-05,7.291557207358444e-05,3.0685647470279135e-05,-2.1342550668400198e-07,-2.824236135801215e-08,-4.5301781189874427e-07,-0.0003798951946781321,3.0685647470279135e-05,0.00038986805265207023,-1.3083543379515614e-06,1.2994861683823551e-06,-1.9673750740612134e-06,1.560869334666618e-06,-2.1342550668400198e-07,-1.3083543379515614e-06,7.615261320394272e-09,-8.968424988323614e-09,9.014446920246141e-09,-2.1618335198669657e-06,-2.824236135801215e-08,1.2994861683823551e-06,-8.968424988323614e-09,2.588170802703523e-08,-1.0657069545755054e-08,1.9019318090084574e-06,-4.5301781189874427e-07,-1.9673750740612134e-06,9.014446920246141e-09,-1.0657069545755054e-08,1.6364217068883065e-08,Sigma_within random board-pose measurement covariance only
ihawk2,20.0,5,15,10,6,0.01684907058549009,0.004951277190156107,0.013381182744414608,6.798938966347827e-05,6.524868790822018e-05,9.532031684111685e-05,0.00028389117959482744,1.4272139644538722e-05,-0.00020074819191491917,5.830745368609804e-07,-6.886724113157799e-07,1.1220711091628314e-06,1.4272139644538722e-05,2.4515145813760146e-05,-2.1846903935692066e-05,-5.422916435598636e-08,1.9756691388419846e-08,6.169488777323566e-08,-0.00020074819191491917,-2.1846903935692066e-05,0.00017905605163941928,-4.6188431261602565e-07,2.4276777530388294e-07,-8.472592360338353e-07,5.830745368609804e-07,-5.422916435598636e-08,-4.6188431261602565e-07,4.622557106812285e-09,-9.097069741302392e-10,4.99459233223345e-09,-6.886724113157799e-07,1.9756691388419846e-08,2.4276777530388294e-07,-9.097069741302392e-10,4.257391273744318e-09,-2.9890446285741106e-09,1.1220711091628314e-06,6.169488777323566e-08,-8.472592360338353e-07,4.99459233223345e-09,-2.9890446285741106e-09,9.085962802690905e-09,Sigma_within random board-pose measurement covariance only
ihawk2,25.0,5,15,10,6,0.020270973461543357,0.0031618970524403206,0.01766881345844425,9.52645000746322e-05,7.504586935709078e-05,8.246570307504944e-05,0.0004109123650785951,1.4201608801778457e-05,-0.0003148612032610277,1.9181975716579274e-08,-7.551019007373023e-07,5.490273929641143e-07,1.4201608801778457e-05,9.997592970230788e-06,-2.0340790390102846e-05,-6.298860221648511e-08,-1.2093970933697096e-07,-7.049281496783333e-08,-0.0003148612032610277,-2.0340790390102846e-05,0.0003121869690293006,-3.8149214843264195e-07,7.921047108972376e-07,-4.24170163492875e-07,1.9181975716579274e-08,-6.298860221648511e-08,-3.8149214843264195e-07,9.0753249744696e-09,1.9746294612768843e-09,5.129478320227989e-09,-7.551019007373023e-07,-1.2093970933697096e-07,7.921047108972376e-07,1.9746294612768843e-09,5.631882507561537e-09,1.376057078965217e-09,5.490273929641143e-07,-7.049281496783333e-08,-4.24170163492875e-07,5.129478320227989e-09,1.376057078965217e-09,6.800592183662218e-09,Sigma_within random board-pose measurement covariance only
ihawk2,30.0,5,15,10,6,0.19544069447384393,0.04853718945127259,0.17195385415431977,0.0008094277259384263,0.00025985182684126713,0.0008397048722907839,0.03819706505641841,0.009268961648237423,-0.03359363719374802,0.00015515646739151792,-4.786902268548592e-05,0.00016233279988840286,0.009268961648237423,0.002355858759828727,-0.008168956857522688,3.869741530139665e-05,-1.116889112664119e-05,4.020598916483199e-05,-0.03359363719374802,-0.008168956857522688,0.02956812795852507,-0.00013638389268118108,4.1873062259496445e-05,-0.00014275826200592167,0.00015515646739151792,3.869741530139665e-05,-0.00013638389268118108,6.551732435178521e-07,-1.9220527941615782e-07,6.782015419319946e-07,-4.786902268548592e-05,-1.116889112664119e-05,4.1873062259496445e-05,-1.9220527941615782e-07,6.752297191274387e-08,-2.0173730275868274e-07,0.00016233279988840286,4.020598916483199e-05,-0.00014275826200592167,6.782015419319946e-07,-2.0173730275868274e-07,7.051042725488817e-07,Sigma_within random board-pose measurement covariance only
ihawk2,35.0,5,15,10,6,0.022367468802461415,0.007382775730710747,0.017812116400673154,0.00011245103919834642,5.391375944768746e-05,0.00011760719335804132,0.0005003036606290847,-4.7361855117167216e-05,-0.0003374362040505435,-5.636602230673377e-07,-1.9395107555924464e-09,-6.818029494913195e-07,-4.7361855117167216e-05,5.450537748997161e-05,6.300208548860043e-06,2.1489194466505594e-07,9.331327477884257e-08,5.545277101137242e-07,-0.0003374362040505435,6.300208548860043e-06,0.00031727149067112953,-4.1426034337412707e-07,-1.390844546650397e-07,-2.848734880303389e-07,-5.636602230673377e-07,2.1489194466505594e-07,-4.1426034337412707e-07,1.2645236216788043e-08,1.3602292803790543e-09,1.0471528727128546e-08,-1.9395107555924464e-09,9.331327477884257e-08,-1.390844546650397e-07,1.3602292803790543e-09,2.906693457783109e-09,2.0063767493339414e-09,-6.818029494913195e-07,5.545277101137242e-07,-2.848734880303389e-07,1.0471528727128546e-08,2.0063767493339414e-09,1.383145192955572e-08,Sigma_within random board-pose measurement covariance only
ihawk2,40.0,5,15,10,6,0.02408982696478909,0.006959175462408179,0.01425292384876232,7.120863920324605e-05,0.00010338432717830829,6.707536104542094e-05,0.0005803197631934796,7.104614870325579e-05,-0.00032757507696641277,-7.561985175949498e-07,-9.858224660757242e-07,-7.837502476594311e-07,7.104614870325579e-05,4.8430123116584096e-05,-3.9396948664384895e-05,-3.427865576216579e-07,-2.371503041081367e-07,-3.7025390858776634e-07,-0.00032757507696641277,-3.9396948664384895e-05,0.00020314583823861769,4.658394331857316e-07,5.573118569421343e-07,3.794860034564897e-07,-7.561985175949498e-07,-3.427865576216579e-07,4.658394331857316e-07,5.0706702971780695e-09,1.3112534856099271e-09,4.156892668570901e-09,-9.858224660757242e-07,-2.371503041081367e-07,5.573118569421343e-07,1.3112534856099271e-09,1.0688319106111494e-08,1.3947261226797898e-09,-7.837502476594311e-07,-3.7025390858776634e-07,3.794860034564897e-07,4.156892668570901e-09,1.3947261226797898e-09,4.499104059373572e-09,Sigma_within random board-pose measurement covariance only
ihawk2,45.0,5,15,10,6,0.016098400413609527,0.00588411525825546,0.013070272636908256,0.00011959885062093413,9.405967538413573e-05,9.42311759904868e-05,0.00025915849587690345,-4.284940572443883e-05,-0.0002036146693005868,1.0978919507531513e-06,-9.006780872599898e-07,7.180934063206606e-07,-4.284940572443883e-05,3.462281237243472e-05,3.768296789239375e-05,-5.516306713328612e-07,2.797205044092551e-07,-3.901356283373818e-07,-0.0002036146693005868,3.768296789239375e-05,0.0001708320268031127,-8.715077613975315e-07,7.464570402492523e-07,-4.890013482437234e-07,1.0978919507531513e-06,-5.516306713328612e-07,-8.715077613975315e-07,1.4303885069848516e-08,-7.490916185128046e-09,9.686314702519692e-09,-9.006780872599898e-07,2.797205044092551e-07,7.464570402492523e-07,-7.490916185128046e-09,8.84722253336899e-09,-3.5634596334440804e-09,7.180934063206606e-07,-3.901356283373818e-07,-4.890013482437234e-07,9.686314702519692e-09,-3.5634596334440804e-09,8.879514528550096e-09,Sigma_within random board-pose measurement covariance only
ihawk2,50.0,5,15,10,6,0.03127152609960078,0.009517172355626153,0.022117330426560014,7.902874277032152e-05,0.00010628419493503314,7.224896643356133e-05,0.0009779083445980127,0.0001590402426954873,-0.0006755060589913372,-1.9582931584459747e-07,-1.8501023377125137e-06,-8.126061806384678e-07,0.0001590402426954873,9.057656964669466e-05,-0.00011574769799431247,-2.302576325541823e-07,-2.959931573060075e-07,-2.4914512297832556e-07,-0.0006755060589913372,-0.00011574769799431247,0.0004891763051976374,1.6768025226116047e-07,9.549217059876197e-07,4.846291437467962e-07,-1.9582931584459747e-07,-2.302576325541823e-07,1.6768025226116047e-07,6.245542183857646e-09,-6.257436340883046e-10,5.138027805969948e-09,-1.8501023377125137e-06,-2.959931573060075e-07,9.549217059876197e-07,-6.257436340883046e-10,1.1296330092988122e-08,1.9781158579633063e-09,-8.126061806384678e-07,-2.4914512297832556e-07,4.846291437467962e-07,5.138027805969948e-09,1.9781158579633063e-09,5.2199131507178705e-09,Sigma_within random board-pose measurement covariance only
