dataset,camera,height_mm,component,n_vectors,covariance_rank,sigma_rho_x_mm,sigma_rho_y_mm,sigma_rho_z_mm,sigma_omega_x_rad,sigma_omega_y_rad,sigma_omega_z_rad,cov_rho_x_mm_rho_x_mm,cov_rho_x_mm_rho_y_mm,cov_rho_x_mm_rho_z_mm,cov_rho_x_mm_omega_x_rad,cov_rho_x_mm_omega_y_rad,cov_rho_x_mm_omega_z_rad,cov_rho_y_mm_rho_x_mm,cov_rho_y_mm_rho_y_mm,cov_rho_y_mm_rho_z_mm,cov_rho_y_mm_omega_x_rad,cov_rho_y_mm_omega_y_rad,cov_rho_y_mm_omega_z_rad,cov_rho_z_mm_rho_x_mm,cov_rho_z_mm_rho_y_mm,cov_rho_z_mm_rho_z_mm,cov_rho_z_mm_omega_x_rad,cov_rho_z_mm_omega_y_rad,cov_rho_z_mm_omega_z_rad,cov_omega_x_rad_rho_x_mm,cov_omega_x_rad_rho_y_mm,cov_omega_x_rad_rho_z_mm,cov_omega_x_rad_omega_x_rad,cov_omega_x_rad_omega_y_rad,cov_omega_x_rad_omega_z_rad,cov_omega_y_rad_rho_x_mm,cov_omega_y_rad_rho_y_mm,cov_omega_y_rad_rho_z_mm,cov_omega_y_rad_omega_x_rad,cov_omega_y_rad_omega_y_rad,cov_omega_y_rad_omega_z_rad,cov_omega_z_rad_rho_x_mm,cov_omega_z_rad_rho_y_mm,cov_omega_z_rad_rho_z_mm,cov_omega_z_rad_omega_x_rad,cov_omega_z_rad_omega_y_rad,cov_omega_z_rad_omega_z_rad,coordinate
E2,ihawk1,0.0,within_pose,75,6,0.27769005348115233,0.3424804224429124,5.933861854239145,0.1583737155096226,0.1034850379733262,0.0011157522705031839,0.07711176580236526,0.07708127713418234,-0.3136483979276185,-0.005969153475730735,0.0037873168614399842,-1.795275848823954e-05,0.07708127713418234,0.1172928397566757,0.3790968527272731,0.013070627760127318,-0.008591013675548367,-6.842352729978491e-06,-0.3136483979276185,0.3790968527272731,35.21071650519442,0.9381322680186751,-0.6128923412042394,-0.0016147841114727978,-0.005969153475730735,0.013070627760127318,0.9381322680186751,0.02508223376432287,-0.016388043072910967,-4.255220897549328e-05,0.0037873168614399842,-0.008591013675548367,-0.6128923412042394,-0.016388043072910967,0.010709153084340764,2.886110803615131e-05,-1.795275848823954e-05,-6.842352729978491e-06,-0.0016147841114727978,-4.255220897549328e-05,2.886110803615131e-05,1.24490312913301e-06,right-invariant board-normalized SE(3) log
E2,ihawk1,0.0,between_run,5,4,1.2424563759077003,2.104939785752374,24.445799909514676,0.21708798108164434,0.1345084925045489,0.00917450014170852,1.5436978460336965,-2.4022187466615104,-2.9667625215753857,0.03165416677377865,-0.018229141536902523,-0.009437222147646857,-2.4022187466615104,4.4307715016432505,-0.8701468512631032,-0.0035735015815999737,0.0002275545465778795,0.0136250503163259,-2.9667625215753857,-0.8701468512631032,597.5971332160277,-5.305079215052285,3.287347207515301,0.14325253231915272,0.03165416677377865,-0.0035735015815999737,-5.305079215052285,0.047127191530104376,-0.0291990599918538,-0.0013024349561512477,-0.018229141536902523,0.0002275545465778795,3.287347207515301,-0.0291990599918538,0.018092534555846293,0.0007991558804634549,-0.009437222147646857,0.0136250503163259,0.14325253231915272,-0.0013024349561512477,0.0007991558804634549,8.417145285020967e-05,right-invariant board-normalized SE(3) log
E2,ihawk1,0.0,cross_pose,25,6,9.310714413525636,9.600785877073875,54.048691921192734,0.33079226019644414,0.19984394499745037,0.00832975031701868,86.68940289023404,14.047186966461226,235.9934966923369,-1.2275438489034503,0.6872376802211466,-0.04648069962158705,14.047186966461226,92.17508945742117,325.60122063603035,-1.5152842719719608,0.9160460357698775,0.03146164365716254,235.9934966923369,325.60122063603035,2921.261098392005,-16.832672133133304,10.060097225481243,0.08671537361518927,-1.2275438489034503,-1.5152842719719608,-16.832672133133304,0.109423519405872,-0.06598172494751764,-0.0005694571300187388,0.6872376802211466,0.9160460357698775,10.060097225481243,-0.06598172494751764,0.03993760235214397,0.0003861389235779792,-0.04648069962158705,0.03146164365716254,0.08671537361518927,-0.0005694571300187388,0.0003861389235779792,6.938474034387282e-05,right-invariant board-normalized SE(3) log
E2,ihawk1,0.0,total_sum,,6,9.39735135567837,9.834793022673182,59.61601251436754,0.42618416758521105,0.26218178806379944,0.012441908869752081,88.3102125020701,11.722049496933899,232.7130857728339,-1.2018588356054023,0.6727958555456841,-0.05593587452772215,11.722049496933899,96.72315379882109,325.1101706374945,-1.5057871457934335,0.907682576640907,0.045079851620758456,232.7130857728339,325.1101706374945,3554.068948113227,-21.199619080166915,12.734552091792304,0.22835312182286918,-1.2018588356054023,-1.5057871457934335,-21.199619080166915,0.18163294470029925,-0.1115688280122824,-0.0019144442951454798,0.6727958555456841,0.907682576640907,12.734552091792304,-0.1115688280122824,0.06873928999233103,0.0012141559120775855,-0.05593587452772215,0.045079851620758456,0.22835312182286918,-0.0019144442951454798,0.0012141559120775855,0.0001548010963232155,right-invariant board-normalized SE(3) log
E2,ihawk1,5.0,within_pose,75,6,0.2242226129562071,0.2906736794694673,0.2716465016102211,0.0008992653814156499,0.0007716673699914499,0.0009232535985635845,0.05027578016090905,0.05607514932676276,-0.05181846823612686,8.22220805459342e-05,-2.867837477722182e-05,6.689787350895059e-05,0.05607514932676276,0.08449118793631862,-0.06911069049601408,0.00011494204781708036,-5.129548100274355e-05,8.690280129653047e-05,-0.05181846823612686,-0.06911069049601408,0.07379182183707184,-0.0001382114833944003,7.784887171196829e-05,-7.715888202427402e-05,8.22220805459342e-05,0.00011494204781708036,-0.0001382114833944003,8.086782262126344e-07,-1.0688345153052933e-07,5.088659339853703e-07,-2.867837477722182e-05,-5.129548100274355e-05,7.784887171196829e-05,-1.0688345153052933e-07,5.954705299095212e-07,1.842753648812884e-07,6.689787350895059e-05,8.690280129653047e-05,-7.715888202427402e-05,5.088659339853703e-07,1.842753648812884e-07,8.523972072606085e-07,right-invariant board-normalized SE(3) log
E2,ihawk1,5.0,between_run,5,4,2.6746491945435964,3.8134138106583912,1.7764434225710846,0.004822865035840145,0.005123844971182059,0.010084854405115634,7.153748313872709,3.5723928514346297,-2.07607557796681,-0.011296290177478614,-0.0021390031324733084,-0.010099254282477948,3.5723928514346297,14.542124891320151,-4.860027345346704,-0.006925184894461773,-0.013768511202136851,0.027811822972701985,-2.07607557796681,-4.860027345346704,3.1557512335960687,0.0023646763219772214,0.008600055541794868,-0.008746741671141211,-0.011296290177478614,-0.006925184894461773,0.0023646763219772214,2.326002715392936e-05,2.3701624023491203e-06,1.296760929493327e-05,-0.0021390031324733084,-0.013768511202136851,0.008600055541794868,2.3701624023491203e-06,2.6253787288707674e-05,-3.56383285437656e-05,-0.010099254282477948,0.027811822972701985,-0.008746741671141211,1.296760929493327e-05,-3.56383285437656e-05,0.00010170428837238023,right-invariant board-normalized SE(3) log
E2,ihawk1,5.0,cross_pose,25,6,9.467381762941598,6.875697901485421,4.2861090720628425,0.009179858543477923,0.009925177618940887,0.01127119718265275,89.63131744527915,-1.2957220538580145,-16.20860429092172,0.011604122835552358,0.023634294885093457,-0.027470453357776432,-1.2957220538580145,47.275221632491025,-4.958446813379776,-0.018147985080142235,-0.019242830143538413,0.01508627111663137,-16.20860429092172,-4.958446813379776,18.370730977619402,0.00022704737266128583,0.026746170786351282,0.012795377538258747,0.011604122835552358,-0.018147985080142235,0.00022704737266128583,8.426980287826462e-05,2.6204013193287678e-05,5.2329424710844015e-05,0.023634294885093457,-0.019242830143538413,0.026746170786351282,2.6204013193287678e-05,9.85091507675251e-05,3.374181536066618e-05,-0.027470453357776432,0.01508627111663137,0.012795377538258747,5.2329424710844015e-05,3.374181536066618e-05,0.00012703988593023929,right-invariant board-normalized SE(3) log
E2,ihawk1,5.0,total_sum,,6,9.840494984466623,7.867772093276946,4.6476094966178625,0.010408578589721395,0.01119635693367009,0.015152444407087594,96.83534153931276,2.332745946903378,-18.336498337124656,0.00039005473861967836,0.021466613377842926,-0.03750280976674543,2.332745946903378,61.9018377117475,-9.887584849222495,-0.024958227926786928,-0.03306263682667801,0.04298499689062989,-18.336498337124656,-9.887584849222495,21.600274033052543,0.002453512211244107,0.035424075199858115,0.003971476985093262,0.00039005473861967836,-0.024958227926786928,0.002453512211244107,0.00010833850825840661,2.846729214410627e-05,6.580589993976266e-05,0.021466613377842926,-0.03306263682667801,0.035424075199858115,2.846729214410627e-05,0.0001253584085861423,-1.712237818218128e-06,-0.03750280976674543,0.04298499689062989,0.003971476985093262,6.580589993976266e-05,-1.712237818218128e-06,0.00022959657150988013,right-invariant board-normalized SE(3) log
E2,ihawk1,10.0,within_pose,75,6,0.2440951999620097,0.19816044879410077,0.23658943637637792,0.0009846434949066206,0.00087072956046678,0.0013676112581756804,0.05958246664449351,0.024564929587038643,-0.04191169017184337,6.107136643681209e-05,2.6094949802492022e-05,0.00016553339309737102,0.024564929587038643,0.03926756346627943,-0.03687774847473145,1.3159206290671085e-05,-2.5435166256901194e-05,-2.0459874242965715e-05,-0.04191169017184337,-0.03687774847473145,0.05597456140489217,-5.663423922825835e-05,3.795808472976005e-05,-3.615219986440932e-05,6.107136643681209e-05,1.3159206290671085e-05,-5.663423922825835e-05,9.695228120619242e-07,4.588946196429013e-07,8.774002683637527e-07,2.6094949802492022e-05,-2.5435166256901194e-05,3.795808472976005e-05,4.588946196429013e-07,7.581699674706719e-07,7.653225470539435e-07,0.00016553339309737102,-2.0459874242965715e-05,-3.615219986440932e-05,8.774002683637527e-07,7.653225470539435e-07,1.8703605534888677e-06,right-invariant board-normalized SE(3) log
E2,ihawk1,10.0,between_run,5,4,2.609471595780617,3.1227283451099357,1.3359523415089731,0.004963911704748517,0.002362198114226871,0.010726807496905135,6.80934200918584,-2.2135525309986126,-2.848154638666828,0.002229900454788276,-0.0023838399748658365,-0.02088617302142905,-2.2135525309986126,9.751432317353038,-0.5651617798879821,0.012768059066748477,0.0034823029085177576,0.016444168456069237,-2.848154638666828,-0.5651617798879821,1.784768658783308,-0.004301583633618826,0.001508257881663164,0.004954713374361712,0.002229900454788276,0.012768059066748477,-0.004301583633618826,2.4640419412539327e-05,1.6290578598363088e-07,1.4555255344661877e-05,-0.0023838399748658365,0.0034823029085177576,0.001508257881663164,1.6290578598363088e-07,5.579979930856985e-06,-1.7215312567404055e-06,-0.02088617302142905,0.016444168456069237,0.004954713374361712,1.4555255344661877e-05,-1.7215312567404055e-06,0.0001150643990756602,right-invariant board-normalized SE(3) log
E2,ihawk1,10.0,cross_pose,25,6,8.076381127781145,7.628692418462178,2.242915151968641,0.010997586282374941,0.009230483197706162,0.013167965710505346,65.22793212117944,-13.699716822146375,0.3422634620608269,0.009202316062812927,0.06093713021316475,-0.028783138664657804,-13.699716822146375,58.196948015502315,-3.1144145791838707,0.001740740839312662,-0.03846035462586526,0.05653887978800365,0.3422634620608269,-3.1144145791838707,5.030668378930512,-0.013119949420037764,0.005627376607977002,-0.010411605790760552,0.009202316062812927,0.001740740839312662,-0.013119949420037764,0.00012094690403828147,-8.82894149557847e-06,0.00010452610299613433,0.06093713021316475,-0.03846035462586526,0.005627376607977002,-8.82894149557847e-06,8.520182006313575e-05,-6.500295826956378e-05,-0.028783138664657804,0.05653887978800365,-0.010411605790760552,0.00010452610299613433,-6.500295826956378e-05,0.00017339532095304457,right-invariant board-normalized SE(3) log
E2,ihawk1,10.0,total_sum,,6,8.49098678582235,8.245462260923983,2.621337749912955,0.012106066506627275,0.00956765227009549,0.017039075109353607,72.09685659700978,-15.888704423557948,-2.5478028667778445,0.011493287884038014,0.05857938518810141,-0.049503778292989485,-15.888704423557948,67.98764789632163,-3.7164541075465842,0.01452195911235181,-0.0350034868836044,0.07296258836982991,-2.5478028667778445,-3.7164541075465842,6.871411599118712,-0.017478167292884848,0.007173592574369926,-0.005493044616263249,0.011493287884038014,0.01452195911235181,-0.017478167292884848,0.0001465568462628827,-8.207141089951938e-06,0.00011995875860915997,0.05857938518810141,-0.0350034868836044,0.007173592574369926,-8.207141089951938e-06,9.153996996146341e-05,-6.595916697925025e-05,-0.049503778292989485,0.07296258836982991,-0.005493044616263249,0.00011995875860915997,-6.595916697925025e-05,0.00029033008058219363,right-invariant board-normalized SE(3) log
E2,ihawk1,15.0,within_pose,75,6,1.0595044208700208,1.4793231720556133,0.9848492514617755,0.0029919041562575938,0.0023451182831137085,0.0013137260900795082,1.122549617843118,1.5549077671369549,-1.0327541861148049,0.0029243986665330214,-0.00234351236644753,-0.00084336741513613,1.5549077671369549,2.1883970473806817,-1.4277531403758459,0.004213731649503808,-0.0031981885781794204,-0.001194513215611623,-1.0327541861148049,-1.4277531403758459,0.9699280481048196,-0.002617584532167456,0.0022009354303358,0.0007664465102248943,0.0029243986665330214,0.004213731649503808,-0.002617584532167456,8.951490480231465e-06,-5.539857689986144e-06,-2.1400621135167762e-06,-0.00234351236644753,-0.0031981885781794204,0.0022009354303358,-5.539857689986144e-06,5.499579761794189e-06,2.0350468414409573e-06,-0.00084336741513613,-0.001194513215611623,0.0007664465102248943,-2.1400621135167762e-06,2.0350468414409573e-06,1.7258762397555919e-06,right-invariant board-normalized SE(3) log
E2,ihawk1,15.0,between_run,5,4,1.779254994123775,2.9774568062947533,0.8537639202270358,0.0024571964372999675,0.005287057173058229,0.004221821951069674,3.165748334114394,-3.4207373428831627,1.2566621972945728,0.0027374525140979222,0.005015847313923876,-0.0052478740076938105,-3.4207373428831627,8.86524903335095,-1.8585779675941787,-0.00705559561322402,0.004128346743030888,0.00565702468854527,1.2566621972945728,-1.8585779675941787,0.7289128314814364,0.0015058397125283732,0.0005478775452732493,-0.003347397200581234,0.0027374525140979222,-0.00705559561322402,0.0015058397125283732,6.037814331479653e-06,-2.6848516776631216e-06,-4.325356737523323e-06,0.005015847313923876,0.004128346743030888,0.0005478775452732493,-2.6848516776631216e-06,2.7952973551186468e-05,-4.20775635135179e-06,-0.0052478740076938105,0.00565702468854527,-0.003347397200581234,-4.325356737523323e-06,-4.20775635135179e-06,1.782378058653375e-05,right-invariant board-normalized SE(3) log
E2,ihawk1,15.0,cross_pose,25,6,7.851353365466848,6.679883115566524,2.4933256791834753,0.007463881747115981,0.012578783313250033,0.007681994812054107,61.643749669427606,-15.801821598883011,-0.4364863093804033,-0.006004420020188347,0.06354202173421701,-0.041310533423669256,-15.801821598883011,44.620838437630724,4.306696134945515,-0.02545442935225957,-0.001439015203342546,0.012400409549743365,-0.4364863093804033,4.306696134945515,6.216672942475737,-0.0035037017300516386,0.016222169394125366,0.002887760353276681,-0.006004420020188347,-0.02545442935225957,-0.0035037017300516386,5.570953073493111e-05,-1.1457956390410827e-05,1.2654742982797938e-05,0.06354202173421701,-0.001439015203342546,0.016222169394125366,-1.1457956390410827e-05,0.00015822578964169747,-2.9604772230726728e-05,-0.041310533423669256,0.012400409549743365,0.002887760353276681,1.2654742982797938e-05,-2.9604772230726728e-05,5.901304429242622e-05,right-invariant board-normalized SE(3) log
E2,ihawk1,15.0,total_sum,,6,8.119855147808064,7.461533657255883,2.8134522960345345,0.008408259959506618,0.01384479479640916,0.008863560295880858,65.93204762138512,-17.66765117462922,-0.21257829820063529,-0.0003425688395574042,0.06621435668169336,-0.0474017748464992,-17.66765117462922,55.674484518362355,1.0203650269754903,-0.02829629331597978,-0.0005088570384910781,0.016862921022677013,-0.21257829820063529,1.0203650269754903,7.915513822061993,-0.004615446549690721,0.018970982369734414,0.0003068096629203409,-0.0003425688395574042,-0.02829629331597978,-0.004615446549690721,7.069883554664223e-05,-1.9682665758060093e-05,6.189324131757839e-06,0.06621435668169336,-0.0005088570384910781,0.018970982369734414,-1.9682665758060093e-05,0.00019167834295467814,-3.177748174063756e-05,-0.0474017748464992,0.016862921022677013,0.0003068096629203409,6.189324131757839e-06,-3.177748174063756e-05,7.856270111871556e-05,right-invariant board-normalized SE(3) log
E2,ihawk1,20.0,within_pose,75,6,3.110570691097043,2.7065279615579096,3.898577393697653,0.11765233680788201,0.13784111990097442,0.004710836372347953,9.675650024311937,8.101240778081074,11.330756025991349,0.36142564941830857,-0.4221685476623188,-0.00989650777161329,8.101240778081074,7.325293606694814,8.695812485539784,0.2977700491106251,-0.34579735810543005,-0.008789598939942364,11.330756025991349,8.695812485539784,15.198905694650387,0.44504182677549114,-0.5242543633864516,-0.013000565646116154,0.36142564941830857,0.2977700491106251,0.44504182677549114,0.013842072356355307,-0.016212047356398748,-0.00041482508197804443,-0.4221685476623188,-0.34579735810543005,-0.5242543633864516,-0.016212047356398748,0.019000174335554808,0.00048638023862877593,-0.00989650777161329,-0.008789598939942364,-0.013000565646116154,-0.00041482508197804443,0.00048638023862877593,2.2191979327036422e-05,right-invariant board-normalized SE(3) log
E2,ihawk1,20.0,between_run,5,4,1.1998318349325996,2.1109308089385967,2.040168574533411,0.036157066124911146,0.04403690108822696,0.004607741887196292,1.4395964321177288,-1.097684605228008,1.3002184874787794,0.014002548262892739,-0.005971468660368514,-0.003479379886811143,-1.097684605228008,4.4560288801261585,1.4047430151599951,0.02347498750151986,-0.02852102959023094,0.003576701091854183,1.3002184874787794,1.4047430151599951,4.162287812513691,0.06933905352207924,-0.07431388814479993,-0.006271590052031992,0.014002548262892739,0.02347498750151986,0.06933905352207924,0.0013073334307611973,-0.0015400044919373264,-0.00010885770058009768,-0.005971468660368514,-0.02852102959023094,-0.07431388814479993,-0.0015400044919373264,0.0019392486574542848,0.00012201933139301416,-0.003479379886811143,0.003576701091854183,-0.006271590052031992,-0.00010885770058009768,0.00012201933139301416,2.1231285299023254e-05,right-invariant board-normalized SE(3) log
E2,ihawk1,20.0,cross_pose,25,6,6.8501300800520895,7.15773193672339,4.764712416576584,0.07859837607185112,0.08706691437211855,0.012657903156846843,46.92428211363444,-19.024215490727467,-1.7110399502088005,-0.0839184351728018,0.1125711720673141,-0.04975263282506094,-19.024215490727467,51.23312647798997,16.334676456428923,0.18810668876076525,-0.2798658923008663,0.020623785208931784,-1.7110399502088005,16.334676456428923,22.70248441267907,0.3180926978735686,-0.36231935179410346,-0.009258561080831566,-0.0839184351728018,0.18810668876076525,0.3180926978735686,0.006177704721132139,-0.006592908367086512,4.889805233596861e-05,0.1125711720673141,-0.2798658923008663,-0.36231935179410346,-0.006592908367086512,0.007580647578281825,5.617452109162037e-05,-0.04975263282506094,0.020623785208931784,-0.009258561080831566,4.889805233596861e-05,5.617452109162037e-05,0.00016022251232811327,right-invariant board-normalized SE(3) log
E2,ihawk1,20.0,total_sum,,6,7.6183678416091265,7.938164080239898,6.485651695847006,0.14603804472892892,0.1688788636013723,0.014270451182572082,58.03952857006411,-12.0206593178744,10.919934563261329,0.2915097625083995,-0.31556884425537324,-0.06312852048348537,-12.0206593178744,63.01444896481094,26.435231957128703,0.5093517253729103,-0.6541842799965273,0.015410887360843603,10.919934563261329,26.435231957128703,42.063677919843144,0.832473578171139,-0.9608876033253549,-0.02853071677897971,0.2915097625083995,0.5093517253729103,0.832473578171139,0.02132711050824864,-0.024344960215422585,-0.00047478473022217354,-0.31556884425537324,-0.6541842799965273,-0.9608876033253549,-0.024344960215422585,0.028520070571290915,0.0006645740911134105,-0.06312852048348537,0.015410887360843603,-0.02853071677897971,-0.00047478473022217354,0.0006645740911134105,0.00020364577695417295,right-invariant board-normalized SE(3) log
E2,ihawk1,25.0,within_pose,75,6,6.172973718640088,8.369537140397467,42.64085004248285,0.283387189265454,0.21719360114357553,0.00703230380016686,38.105604531021235,47.91088917485449,-156.73745604787644,1.4800149232203657,-1.2342731474866162,-0.036046359746722115,47.91088917485449,70.0491519444926,-276.8175624222182,2.0707413487759303,-1.5239847654480512,-0.03931153228581152,-156.73745604787644,-276.8175624222182,1818.2420923455102,-10.582012353726311,6.462973209098117,0.062330977671135025,1.4800149232203657,2.0707413487759303,-10.582012353726311,0.08030829903977423,-0.058529915133594776,-0.0012126066294341046,-1.2342731474866162,-1.5239847654480512,6.462973209098117,-0.058529915133594776,0.04717306037771458,0.0011733620389210843,-0.036046359746722115,-0.03931153228581152,0.062330977671135025,-0.0012126066294341046,0.0011733620389210843,4.945329673784126e-05,right-invariant board-normalized SE(3) log
E2,ihawk1,25.0,between_run,5,4,6.127153759205101,9.156356034672028,22.209800250037066,0.20034864169020178,0.15420892768314168,0.011281843673938124,37.542013188941205,50.98418306756725,-103.66081522161437,1.062342421748728,-0.8237170779184747,-0.05454290839988597,50.98418306756725,83.83885583367484,-160.9406057443724,1.7483686148160469,-1.364372882415539,-0.07318375404346343,-103.66081522161437,-160.9406057443724,493.27522714654657,-3.9046410775077445,2.815117402703238,0.06256801006687801,1.062342421748728,1.7483686148160469,-3.9046410775077445,0.04013957822710886,-0.030708970469622433,-0.0011499768572787584,-0.8237170779184747,-1.364372882415539,2.815117402703238,-0.030708970469622433,0.02378039337718442,0.0009949338154129719,-0.05454290839988597,-0.07318375404346343,0.06256801006687801,-0.0011499768572787584,0.0009949338154129719,0.00012727999668317767,right-invariant board-normalized SE(3) log
E2,ihawk1,25.0,cross_pose,25,6,10.917150653756433,13.161781210551752,53.52350362319062,0.33619142489145093,0.2498492558826298,0.020557299459141653,119.18417839681453,69.37735264576736,32.03175585280726,0.7994151191938569,-1.0345768894403347,0.04849008539527853,69.37735264576736,173.23248463443315,-123.90485723085015,2.2051958203550273,-2.15333675935761,0.07345386544049229,32.03175585280726,-123.90485723085015,2864.7654401016994,-14.930659271587594,8.450736627338781,0.4788348508584146,0.7994151191938569,2.2051958203550273,-14.930659271587594,0.1130246741705441,-0.07973937324764704,-0.0016125529346561825,-1.0345768894403347,-2.15333675935761,8.450736627338781,-0.07973937324764704,0.06242465066510382,0.00013361204465926237,0.04849008539527853,0.07345386544049229,0.4788348508584146,-0.0016125529346561825,0.00013361204465926237,0.00042260256105282573,right-invariant board-normalized SE(3) log
E2,ihawk1,25.0,total_sum,,6,13.958216079312463,18.08647263599513,71.94638809275804,0.4831899744794248,0.3652096718598822,0.024481336860429918,194.83179611677696,168.2724248881891,-228.36651541668354,3.3417724641629505,-3.0925671148454255,-0.04209918275132956,168.2724248881891,327.1204924126006,-561.6630253974408,6.024305783947004,-5.0416944072212,-0.03904142088878265,-228.36651541668354,-561.6630253974408,5176.282759593756,-29.417312702821647,17.728827239140138,0.6037338385964276,3.3417724641629505,6.024305783947004,-29.417312702821647,0.23347255143742718,-0.16897825885086426,-0.003975136421369046,-3.0925671148454255,-5.0416944072212,17.728827239140138,-0.16897825885086426,0.1333781044200028,0.0023019078989933188,-0.04209918275132956,-0.03904142088878265,0.6037338385964276,-0.003975136421369046,0.0023019078989933188,0.0005993358544738446,right-invariant board-normalized SE(3) log
E2,ihawk1,30.0,within_pose,75,6,3.6742068857296637,5.025203576770307,30.698216587665836,0.16833913304692605,0.12342103230856127,0.0015304749485507466,13.499796239143274,18.377136176715926,-112.498037422665,0.6164703253632243,-0.4521564216831777,9.20255439943337e-05,18.377136176715926,25.25267098798509,-153.23005276546908,0.8396142073894148,-0.615554913817639,-0.00045929870605471433,-112.498037422665,-153.23005276546908,942.380501663242,-5.167370406334267,3.7883094305358775,0.00036852891802249463,0.6164703253632243,0.8396142073894148,-5.167370406334267,0.02833806371499067,-0.020773503674147365,-2.3515123473764996e-06,-0.4521564216831777,-0.615554913817639,3.7883094305358775,-0.020773503674147365,0.015232751216110927,1.4061701178812974e-06,9.20255439943337e-05,-0.00045929870605471433,0.00036852891802249463,-2.3515123473764996e-06,1.4061701178812974e-06,2.3423535681414104e-06,right-invariant board-normalized SE(3) log
E2,ihawk1,30.0,between_run,5,4,4.604868524476245,5.617185262925848,34.8403363485796,0.16127229098727486,0.1239738100440249,0.005858037916358004,21.20481412771203,17.092586851689642,0.4260039327858701,0.4217545132222382,-0.42747371705966153,0.010113566665619118,17.092586851689642,31.552770278031332,-67.23088798215772,0.7300425680088536,-0.6130672649543364,0.0004992089179880478,0.4260039327858701,-67.23088798215772,1213.849036882157,-4.076339775005657,1.8318690125822137,0.06605251386598691,0.4217545132222382,0.7300425680088536,-4.076339775005657,0.026008751840284252,-0.018613076097808816,0.0001551117282344713,-0.42747371705966153,-0.6130672649543364,1.8318690125822137,-0.018613076097808816,0.015369505576831968,-0.00027911756491108894,0.010113566665619118,0.0004992089179880478,0.06605251386598691,0.0001551117282344713,-0.00027911756491108894,3.431660822948803e-05,right-invariant board-normalized SE(3) log
E2,ihawk1,30.0,cross_pose,25,6,11.544078225071646,18.365365392385492,86.59468498504107,0.5443993425378107,0.41923071279088275,0.012506836157485593,133.2657420665733,142.36648431429956,-654.727102045128,5.304728633533271,-4.107286886427594,-0.026364924043821444,142.36648431429956,337.28664599583067,-1068.245255639345,8.606936018217343,-6.69439047847287,0.05263832884300519,-654.727102045128,-1068.245255639345,7498.639467658497,-40.29817289873699,26.478505540995943,-0.19799891555601493,5.304728633533271,8.606936018217343,-40.29817289873699,0.29637064415560055,-0.22321246864159874,0.0008735155594646744,-4.107286886427594,-6.69439047847287,26.478505540995943,-0.22321246864159874,0.17575439054715164,-0.0004725938426221083,-0.026364924043821444,0.05263832884300519,-0.19799891555601493,0.0008735155594646744,-0.0004725938426221083,0.000156420950670189,right-invariant board-normalized SE(3) log
E2,ihawk1,30.0,total_sum,,6,12.960337666643898,19.85175275037061,98.25919298571455,0.5922140320111264,0.4542649527974776,0.013895319804445612,167.97035243342862,177.8362073427051,-766.7991355350072,6.342953472118733,-4.986917025170433,-0.016159331834207993,177.8362073427051,394.0920872618471,-1288.706196386972,10.176592793615612,-7.923012657244845,0.05267823905493853,-766.7991355350072,-1288.706196386972,9654.869006203895,-49.541883080076914,32.09868398411403,-0.1315778727720055,6.342953472118733,10.176592793615612,-49.541883080076914,0.3507174597108755,-0.2625990484135549,0.0010262757753517692,-4.986917025170433,-7.923012657244845,32.09868398411403,-0.2625990484135549,0.20635664734009454,-0.000750305237415316,-0.016159331834207993,0.05267823905493853,-0.1315778727720055,0.0010262757753517692,-0.000750305237415316,0.00019307991246781845,right-invariant board-normalized SE(3) log
E2,ihawk1,35.0,within_pose,75,6,7.480749903610535,7.424476137337974,31.45040833893863,0.20572367735743435,0.19025544432970637,0.01010603691672497,55.96161912036903,52.70297096097392,-93.4340060101235,1.4337379414433713,-1.4125177646527034,-0.05747126123948425,52.70297096097392,55.12284591390101,-154.44027818237004,1.5229373499863228,-1.379090522948664,-0.04175949539098051,-93.4340060101235,-154.44027818237004,989.1281846859804,-4.514342516522426,2.938535527539049,-0.03828563736485852,1.4337379414433713,1.5229373499863228,-4.514342516522426,0.04232223142546575,-0.03782643143958481,-0.0010931350204685568,-1.4125177646527034,-1.379090522948664,2.938535527539049,-0.03782643143958481,0.036197134097094,0.0013323048916684059,-0.05747126123948425,-0.04175949539098051,-0.03828563736485852,-0.0010931350204685568,0.0013323048916684059,0.00010213198216220796,right-invariant board-normalized SE(3) log
E2,ihawk1,35.0,between_run,5,4,6.386567579678415,6.4389305528923195,25.055539198467667,0.18311325546695023,0.1164682691890029,0.011938757841652542,40.78824544979941,22.16652659140207,-79.09007265015748,0.8057383369947139,-0.6212776366236167,-0.008128982536166816,22.16652659140207,41.459826664970194,-136.02442649830886,0.9111311602990493,-0.5283429549034012,-0.05896003697698867,-79.09007265015748,-136.02442649830886,627.7800445259498,-4.400746882126568,2.5257520472566024,0.20942696020777174,0.8057383369947139,0.9111311602990493,-4.400746882126568,0.033530464327704575,-0.02068111105415152,-0.0011771444348426033,-0.6212776366236167,-0.5283429549034012,2.5257520472566024,-0.02068111105415152,0.01356485772788204,0.0005743655141606071,-0.008128982536166816,-0.05896003697698867,0.20942696020777174,-0.0011771444348426033,0.0005743655141606071,0.00014253393880162007,right-invariant board-normalized SE(3) log
E2,ihawk1,35.0,cross_pose,25,6,9.010663365489126,14.932816808537513,58.935338969184635,0.38866754135575876,0.24351977482956605,0.01467539394163099,81.19205428616783,75.93676595551815,-323.5231945317752,2.440494305878279,-1.4754055768783367,-0.013355003745421647,75.93676595551815,222.9890178373405,-688.4872093133423,5.070296757946453,-3.2963607934100008,-0.045712266641394855,-323.5231945317752,-688.4872093133423,3473.3741794126927,-21.96260814877197,12.75267154710853,0.17514289917164716,2.440494305878279,5.070296757946453,-21.96260814877197,0.15106245770353044,-0.09254564260475984,-0.0011012588935528263,-1.4754055768783367,-3.2963607934100008,12.75267154710853,-0.09254564260475984,0.059301880733042545,0.0007348847457557831,-0.013355003745421647,-0.045712266641394855,0.17514289917164716,-0.0011012588935528263,0.0007348847457557831,0.00021536718734205956,right-invariant board-normalized SE(3) log
E2,ihawk1,35.0,total_sum,,6,13.339487203649782,17.876568194600768,71.34621509670028,0.47635612041486436,0.3302481984175214,0.021448382417000297,177.94191885633626,150.80626350789413,-496.04727319205614,4.679970584316364,-3.5092009781546567,-0.0789552475210727,150.80626350789413,319.5716904162117,-978.9519139940212,7.504365268231825,-5.2037942712620655,-0.14643179900936404,-496.04727319205614,-978.9519139940212,5090.282408624623,-30.877697547420965,18.216959121904182,0.3462842220145604,4.679970584316364,7.504365268231825,-30.877697547420965,0.22691515345670077,-0.15105318509849616,-0.0033715383488639866,-3.5092009781546567,-5.2037942712620655,18.216959121904182,-0.15105318509849616,0.10906387255801858,0.002641555151584796,-0.0789552475210727,-0.14643179900936404,0.3462842220145604,-0.0033715383488639866,0.002641555151584796,0.0004600331083058876,right-invariant board-normalized SE(3) log
E2,ihawk1,40.0,within_pose,75,6,4.880769501683969,6.991802257261996,31.57780786207767,0.17582067441234217,0.12019584666632402,0.0060713307906824455,23.821910928568375,33.76877138777162,-151.49210271792762,0.8345786704083565,-0.5755774982207861,-0.004277226577991654,33.76877138777162,48.885298804653935,-220.4608529343287,1.2227265714306055,-0.8383281268577385,-0.0034256692237207994,-151.49210271792762,-220.4608529343287,997.1579493742944,-5.5444264007933866,3.7947987595575996,0.0072639938969200615,0.8345786704083565,1.2227265714306055,-5.5444264007933866,0.03091290955081083,-0.021114708741584415,5.194790479657428e-06,-0.5755774982207861,-0.8383281268577385,3.7947987595575996,-0.021114708741584415,0.014447041555834476,1.5017159374088037e-05,-0.004277226577991654,-0.0034256692237207994,0.0072639938969200615,5.194790479657428e-06,1.5017159374088037e-05,3.686105756988873e-05,right-invariant board-normalized SE(3) log
E2,ihawk1,40.0,between_run,5,4,2.1503278275445594,4.35130780315314,17.934825085459064,0.10673879274721818,0.0702595039496902,0.008820533520637252,4.623909765912505,-8.261304811219242,32.87323821247669,-0.1889305068604961,0.12490685871876707,-0.013729535767046537,-8.261304811219242,18.933879597781402,-53.66215127761908,0.29937790268704945,-0.19433900898560047,0.021946019978993016,32.87323821247669,-53.66215127761908,321.65795084601166,-1.906405233228914,1.2544054160399751,-0.05439276035374085,-0.1889305068604961,0.29937790268704945,-1.906405233228914,0.011393169877133597,-0.007495970954589001,0.0002685625232592058,0.12490685871876707,-0.19433900898560047,1.2544054160399751,-0.007495970954589001,0.004936397895256533,-0.0001871739882695915,-0.013729535767046537,0.021946019978993016,-0.05439276035374085,0.0002685625232592058,-0.0001871739882695915,7.780181158868541e-05,right-invariant board-normalized SE(3) log
E2,ihawk1,40.0,cross_pose,25,6,10.408729460026047,11.82608806838398,41.76045650678686,0.2261931374685105,0.15493632792561315,0.016230526041914866,108.34164897201413,47.89798715434998,-260.31218308572676,1.3367912407647884,-0.8985637746508048,-0.10036653049436692,47.89798715434998,139.85635900117393,-358.9985554198614,1.9120031054562512,-1.342524396816485,0.04753657204193385,-260.31218308572676,-358.9985554198614,1743.9357276552366,-9.41697847515131,6.45028498577429,-0.03169801356605699,1.3367912407647884,1.9120031054562512,-9.41697847515131,0.051163335437848484,-0.034979575539296544,0.00029781336035817837,-0.8985637746508048,-1.342524396816485,6.45028498577429,-0.034979575539296544,0.024005265711073136,-0.00020815518595087803,-0.10036653049436692,0.04753657204193385,-0.03169801356605699,0.00029781336035817837,-0.00020815518595087803,0.00026342997559727666,right-invariant board-normalized SE(3) log
E2,ihawk1,40.0,total_sum,,6,11.695617541049083,14.410951995049087,55.342132483990376,0.30572768089558544,0.20829955631773234,0.019444609658099358,136.787469666495,73.40545373090237,-378.9310475911777,1.982439404312649,-1.3492344141528239,-0.1183732928394051,73.40545373090237,207.67553740360927,-633.1215596318092,3.434107579573906,-2.375191532659824,0.06605692279720607,-378.9310475911777,-633.1215596318092,3062.751627875543,-16.86781010917361,11.499489161371866,-0.07882678002287777,1.982439404312649,3.434107579573906,-16.86781010917361,0.09346941486579291,-0.06359025523546996,0.0005715706740970416,-1.3492344141528239,-2.375191532659824,11.499489161371866,-0.06359025523546996,0.04338870516216414,-0.00038031201484638145,-0.1183732928394051,0.06605692279720607,-0.07882678002287777,0.0005715706740970416,-0.00038031201484638145,0.0003780928447558508,right-invariant board-normalized SE(3) log
E2,ihawk1,45.0,within_pose,75,6,5.331368390016014,8.07171217060165,31.725072511357137,0.17712703542513256,0.11688301478052417,0.001014788515285839,28.423488910061945,43.00718850427718,-167.1300565398679,0.9297322052029567,-0.6116194560256528,-0.0008026557396723282,43.00718850427718,65.1525373650388,-252.4106058896664,1.4036371975196715,-0.9229884567617836,-0.001328149417984713,-167.1300565398679,-252.4106058896664,1006.4802258508684,-5.617918157412953,3.7051900947903,0.0035903534965653306,0.9297322052029567,1.4036371975196715,-5.617918157412953,0.03137398667849616,-0.020698687131075956,-1.8577337196922743e-05,-0.6116194560256528,-0.9229884567617836,3.7051900947903,-0.020698687131075956,0.013661639144184232,1.1836568820465647e-05,-0.0008026557396723282,-0.001328149417984713,0.0035903534965653306,-1.8577337196922743e-05,1.1836568820465647e-05,1.0297957307560373e-06,right-invariant board-normalized SE(3) log
E2,ihawk1,45.0,between_run,5,4,2.438989005133526,6.437578447910846,20.20654722652502,0.1126896549287183,0.07150324320868108,0.011130807389877418,5.948667367162225,1.36620049478198,-12.80996594916395,0.07976809382548064,-0.07961010610932322,-0.017479013971677015,1.36620049478198,41.44241627300622,-101.38059125308509,0.5336850732312686,-0.3326062728127913,-0.023641957626587617,-12.80996594916395,-101.38059125308509,408.304550817786,-2.2699384692727316,1.4121789896828034,-0.003369757828609083,0.07976809382548064,0.5336850732312686,-2.2699384692727316,0.012698958327953603,-0.007921153265392052,5.7699491040140926e-05,-0.07961010610932322,-0.3326062728127913,1.4121789896828034,-0.007921153265392052,0.005112713789359797,8.448699117648457e-05,-0.017479013971677015,-0.023641957626587617,-0.003369757828609083,5.7699491040140926e-05,8.448699117648457e-05,0.00012389487315054974,right-invariant board-normalized SE(3) log
E2,ihawk1,45.0,cross_pose,25,6,10.218717165200944,11.128103469008016,40.33370022837001,0.22606540461693383,0.15497660219002252,0.009428057990910675,104.42218050237241,54.46594717310377,-263.2706160442436,1.431020653146715,-0.8876896187597987,0.014408118991762949,54.46594717310377,123.83468681694825,-372.8702323208131,2.035013419024657,-1.4944675235741633,0.03301558563412528,-263.2706160442436,-372.8702323208131,1626.8073741120152,-9.096612812259838,6.175235278590492,-0.09003299279246471,1.431020653146715,2.035013419024657,-9.096612812259838,0.051105567164618004,-0.034487635051836746,0.0004400821934946,-0.8876896187597987,-1.4944675235741633,6.175235278590492,-0.034487635051836746,0.024017747226364492,-0.0003745162783019429,0.014408118991762949,0.03301558563412528,-0.09003299279246471,0.0004400821934946,-0.0003745162783019429,8.888827747997462e-05,right-invariant board-normalized SE(3) log
E2,ihawk1,45.0,total_sum,,6,11.781100830550454,15.179909105623567,55.15063146311808,0.3085101492188997,0.20686251511549528,0.01462234407888422,138.7943367795966,98.83933617216293,-443.2106385332754,2.4405209521751523,-1.5789191808947747,-0.0038735507195863956,98.83933617216293,230.42964045499326,-726.6614294635647,3.972335689775597,-2.750062253148738,0.00804547858955295,-443.2106385332754,-726.6614294635647,3041.5921507806697,-16.984469438945524,11.292604363063596,-0.08981239712450846,2.4405209521751523,3.972335689775597,-16.984469438945524,0.09517851217106776,-0.06310747544830475,0.0004792043473378182,-1.5789191808947747,-2.750062253148738,11.292604363063596,-0.06310747544830475,0.04279210015990852,-0.00027819271830499266,-0.0038735507195863956,0.00804547858955295,-0.08981239712450846,0.0004792043473378182,-0.00027819271830499266,0.0002138129463612804,right-invariant board-normalized SE(3) log
E2,ihawk1,50.0,within_pose,75,6,7.739466740119987,11.594084771022104,42.87871296911444,0.23239926091706514,0.15813427031983754,0.0018655470736650183,59.89934542142349,89.68889803982444,-36.99866023763968,1.7968837419542614,-1.222707316996494,-0.0017417503642405663,89.68889803982444,134.42280167764667,-59.22087769721009,2.6934159943319544,-1.8324611941388176,-0.003026150701217641,-36.99866023763968,-59.22087769721009,1838.5840258877029,-1.25049679669141,0.6990702374114494,0.03320631802946195,1.7968837419542614,2.6934159943319544,-1.25049679669141,0.05400941647479812,-0.036740145975857307,-6.518878144899308e-05,-1.222707316996494,-1.8324611941388176,0.6990702374114494,-0.036740145975857307,0.02500644744958745,4.279460752211613e-05,-0.0017417503642405663,-0.003026150701217641,0.03320631802946195,-6.518878144899308e-05,4.279460752211613e-05,3.480265884060113e-06,right-invariant board-normalized SE(3) log
E2,ihawk1,50.0,between_run,5,4,6.124196496822178,5.014041801059843,22.07702114489904,0.09225017236585312,0.06277088247249392,0.01828845446050495,37.50578273168903,20.776263464135244,32.84542254269448,0.43453279620275803,-0.3159436957320554,-0.08541752975364747,20.776263464135244,25.140615182775434,87.29605681393532,0.3032263927202329,-0.20989362340908607,-0.021947206406650266,32.84542254269448,87.29605681393532,487.3948626323192,1.056510962989528,-0.7109350753481416,0.02033075062473793,0.43453279620275803,0.3032263927202329,1.056510962989528,0.008510094301529611,-0.0057482617930848905,-0.0005783906118775384,-0.3159436957320554,-0.20989362340908607,-0.7109350753481416,-0.0057482617930848905,0.003940183686375644,0.0005160142628156243,-0.08541752975364747,-0.021947206406650266,0.02033075062473793,-0.0005783906118775384,0.0005160142628156243,0.0003344675665539634,right-invariant board-normalized SE(3) log
E2,ihawk1,50.0,cross_pose,25,6,11.04386409221247,13.537565544814898,42.00526338116299,0.21965787475252221,0.14991641373997827,0.011645972422846712,121.96693408725997,85.43857011489804,213.47477007780395,1.8701143556022308,-1.2107341838754118,-0.023722660357477512,85.43857011489804,183.2656808801595,296.42381195652604,2.595088625805776,-1.8491190834641054,0.048090718505392184,213.47477007780395,296.42381195652604,1764.4421517208723,4.314115124863845,-3.1793260882115524,-0.05651331385231004,1.8701143556022308,2.595088625805776,4.314115124863845,0.048249581940794734,-0.032635298348637376,0.0006936255114137059,-1.2107341838754118,-1.8491190834641054,-3.1793260882115524,-0.032635298348637376,0.022474931108656344,-0.0004502707964925735,-0.023722660357477512,0.048090718505392184,-0.05651331385231004,0.0006936255114137059,-0.0004502707964925735,0.00013562867367370612,right-invariant board-normalized SE(3) log
E2,ihawk1,50.0,total_sum,,6,14.811214070439076,18.515644675262635,63.956399525308605,0.33281991033759156,0.22676322948092673,0.021761813024463967,219.3720622403725,195.9037316188577,209.32153238285875,4.10153089375925,-2.749385196603961,-0.11088194047536555,195.9037316188577,342.8290977405816,324.49899107325126,5.591731012857963,-3.891473901012009,0.023117361397524277,209.32153238285875,324.49899107325126,4090.4210402408944,4.1201292911619625,-3.1911909261482445,-0.0029762451981101556,4.10153089375925,5.591731012857963,4.1201292911619625,0.11076909271712247,-0.07512370611757957,5.004611808717447e-05,-2.749385196603961,-3.891473901012009,-3.1911909261482445,-0.07512370611757957,0.05142156224461944,0.00010853807384516689,-0.11088194047536555,0.023117361397524277,-0.0029762451981101556,5.004611808717447e-05,0.00010853807384516689,0.0004735765061117296,right-invariant board-normalized SE(3) log
E2,ihawk2,0.0,within_pose,75,6,0.16972935945312473,0.06673710817379888,0.16007242859095747,0.0005254729710753465,0.0009829719086055038,0.0006744834144734296,0.02880805546036802,0.002418854506866646,-0.021897691625656565,9.842538919462736e-07,-8.482497533523457e-05,-1.5228828711658775e-05,0.002418854506866646,0.004453841607401333,-0.0013175922677201002,-4.421524891566384e-06,-3.123596394574848e-06,-1.0017766888256848e-05,-0.021897691625656565,-0.0013175922677201002,0.02562318239500718,-1.607848683905067e-05,5.5398680666525524e-05,2.9283934984946902e-06,9.842538919462736e-07,-4.421524891566384e-06,-1.607848683905067e-05,2.7612184333075194e-07,1.3398308800513103e-07,1.457440571159724e-07,-8.482497533523457e-05,-3.123596394574848e-06,5.5398680666525524e-05,1.3398308800513103e-07,9.662337731075467e-07,2.299971017171278e-07,-1.5228828711658775e-05,-1.0017766888256848e-05,2.9283934984946902e-06,1.457440571159724e-07,2.299971017171278e-07,4.549278763997362e-07,right-invariant board-normalized SE(3) log
E2,ihawk2,0.0,between_run,5,4,1.311040495620347,1.002043292284762,0.2741782804638828,0.0025698190150037366,0.0020250164105170524,0.009675452943585437,1.7188271811564448,-0.9895345390931164,-0.22302092740497534,0.0012406803456004969,0.00017573295298458115,-0.012371419295208777,-0.9895345390931164,1.004090759612885,0.24747387268621257,-0.001439848229789596,-0.0009051527108951788,0.008235462737970434,-0.22302092740497534,0.24747387268621257,0.07517372947813158,-0.0003975968972076263,-0.00021958144110543297,0.001843974658827963,0.0012406803456004969,-0.001439848229789596,-0.0003975968972076263,6.603969769874775e-06,4.753207616893115e-06,-1.3078616273943395e-05,0.00017573295298458115,-0.0009051527108951788,-0.00021958144110543297,4.753207616893115e-06,4.100691462863367e-06,-5.326580939809121e-06,-0.012371419295208777,0.008235462737970434,0.001843974658827963,-1.3078616273943395e-05,-5.326580939809121e-06,9.361438966353609e-05,right-invariant board-normalized SE(3) log
E2,ihawk2,0.0,cross_pose,25,6,9.938725525716285,7.993086630996532,1.8834400277233816,0.008028489729530628,0.011273649943977051,0.003763443277802917,98.77826507552443,-1.580131443487216,-13.7976871861771,0.02809908695477943,0.056013207832964124,0.012314553395019676,-1.580131443487216,63.88943389061549,2.5316054300322106,-0.044746979603705335,0.0011595433603820231,-0.021374900467906847,-13.7976871861771,2.5316054300322106,3.547346338030652,-0.006743076632529468,0.00034277050562356163,-0.00394778785303654,0.02809908695477943,-0.044746979603705335,-0.006743076632529468,6.445664733717878e-05,2.5944691840879976e-05,2.0832460227154234e-05,0.056013207832964124,0.0011595433603820231,0.00034277050562356163,2.5944691840879976e-05,0.00012709518305933378,2.252365578451369e-06,0.012314553395019676,-0.021374900467906847,-0.00394778785303654,2.0832460227154234e-05,2.252365578451369e-06,1.4163505305239962e-05,right-invariant board-normalized SE(3) log
E2,ihawk2,0.0,total_sum,,6,10.026260534822605,8.055928158308996,1.9100113219307866,0.008446107917282628,0.011496177986413777,0.01040350050921207,100.52590031214125,-2.5672471280734657,-14.042605805207732,0.029340751554271873,0.05610411581061347,-7.209472890076091e-05,-2.5672471280734657,64.89797849183577,2.777761710450703,-0.0461912493583865,0.0002512670530922695,-0.01314945549682467,-14.042605805207732,2.777761710450703,3.6481432499037907,-0.007156752016576145,0.00017858774518465418,-0.0021008848007100824,0.029340751554271873,-0.0461912493583865,-0.007156752016576145,7.13367389503843e-05,3.083188254577822e-05,7.89958801032681e-06,0.05610411581061347,0.0002512670530922695,0.00017858774518465418,3.083188254577822e-05,0.0001321621082953047,-2.8442182596406242e-06,-7.209472890076091e-05,-0.01314945549682467,-0.0021008848007100824,7.89958801032681e-06,-2.8442182596406242e-06,0.00010823282284517578,right-invariant board-normalized SE(3) log
E2,ihawk2,5.0,within_pose,75,6,0.19321032632883203,0.07720436228280214,0.18019877102947177,0.0005151986739257545,0.000806475161327653,0.0005347045688232138,0.03733023020009377,0.006833268121374426,-0.0318040020891403,-1.881543860800009e-05,-0.00012201962842596814,-3.3473491758692973e-05,0.006833268121374426,0.005960513555494162,-0.007212922465200905,-1.2681015729687231e-05,-3.33621386330782e-05,-1.573282044200076e-05,-0.0318040020891403,-0.007212922465200905,0.032471597080531996,1.5763547198424032e-05,0.00010036083989077242,4.1917828069393036e-05,-1.881543860800009e-05,-1.2681015729687231e-05,1.5763547198424032e-05,2.6542967361485597e-07,4.9283738591928946e-08,1.4190090395646893e-07,-0.00012201962842596814,-3.33621386330782e-05,0.00010036083989077242,4.9283738591928946e-08,6.50402185838464e-07,9.401730219697572e-08,-3.3473491758692973e-05,-1.573282044200076e-05,4.1917828069393036e-05,1.4190090395646893e-07,9.401730219697572e-08,2.8590897592041897e-07,right-invariant board-normalized SE(3) log
E2,ihawk2,5.0,between_run,5,4,1.991588844333905,2.004863256632744,1.4521586097765835,0.002483801007830968,0.007416273407169117,0.013442054343877572,3.966426124875259,3.1077300668520302,-1.4797874155293644,0.0016953267630241376,-0.008250591460217073,0.012326995454218795,3.1077300668520302,4.0194766777960504,-1.1713820867673423,0.001753386627898218,-0.005602292452459806,0.019111873058061613,-1.4797874155293644,-1.1713820867673423,2.1087646279482595,-0.0027348272425872224,0.010673558198832232,-0.016117209697220393,0.0016953267630241376,0.001753386627898218,-0.0027348272425872224,6.1692674465021315e-06,-1.4328268862558086e-05,2.112103990438243e-05,-0.008250591460217073,-0.005602292452459806,0.010673558198832232,-1.4328268862558086e-05,5.500111124988383e-05,-7.573838271386761e-05,0.012326995454218795,0.019111873058061613,-0.016117209697220393,2.112103990438243e-05,-7.573838271386761e-05,0.0001806888249837579,right-invariant board-normalized SE(3) log
E2,ihawk2,5.0,cross_pose,25,6,10.335680670271007,7.912383114645149,3.5597672997665817,0.01481071097772636,0.016068432977122855,0.007183912296405267,106.82629491781371,-1.3652028473071254,-24.826381577199783,0.045193592859338105,0.08867753348150254,0.036433805498841634,-1.3652028473071254,62.60580655292166,0.7866763922747513,-0.10175615930197997,-0.005248315651418371,-0.022842322955609472,-24.826381577199783,0.7866763922747513,12.67194322848746,-0.021892433202597834,0.012978146164954326,-0.021692609395279422,0.045193592859338105,-0.10175615930197997,-0.021892433202597834,0.00021935715966574408,-1.2361378869460207e-06,7.571258039222597e-05,0.08867753348150254,-0.005248315651418371,0.012978146164954326,-1.2361378869460207e-06,0.00025819453834028923,-3.540401446619426e-05,0.036433805498841634,-0.022842322955609472,-0.021692609395279422,7.571258039222597e-05,-3.540401446619426e-05,5.1608595882442806e-05,right-invariant board-normalized SE(3) log
E2,ihawk2,5.0,total_sum,,6,10.527585253650956,8.162796318926082,3.8487893490702048,0.01502637204337298,0.017715700713661076,0.015250682930351714,110.83005127288907,1.7493604876662792,-26.337972994818287,0.046870104183754244,0.0803049223928595,0.048727327461301734,1.7493604876662792,66.6312437442732,-0.39191861695779195,-0.10001545368981143,-0.010883970242511256,-0.0037461827179898592,-26.337972994818287,-0.39191861695779195,14.813179453516252,-0.024611496897986633,0.023752065203677328,-0.03776790126443042,0.046870104183754244,-0.10001545368981143,-0.024611496897986633,0.00022579185678586107,-1.551512301091218e-05,9.697552120056487e-05,0.0803049223928595,-0.010883970242511256,0.023752065203677328,-1.551512301091218e-05,0.00031384605177601154,-0.0001110483798778649,0.048727327461301734,-0.0037461827179898592,-0.03776790126443042,9.697552120056487e-05,-0.0001110483798778649,0.00023258332984212114,right-invariant board-normalized SE(3) log
E2,ihawk2,10.0,within_pose,75,6,0.14574592751245302,0.06440329302298901,0.1368780386947028,0.00045104317546768095,0.000708864627487494,0.000518949008305542,0.02124187538646521,0.003279336961373753,-0.016572359899251404,1.771860192809066e-05,-7.426007222212658e-05,2.0963967330671228e-05,0.003279336961373753,0.004147784152204985,-0.003139534503955075,1.814523526545651e-06,-7.557446442517972e-06,-8.826941303554935e-06,-0.016572359899251404,-0.003139534503955075,0.018735597476908554,-1.2008592266446372e-05,5.734060186351471e-05,-1.7488009494446793e-05,1.771860192809066e-05,1.814523526545651e-06,-1.2008592266446372e-05,2.034399461359692e-07,-3.457178375753045e-08,7.715676133824215e-08,-7.426007222212658e-05,-7.557446442517972e-06,5.734060186351471e-05,-3.457178375753045e-08,5.024890601029836e-07,-5.340105100093737e-08,2.0963967330671228e-05,-8.826941303554935e-06,-1.7488009494446793e-05,7.715676133824215e-08,-5.340105100093737e-08,2.693080732213055e-07,right-invariant board-normalized SE(3) log
E2,ihawk2,10.0,between_run,5,4,1.5342301267021334,2.2057714102639716,1.1330620941051268,0.002449948538106841,0.0018449575444276895,0.009739428168760604,2.3538620816804445,-1.6766642073026505,-1.4648408462482227,-0.0016686240521897732,0.002244864060349818,-0.009017253993593894,-1.6766642073026505,4.86542751433791,1.369951512796646,0.0030078016542979856,0.0002802785828454484,-0.005500009187630499,-1.4648408462482227,1.369951512796646,1.2838297090978952,5.802336260585101e-05,-0.0014264427074445636,0.006616398178141102,-0.0016686240521897732,0.0030078016542979856,5.802336260585101e-05,6.002247839371849e-06,1.4229562891530324e-07,-7.4228397958971815e-06,0.002244864060349818,0.0002802785828454484,-0.0014264427074445636,1.4229562891530324e-07,3.4038683407406495e-06,-1.719969509531901e-05,-0.009017253993593894,-0.005500009187630499,0.006616398178141102,-7.4228397958971815e-06,-1.719969509531901e-05,9.485646105444752e-05,right-invariant board-normalized SE(3) log
E2,ihawk2,10.0,cross_pose,25,6,9.565558924917159,7.805635870766128,2.0782300697593157,0.014627504471959048,0.014521384567015292,0.0031147183646085073,91.4999175460623,-0.8773262962050126,-13.744458953832188,0.03922683660315736,0.11754803126452013,0.005911783008297621,-0.8773262962050126,60.92795134699089,1.395764309166711,-0.1031166141070743,-0.0208670980925359,-0.016881868453101037,-13.744458953832188,1.395764309166711,4.319040222851811,-0.009728859610435334,-0.01105986192892526,-0.0024613259330240806,0.03922683660315736,-0.1031166141070743,-0.009728859610435334,0.00021396388707718196,8.321011596416755e-05,3.558291781920902e-05,0.11754803126452013,-0.0208670980925359,-0.01105986192892526,8.321011596416755e-05,0.0002108706097431499,9.740303827779713e-06,0.005911783008297621,-0.016881868453101037,-0.0024613259330240806,3.558291781920902e-05,9.740303827779713e-06,9.701470490829494e-06,right-invariant board-normalized SE(3) log
E2,ihawk2,10.0,total_sum,,6,9.688912297215266,8.11156745922026,2.3709925199010256,0.014838112240534163,0.014655270967948478,0.010238517452175307,93.87502150312922,-2.5507111665462894,-15.225872159979662,0.037575931152895675,0.11971863525264782,-0.0030845070179656023,-2.5507111665462894,65.797526645481,2.7625762874594018,-0.10010699792924978,-0.02059437695613297,-0.02239070458203509,-15.225872159979662,2.7625762874594018,5.621605529426615,-0.00968284484009593,-0.01242896403450631,0.004137584235622575,0.037575931152895675,-0.10010699792924978,-0.00968284484009593,0.00022016957486268977,8.331783980932531e-05,2.8237234784650083e-05,0.11971863525264782,-0.02059437695613297,-0.01242896403450631,8.331783980932531e-05,0.00021477696714399352,-7.512792318540233e-06,-0.0030845070179656023,-0.02239070458203509,0.004137584235622575,2.8237234784650083e-05,-7.512792318540233e-06,0.00010482723961849832,right-invariant board-normalized SE(3) log
E2,ihawk2,15.0,within_pose,75,6,0.20985600968142962,0.10676995188270978,0.25163523832349066,0.0005547884139542569,0.0010478252395390763,0.000647342333704626,0.04403954479941228,0.005095032733530702,-0.04497918357769974,1.98049974256161e-05,-0.00016674706629924498,4.043841752200091e-06,0.005095032733530702,0.011399822625036162,-0.010472657458292067,1.122780291820207e-05,-4.3973491889354566e-05,-3.979337687736167e-05,-0.04497918357769974,-0.010472657458292067,0.06332029316611994,-3.515410291191618e-05,0.00020053012032079392,4.1216330720155044e-05,1.98049974256161e-05,1.122780291820207e-05,-3.515410291191618e-05,3.077901842578799e-07,-1.5408063670048663e-07,8.56714234868272e-08,-0.00016674706629924498,-4.3973491889354566e-05,0.00020053012032079392,-1.5408063670048663e-07,1.097937732615123e-06,1.444726142048917e-07,4.043841752200091e-06,-3.979337687736167e-05,4.1216330720155044e-05,8.56714234868272e-08,1.444726142048917e-07,4.190520970061513e-07,right-invariant board-normalized SE(3) log
E2,ihawk2,15.0,between_run,5,4,0.9426608065874591,2.441112991041471,0.43847612824471255,0.0018490284126264206,0.0038171564885557457,0.005613387934071411,0.8886093962761189,-0.34102851458319056,0.28259029628999505,2.2852821387889858e-05,0.0017929909752521218,-0.0025308081125957928,-0.34102851458319056,5.959032635031438,0.2505943889402366,-0.0037861848462876287,0.004652786233951658,-0.00900865397482493,0.28259029628999505,0.2505943889402366,0.1922613150404736,-0.00010653534795219503,0.0014324798842811851,-0.0008464891019306969,2.2852821387889858e-05,-0.0037861848462876287,-0.00010653534795219503,3.4189060706997807e-06,-1.2122380481173521e-06,8.82623155371654e-06,0.0017929909752521218,0.004652786233951658,0.0014324798842811851,-1.2122380481173521e-06,1.457068365812323e-05,-7.642524751738177e-06,-0.0025308081125957928,-0.00900865397482493,-0.0008464891019306969,8.82623155371654e-06,-7.642524751738177e-06,3.151012409837851e-05,right-invariant board-normalized SE(3) log
E2,ihawk2,15.0,cross_pose,25,6,9.33721837435075,7.662456818359365,1.820416713328581,0.015895797362957466,0.01860124965846643,0.003846723936815553,87.18364697031325,0.49483540557535377,-10.470701287613046,0.03299558589443112,0.14086796047459066,0.0025595379625276086,0.49483540557535377,58.71324449322192,1.081130635801058,-0.11298542097609578,0.003522529042140519,-0.02081763550348588,-10.470701287613046,1.081130635801058,3.3139170101660325,-0.007942836945407235,-0.008001016264187921,-0.002461897263408207,0.03299558589443112,-0.11298542097609578,-0.007942836945407235,0.00025267637380420554,4.848454594878967e-05,4.765826767557251e-05,0.14086796047459066,0.003522529042140519,-0.008001016264187921,4.848454594878967e-05,0.0003460064888565975,6.854411774187738e-06,0.0025595379625276086,-0.02081763550348588,-0.002461897263408207,4.765826767557251e-05,6.854411774187738e-06,1.4797285046069745e-05,right-invariant board-normalized SE(3) log
E2,ihawk2,15.0,total_sum,,6,9.387028065974278,8.04261630011518,1.8893116784619275,0.01601259098519547,0.019017757760770217,0.006835675624358897,88.11629591138878,0.1589019237256939,-10.23309017490075,0.033038243713244625,0.14249420438354354,3.277369168401588e-05,0.1589019237256939,64.6836769508784,1.3212523672830025,-0.1167603780194652,0.008131341784202823,-0.029866082855188172,-10.23309017490075,1.3212523672830025,3.569498618372626,-0.008084526396271347,-0.006368006259585942,-0.0032671700346187486,0.033038243713244625,-0.1167603780194652,-0.008084526396271347,0.0002564030700591632,4.711822726397183e-05,5.6570170652775875e-05,0.14249420438354354,0.008131341784202823,-0.006368006259585942,4.711822726397183e-05,0.00036167511024733583,-6.43640363345548e-07,3.277369168401588e-05,-0.029866082855188172,-0.0032671700346187486,5.6570170652775875e-05,-6.43640363345548e-07,4.67264612414544e-05,right-invariant board-normalized SE(3) log
E2,ihawk2,20.0,within_pose,75,6,0.16380092423287962,0.04742720427415341,0.15887686823906197,0.0004574575016893707,0.0005736003248405087,0.0004098705512295987,0.02683074277954557,-0.00024184853517106878,-0.023437656235994173,-8.645189726639656e-06,-6.115869618175863e-05,-1.9069739275754508e-05,-0.00024184853517106878,0.0022493397052622756,0.00020254495830698095,7.46448318210446e-06,-6.209868372980071e-06,-7.29862775931167e-07,-0.023437656235994173,0.00020254495830698095,0.025241859261452258,1.0105020806746992e-05,4.2113793997125435e-05,1.958664426616051e-05,-8.645189726639656e-06,7.46448318210446e-06,1.0105020806746992e-05,2.0926736585188061e-07,-3.980093508696296e-08,8.716280911237806e-08,-6.115869618175863e-05,-6.209868372980071e-06,4.2113793997125435e-05,-3.980093508696296e-08,3.290173326571372e-07,8.410388508419884e-08,-1.9069739275754508e-05,-7.29862775931167e-07,1.958664426616051e-05,8.716280911237806e-08,8.410388508419884e-08,1.679938687652551e-07,right-invariant board-normalized SE(3) log
E2,ihawk2,20.0,between_run,5,4,1.1913223624694218,1.4167346867560386,0.7143451516325925,0.0009904251470548057,0.0023430281874091945,0.0050284973108596495,1.4192489713197245,1.22772399773245,0.3102326383531471,0.0004269260091859527,1.457323345993095e-05,0.000820417454046288,1.22772399773245,2.007137172657731,0.43575936301440926,0.000581463962457219,-0.0009927934925254187,0.00484636455577657,0.3102326383531471,0.43575936301440926,0.5102889956609915,-0.0004424392425238214,0.000799135356221555,0.0025757193670498074,0.0004269260091859527,0.000581463962457219,-0.0004424392425238214,9.809419719185336e-07,-1.4386013464278815e-06,-1.1374270435705456e-06,1.457323345993095e-05,-0.0009927934925254187,0.000799135356221555,-1.4386013464278815e-06,5.489781086994016e-06,-5.018216276426741e-07,0.000820417454046288,0.00484636455577657,0.0025757193670498074,-1.1374270435705456e-06,-5.018216276426741e-07,2.5285785205322724e-05,right-invariant board-normalized SE(3) log
E2,ihawk2,20.0,cross_pose,25,6,9.37612896927182,7.63244650813571,2.0795567598203055,0.015807232001489754,0.015076273934226572,0.002722825558986876,87.91179444841822,-0.5313265908252471,-13.281340126723233,0.03957524744393532,0.11883308124823364,0.007366040799030031,-0.5313265908252471,58.254239699553,2.2441434917079977,-0.10964225746865298,0.009094735018032414,-0.012470851278189848,-13.281340126723233,2.2441434917079977,4.324556317314327,-0.010122710991260293,-0.009261991437195423,-0.0010860858805342008,0.03957524744393532,-0.10964225746865298,-0.010122710991260293,0.0002498685835489218,4.730739681378817e-05,3.3912613874908585e-05,0.11883308124823364,0.009094735018032414,-0.009261991437195423,4.730739681378817e-05,0.0002272940357398396,1.166406337610094e-05,0.007366040799030031,-0.012470851278189848,-0.0010860858805342008,3.3912613874908585e-05,1.166406337610094e-05,7.413779024672195e-06,right-invariant board-normalized SE(3) log
E2,ihawk2,20.0,total_sum,,6,9.452929395828443,7.7629650399777015,2.204560539481003,0.015844834896163867,0.015268033080901114,0.005733023469231586,89.35787416251749,0.6961555583720316,-12.99454514460608,0.03999352826339463,0.11878649578551181,0.008167388513800566,0.6961555583720316,60.26362621191599,2.680105399680714,-0.10905332902301366,0.008095731657134016,-0.0076252165851892085,-12.99454514460608,2.680105399680714,4.860087172236771,-0.010555045212977367,-0.008420742286976743,0.0015092201307817673,0.03999352826339463,-0.10905332902301366,-0.010555045212977367,0.0002510587928866922,4.5828994532273324e-05,3.286234964045042e-05,0.11878649578551181,0.008095731657134016,-0.008420742286976743,4.5828994532273324e-05,0.00023311283415949075,1.1246345633542465e-05,0.008167388513800566,-0.0076252165851892085,0.0015092201307817673,3.286234964045042e-05,1.1246345633542465e-05,3.2867558098760174e-05,right-invariant board-normalized SE(3) log
E2,ihawk2,25.0,within_pose,75,6,0.17887680481935284,0.06896583973141555,0.17417588617824228,0.000527497280537749,0.0007089343075535276,0.0004491971501530933,0.031996911302380845,0.004580230473425866,-0.027251464535193344,1.0324751731864972e-05,-9.586984711865588e-05,-1.7169665396282115e-05,0.004580230473425866,0.004756287049859296,-0.0052577519065568675,1.3605922148527747e-05,-5.454164755212185e-06,-1.0798583806437249e-05,-0.027251464535193344,-0.0052577519065568675,0.030337239325976015,-1.104484117169877e-05,7.144838453097536e-05,1.7234237051103466e-05,1.0324751731864972e-05,1.3605922148527747e-05,-1.104484117169877e-05,2.782533809747207e-07,3.778337416409475e-08,4.7317828199222684e-08,-9.586984711865588e-05,-5.454164755212185e-06,7.144838453097536e-05,3.778337416409475e-08,5.025878524263996e-07,5.2376915941068456e-08,-1.7169665396282115e-05,-1.0798583806437249e-05,1.7234237051103466e-05,4.7317828199222684e-08,5.2376915941068456e-08,2.0177807970566062e-07,right-invariant board-normalized SE(3) log
E2,ihawk2,25.0,between_run,5,4,1.4130590078918086,1.8228367382093278,0.9591427573228549,0.0018021586641613358,0.002629181683884982,0.0034394113933680502,1.9967357597841826,0.47610543090562396,0.8064533095879668,0.0015163754481284219,-0.00026971232213537276,0.0017381345313755654,0.47610543090562396,3.3227337741656213,0.5347266517429076,0.0016014424022965542,0.0037223317092795047,-0.0017809382894818802,0.8064533095879668,0.5347266517429076,0.919954828924889,0.0013111824020693458,-0.0007965604889594805,0.0021487548987730396,0.0015163754481284219,0.0016014424022965542,0.0013111824020693458,3.2477758508117705e-06,6.809910733360897e-07,2.0310534590981995e-07,-0.00026971232213537276,0.0037223317092795047,-0.0007965604889594805,6.809910733360897e-07,6.91259632687627e-06,-7.124001243856706e-06,0.0017381345313755654,-0.0017809382894818802,0.0021487548987730396,2.0310534590981995e-07,-7.124001243856706e-06,1.1829550732829954e-05,right-invariant board-normalized SE(3) log
E2,ihawk2,25.0,cross_pose,25,6,9.42420463592642,7.458538627880713,2.4127679580593835,0.018152798742959587,0.01626335162095018,0.0031619350522136946,88.81563301981704,-2.8858247414034457,-18.615590259232114,0.03368354341832136,0.13593852085402724,0.004508628692630201,-2.8858247414034457,55.6297984635887,2.078553767842192,-0.11958522669771322,0.011412930601926465,-0.014584983069745372,-18.615590259232114,2.078553767842192,5.821449219438048,-0.009457289165340485,-0.025531329341157913,-0.0014510129222771876,0.03368354341832136,-0.11958522669771322,-0.009457289165340485,0.0003295241022023952,7.71853916914495e-06,4.767128864077459e-05,0.13593852085402724,0.011412930601926465,-0.025531329341157913,7.71853916914495e-06,0.0002644966059466628,8.026785790946314e-07,0.004508628692630201,-0.014584983069745372,-0.0014510129222771876,4.767128864077459e-05,8.026785790946314e-07,9.997833274417619e-06,right-invariant board-normalized SE(3) log
E2,ihawk2,25.0,total_sum,,6,9.531231069012208,7.678364964287916,2.602256960349787,0.018249661132036993,0.016489748031002945,0.004693523419239882,90.8443656909036,-2.4051390800243957,-17.83638841417934,0.03521024361818165,0.13557293868477321,0.0062295935586094845,-2.4051390800243957,58.95728852480418,2.6080226676785427,-0.11797017837326815,0.015129808146450758,-0.01637671994303369,-17.83638841417934,2.6080226676785427,6.771741287688912,-0.008157151604442837,-0.026256441445586417,0.0007149762135469557,0.03521024361818165,-0.11797017837326815,-0.008157151604442837,0.00033305013143418167,8.437313616645134e-06,4.792171181488363e-05,0.13557293868477321,0.015129808146450758,-0.026256441445586417,8.437313616645134e-06,0.0002719117901259655,-6.268945748821006e-06,0.0062295935586094845,-0.01637671994303369,0.0007149762135469557,4.792171181488363e-05,-6.268945748821006e-06,2.2029162086953233e-05,right-invariant board-normalized SE(3) log
E2,ihawk2,30.0,within_pose,75,6,2.8341862990420994,0.18148777767581348,2.191520952471982,0.002143274293396137,0.0037160901615972057,0.0032819104400872196,8.032611977677952,-0.4897608991069196,-6.208073359063443,-0.005886884063919197,-0.010431551770825468,-0.009211571004662363,-0.4897608991069196,0.0329378134457055,0.37810192874476617,0.0003746206979818119,0.0006335898717962138,0.0005676821703459179,-6.208073359063443,0.37810192874476617,4.8027640851237035,0.004538996218446804,0.00804658361013645,0.007115662485213159,-0.005886884063919197,0.0003746206979818119,0.004538996218446804,4.59362469673271e-06,7.746977194251026e-06,6.841803653870638e-06,-0.010431551770825468,0.0006335898717962138,0.00804658361013645,7.746977194251026e-06,1.3809326089119548e-05,1.1991172380587912e-05,-0.009211571004662363,0.0005676821703459179,0.007115662485213159,6.841803653870638e-06,1.1991172380587912e-05,1.0770936136753489e-05,right-invariant board-normalized SE(3) log
E2,ihawk2,30.0,between_run,5,4,2.0520226835597164,1.5144058674258576,1.2526974561746165,0.0023853148028048334,0.0021853026771229203,0.004165593796819594,4.21079709384362,-2.277305225120572,-1.5927610147895381,-0.0006368268228814916,-0.003985666761361654,0.002730667948464956,-2.277305225120572,2.293425131293864,1.7143954575173328,0.0015288399758181894,0.0014824251635191103,-0.0014516758043915223,-1.5927610147895381,1.7143954575173328,1.569250916706355,0.0008232584235172044,0.0007444717345848487,0.0010462663319481408,-0.0006368268228814916,0.0015288399758181894,0.0008232584235172044,5.689726708479861e-06,-1.0883947477360046e-06,-1.6771181413513752e-06,-0.003985666761361654,0.0014824251635191103,0.0007444717345848487,-1.0883947477360046e-06,4.775547790640603e-06,-4.684630246924112e-06,0.002730667948464956,-0.0014516758043915223,0.0010462663319481408,-1.6771181413513752e-06,-4.684630246924112e-06,1.7352171680101883e-05,right-invariant board-normalized SE(3) log
E2,ihawk2,30.0,cross_pose,25,6,10.372991813236565,7.607502376766782,3.1794654152070803,0.015823259711985012,0.013981006511967679,0.004945415596426359,107.59895915747282,-9.997133117833753,-26.990480094041775,0.04784986267597459,0.10763741890197864,-0.012844716782716314,-9.997133117833753,57.87409241251224,7.55482936587103,-0.10484971277324379,0.031068134463840106,-0.008966302429315154,-26.990480094041775,7.55482936587103,10.109000326497933,-0.01804491864416074,-0.016513111991487868,0.007245570275014197,0.04784986267597459,-0.10484971277324379,-0.01804491864416074,0.00025037554791292803,-3.1213665583006276e-06,3.781507303956291e-05,0.10763741890197864,0.031068134463840106,-0.016513111991487868,-3.1213665583006276e-06,0.00019546854308768265,2.2663312114896562e-06,-0.012844716782716314,-0.008966302429315154,0.007245570275014197,3.781507303956291e-05,2.2663312114896562e-06,2.445713542137708e-05,right-invariant board-normalized SE(3) log
E2,ihawk2,30.0,total_sum,,6,10.947253912694013,7.758895240770545,4.0596816782018745,0.016144934168900803,0.014630564478769875,0.007251223568352617,119.84236822899439,-12.764199242061245,-34.79131446789476,0.0413261517891739,0.09322020036979152,-0.019325619838913722,-12.764199242061245,60.20045535725181,9.647326752133129,-0.10294625209944379,0.03318414949915543,-0.009850296063360757,-34.79131446789476,9.647326752133129,16.48101532832799,-0.01268266400219673,-0.007722056646766569,0.015407499092175496,0.0413261517891739,-0.10294625209944379,-0.01268266400219673,0.0002606588993181406,3.537215888214393e-06,4.297975855208217e-05,0.09322020036979152,0.03318414949915543,-0.007722056646766569,3.537215888214393e-06,0.0002140534169674428,9.572873345153457e-06,-0.019325619838913722,-0.009850296063360757,0.015407499092175496,4.297975855208217e-05,9.572873345153457e-06,5.2580243238232454e-05,right-invariant board-normalized SE(3) log
E2,ihawk2,35.0,within_pose,75,6,0.13545272713059492,0.05431872942809288,0.12499024896448375,0.0005382211428452295,0.0006161685418672043,0.0004814374087317688,0.018347441287115403,0.00044064421628966165,-0.013514418734673232,-9.232520592037197e-06,-4.9563440616734226e-05,-7.565754223032035e-06,0.00044064421628966165,0.002950524366682363,6.2544511020853e-05,6.403884585209161e-06,4.910680117816464e-07,-3.0983878954202542e-06,-0.013514418734673232,6.2544511020853e-05,0.015622562336203634,7.747177957597445e-06,2.99855474399678e-05,5.033187278278246e-06,-9.232520592037197e-06,6.403884585209161e-06,7.747177957597445e-06,2.8968199860562494e-07,-3.4093669641764853e-08,1.1872218488448769e-07,-4.9563440616734226e-05,4.910680117816464e-07,2.99855474399678e-05,-3.4093669641764853e-08,3.796636719867566e-07,-6.115072568278956e-09,-7.565754223032035e-06,-3.0983878954202542e-06,5.033187278278246e-06,1.1872218488448769e-07,-6.115072568278956e-09,2.317819785263602e-07,right-invariant board-normalized SE(3) log
E2,ihawk2,35.0,between_run,5,4,2.3963140625114296,2.323146292776349,0.7426809100253685,0.002391031057512378,0.003891729682087461,0.011131811781075016,5.742321086190032,3.3453538308969955,-0.023001473219787048,0.0031221265961699474,-0.007330198515600782,-0.00722649865545962,3.3453538308969955,5.397008697640493,-0.8772745359665072,0.0016568540639051276,-0.004523141633196696,-0.02059503323528841,-0.023001473219787048,-0.8772745359665072,0.5515749341161096,-0.0006681661391719427,0.0002490286502427316,0.002711128595559884,0.0031221265961699474,0.0016568540639051276,-0.0006681661391719427,5.717029517988762e-06,-4.758222476590662e-07,-9.10788155571526e-06,-0.007330198515600782,-0.004523141633196696,0.0002490286502427316,-4.758222476590662e-07,1.5145559918440571e-05,-3.5103025917549895e-06,-0.00722649865545962,-0.02059503323528841,0.002711128595559884,-9.10788155571526e-06,-3.5103025917549895e-06,0.0001239172335292805,right-invariant board-normalized SE(3) log
E2,ihawk2,35.0,cross_pose,25,6,8.808883706406963,7.29708394260206,2.075436009355282,0.018878624076390092,0.018147950835166887,0.0037997892459604543,77.59643215300207,-2.522120705830689,-14.06297907758125,0.04855560922035436,0.1374518413078743,0.003176430635271274,-2.522120705830689,53.24743406538082,1.080232630829359,-0.12210182469967769,0.021778302502360125,-0.022719307532216314,-14.06297907758125,1.080232630829359,4.307434628928579,-0.013433824106694548,-0.019344926238290965,-0.001608746479880953,0.04855560922035436,-0.12210182469967769,-0.013433824106694548,0.00035640244701765566,-2.402368224993529e-06,6.196212470537394e-05,0.1374518413078743,0.021778302502360125,-0.019344926238290965,-2.402368224993529e-06,0.0003293481195156345,-1.0774758755255393e-05,0.003176430635271274,-0.022719307532216314,-0.001608746479880953,6.196212470537394e-05,-1.0774758755255393e-05,1.443839831371672e-05,right-invariant board-normalized SE(3) log
E2,ihawk2,35.0,total_sum,,6,9.130010990162017,7.658158609443134,2.2078569078137495,0.019037047001419366,0.018570765819051777,0.011772315567530611,83.35710068047922,0.8236737692825962,-14.09949496953571,0.05166850329593227,0.1300720793516568,-0.0040576337744113785,0.8236737692825962,58.647393287388,0.2030206393738727,-0.12043856675118735,0.01725565193717521,-0.04331743915540014,-14.09949496953571,0.2030206393738727,4.874632125380892,-0.014094243067908893,-0.019065912040608264,0.0011074153029572093,0.05166850329593227,-0.12043856675118735,-0.014094243067908893,0.00036240915853425,-2.91228414229436e-06,5.297296533454317e-05,0.1300720793516568,0.01725565193717521,-0.019065912040608264,-2.91228414229436e-06,0.00034487334310606183,-1.4291176419578662e-05,-0.0040576337744113785,-0.04331743915540014,0.0011074153029572093,5.297296533454317e-05,-1.4291176419578662e-05,0.0001385874138215236,right-invariant board-normalized SE(3) log
E2,ihawk2,40.0,within_pose,75,6,0.15127923064776783,0.05365929621818579,0.13292710246008066,0.0003975017889091629,0.0006454242902676662,0.0004971940347287728,0.02288540562538054,0.0011927239954221398,-0.017293340654798324,5.094098902490729e-06,-4.871020194868254e-05,7.134829287106079e-06,0.0011927239954221398,0.002879320070631008,-0.0012462299995031276,8.160385706836175e-06,5.828445654907562e-06,-1.143131958132389e-05,-0.017293340654798324,-0.0012462299995031276,0.017669614568432784,-1.3215676014551418e-05,4.006368404006266e-05,-9.919464635332919e-06,5.094098902490729e-06,8.160385706836175e-06,-1.3215676014551418e-05,1.580076721859847e-07,3.409685283366235e-08,3.5330133862621145e-08,-4.871020194868254e-05,5.828445654907562e-06,4.006368404006266e-05,3.409685283366235e-08,4.165725144675205e-07,-9.234751976530924e-08,7.134829287106079e-06,-1.143131958132389e-05,-9.919464635332919e-06,3.5330133862621145e-08,-9.234751976530924e-08,2.472019081698761e-07,right-invariant board-normalized SE(3) log
E2,ihawk2,40.0,between_run,5,4,3.213340216241863,2.1551633144779143,1.630262455436702,0.00329201867433617,0.004376670212401765,0.010282959252047138,10.325555345317303,4.60227476960184,-2.145917075347341,-0.0022570801436674415,-0.010144667821715142,-0.02189167669876301,4.60227476960184,4.64472891207143,-1.665804686240994,-0.001233355649737616,-0.00927306072392423,-0.013550912210387374,-2.145917075347341,-1.665804686240994,2.6577556736065047,0.00394415532161342,0.002706726310823248,0.002924962487743839,-0.0022570801436674415,-0.001233355649737616,0.00394415532161342,1.0837386952178073e-05,4.038796604425318e-07,1.5740206404809404e-05,-0.010144667821715142,-0.00927306072392423,0.002706726310823248,4.038796604425318e-07,1.9155242148124904e-05,2.591318250962342e-05,-0.02189167669876301,-0.013550912210387374,0.002924962487743839,1.5740206404809404e-05,2.591318250962342e-05,0.00010573925097926183,right-invariant board-normalized SE(3) log
E2,ihawk2,40.0,cross_pose,25,6,8.619705997412971,7.806459014341986,3.489227118139839,0.016561672843454295,0.01966721296989604,0.006450074153037247,74.29933148183716,-8.775178407961523,-18.453920123335088,0.04509757478436871,0.11271034425193613,0.00875012833335613,-8.775178407961523,60.94080234260125,10.408394172414283,-0.08804462754433282,0.033144818456607654,-0.0042670482667556,-18.453920123335088,10.408394172414283,12.174705881962446,-0.00990566979536115,0.00975873905907071,0.009394173211926163,0.04509757478436871,-0.08804462754433282,-0.00990566979536115,0.00027428900737361153,6.474190083275509e-05,7.108970520462909e-05,0.11271034425193613,0.033144818456607654,0.00975873905907071,6.474190083275509e-05,0.000386799266003247,7.396557018910841e-05,0.00875012833335613,-0.0042670482667556,0.009394173211926163,7.108970520462909e-05,7.396557018910841e-05,4.160345657967916e-05,right-invariant board-normalized SE(3) log
E2,ihawk2,40.0,total_sum,,6,9.200422394258855,8.098667209778613,3.853586792864199,0.016890364176002114,0.020158647788625094,0.012148658751776299,84.64777223277984,-4.171710914364261,-20.61713053933723,0.04284558873960376,0.1025169662282723,-0.013134413536119775,-4.171710914364261,65.5884105747433,8.741343256173787,-0.0892698228083636,0.023877586178338333,-0.017829391796724298,-20.61713053933723,8.741343256173787,14.850131170137383,-0.005974730149762282,0.012505529053934022,0.012309216235034668,0.04284558873960376,-0.0892698228083636,-0.005974730149762282,0.0002852844019979756,6.517987734603128e-05,8.686524174330112e-05,0.1025169662282723,0.023877586178338333,0.012505529053934022,6.517987734603128e-05,0.00040637108066583945,9.978640517896652e-05,-0.013134413536119775,-0.017829391796724298,0.012309216235034668,8.686524174330112e-05,9.978640517896652e-05,0.00014758990946711086,right-invariant board-normalized SE(3) log
E2,ihawk2,45.0,within_pose,75,6,0.14864354249197745,0.04014675535478687,0.11935121565991555,0.00046129438497549284,0.0005694242450805004,0.0003158900716556791,0.022094902724564307,0.002207980981929038,-0.015481363626649728,1.8713924192904219e-06,-6.765738223153286e-05,-2.8737341981878582e-06,0.002207980981929038,0.0016117619655171083,-0.0015285290307963672,7.121449929273388e-06,-5.2817891183193235e-06,-5.4131103871210325e-08,-0.015481363626649728,-0.0015285290307963672,0.014244712679499671,-2.370697855604123e-06,3.7386364599996974e-05,-2.45319082369668e-06,1.8713924192904219e-06,7.121449929273388e-06,-2.370697855604123e-06,2.127925096099182e-07,7.258972264153145e-08,6.100264610585755e-08,-6.765738223153286e-05,-5.2817891183193235e-06,3.7386364599996974e-05,7.258972264153145e-08,3.2424397088549777e-07,4.3347004360973055e-08,-2.8737341981878582e-06,-5.4131103871210325e-08,-2.45319082369668e-06,6.100264610585755e-08,4.3347004360973055e-08,9.978653737063009e-08,right-invariant board-normalized SE(3) log
E2,ihawk2,45.0,between_run,5,4,2.8882881076310314,2.776598745245677,2.172661097430629,0.0033806032823230684,0.005092612346556109,0.016507358076230716,8.342208192682845,-4.763452907540749,-2.751005963952543,0.009457103423442206,-0.007757578558818239,0.023252207082606474,-4.763452907540749,7.709500592099867,5.513510854510449,-0.00450769120843467,0.004415411686979826,-0.03294588129186266,-2.751005963952543,5.513510854510449,4.720456244288466,-0.0021295272505336034,-0.0010341009759523181,-0.02354730640030992,0.009457103423442206,-0.00450769120843467,-0.0021295272505336034,1.1428478552453503e-05,-1.063942704734379e-05,3.020083836528999e-05,-0.007757578558818239,0.004415411686979826,-0.0010341009759523181,-1.063942704734379e-05,2.5934700512295722e-05,-2.6512844921581664e-05,0.023252207082606474,-0.03294588129186266,-0.02354730640030992,3.020083836528999e-05,-2.6512844921581664e-05,0.0002724928706568995,right-invariant board-normalized SE(3) log
E2,ihawk2,45.0,cross_pose,25,6,11.777735245548664,7.730817322155058,5.207122758535645,0.016701964940672248,0.017546840213342366,0.006272006108125626,138.71504751423925,23.90531730929961,-52.48593944122152,0.06004840915471457,0.09091179132743972,0.05571517054013154,23.90531730929961,59.76553646853271,-14.888906196343147,-0.09176850714179281,-0.01768839291574031,-0.0014478620726100034,-52.48593944122152,-14.888906196343147,27.114127422459863,-0.022613601945186322,0.002459244736757661,-0.027968037065019304,0.06004840915471457,-0.09176850714179281,-0.022613601945186322,0.0002789556328794449,3.480074740545708e-05,6.276890319781285e-05,0.09091179132743972,-0.01768839291574031,0.002459244736757661,3.480074740545708e-05,0.0003078916014725687,-9.416290511914488e-06,0.05571517054013154,-0.0014478620726100034,-0.027968037065019304,6.276890319781285e-05,-9.416290511914488e-06,3.9338060620365154e-05,right-invariant board-normalized SE(3) log
E2,ihawk2,45.0,total_sum,,6,12.127627575484278,8.214417132249743,5.6434766216781505,0.01704690306013114,0.018279785172582032,0.017661560458086235,147.07935060964667,19.144072382740788,-55.25242676880071,0.06950738397057607,0.08308655538638995,0.07896450388853982,19.144072382740788,67.4766488225981,-9.376923870863493,-0.0962690769002982,-0.013278263017878805,-0.034393797495576535,-55.25242676880071,-9.376923870863493,31.84882837942783,-0.02474549989357553,0.00146253012540534,-0.05151779665615292,0.06950738397057607,-0.0962690769002982,-0.02474549989357553,0.00029059690394150835,2.4233910080754826e-05,9.30307442092087e-05,0.08308655538638995,-0.013278263017878805,0.00146253012540534,2.4233910080754826e-05,0.0003341505459557499,-3.5885788429135184e-05,0.07896450388853982,-0.034393797495576535,-0.05151779665615292,9.30307442092087e-05,-3.5885788429135184e-05,0.0003119307178146353,right-invariant board-normalized SE(3) log
E2,ihawk2,50.0,within_pose,75,6,0.2054718286729867,0.05422634815499667,0.15636537116584362,0.00030915353684043463,0.0007098796059051813,0.00048398806544017186,0.042218672378221196,0.0005066645285390195,-0.02947620347188516,5.131118450872621e-06,-0.00012226193357223333,-2.3919438042210875e-05,0.0005066645285390195,0.0029404968342269105,-0.0014357493896952885,5.350978919352989e-06,-4.6753906479382483e-07,-5.006043952423849e-06,-0.02947620347188516,-0.0014357493896952885,0.024450129299832035,-3.6566999144940264e-06,8.009904634982997e-05,1.7217768653397847e-05,5.131118450872621e-06,5.350978919352989e-06,-3.6566999144940264e-06,9.557590934094996e-08,-4.716511030996857e-08,2.6962343664360227e-08,-0.00012226193357223333,-4.6753906479382483e-07,8.009904634982997e-05,-4.716511030996857e-08,5.039290548800956e-07,1.244523329652308e-07,-2.3919438042210875e-05,-5.006043952423849e-06,1.7217768653397847e-05,2.6962343664360227e-08,1.244523329652308e-07,2.342444474885201e-07,right-invariant board-normalized SE(3) log
E2,ihawk2,50.0,between_run,5,4,2.4465836137586336,2.6752942688656556,0.7611670296771846,0.002736163045253444,0.00643734738415816,0.0186602789036738,5.985771379112255,4.729022423004816,0.8312703314837233,0.003442153154978695,-0.0037246741727704575,-0.027180765918124374,4.729022423004816,7.157199425025423,1.0686163677922464,0.004633501411550785,-0.004926480017152805,-0.005708486252958066,0.8312703314837233,1.0686163677922464,0.579375247067588,0.00012239155046120208,-0.004713016975905059,-0.0073482463648267314,0.003442153154978695,0.004633501411550785,0.00012239155046120208,7.486588210210599e-06,1.5311600381776573e-06,1.7903772893160342e-05,-0.0037246741727704575,-0.004926480017152805,-0.004713016975905059,1.5311600381776573e-06,4.14394413443279e-05,5.619400005585193e-05,-0.027180765918124374,-0.005708486252958066,-0.0073482463648267314,1.7903772893160342e-05,5.619400005585193e-05,0.00034820600876289356,right-invariant board-normalized SE(3) log
E2,ihawk2,50.0,cross_pose,25,6,8.792017272629659,7.021151494140309,2.0579724158094077,0.018831789772862862,0.018073207366000304,0.004232386913588252,77.29956772221827,-0.8745614286227844,-14.021040305816806,0.04501312074761963,0.14643023301384128,0.017986040971535482,-0.8745614286227844,49.29656830366869,0.39257863895152123,-0.11560243634328655,0.017458358559304072,-0.015286919176240303,-14.021040305816806,0.39257863895152123,4.23525046423241,-0.011936802384145087,-0.025404995359798697,-0.0038390469110918335,0.04501312074761963,-0.11560243634328655,-0.011936802384145087,0.00035463630604930225,7.863455751786749e-06,6.20010509999638e-05,0.14643023301384128,0.017458358559304072,-0.025404995359798697,7.863455751786749e-06,0.00032664082449444765,1.9787336258412355e-05,0.017986040971535482,-0.015286919176240303,-0.0038390469110918335,6.20010509999638e-05,1.9787336258412355e-05,1.791309898631309e-05,right-invariant board-normalized SE(3) log
E2,ihawk2,50.0,total_sum,,6,9.12839294584259,7.51376791134304,2.1997899537455456,0.019032037993048822,0.019198546687019195,0.019140359249415755,83.32755777370875,3.854967658910571,-13.219246177804967,0.048460405021049195,0.1425832969074986,-0.009218644384631103,3.854967658910571,56.456708225528345,1.4597592573540723,-0.11096358395281641,0.012531411003086473,-0.021000411473150793,-13.219246177804967,1.4597592573540723,4.83907584059983,-0.011818067533598379,-0.030037913289353926,-0.011170075507265167,0.048460405021049195,-0.11096358395281641,-0.011818067533598379,0.0003622184701688538,9.347450679654437e-06,7.99317862367885e-05,0.1425832969074986,0.012531411003086473,-0.030037913289353926,9.347450679654437e-06,0.00036858419489365566,7.610578864722952e-05,-0.009218644384631103,-0.021000411473150793,-0.011170075507265167,7.99317862367885e-05,7.610578864722952e-05,0.0003663533521966952,right-invariant board-normalized SE(3) log
