run_id,camera_id,model,height_gt_mm,xy_mean_mm,xy_rmse_mm,xy_median_mm,xy_p95_mm,xy_max_mm,z_mae_mm,z_rmse_mm,error3d_rmse_mm
20260808_131913,ihawk1,Affine,0.0,11.149673673665763,11.452816172965198,10.876515458650209,14.972229556639306,15.837920052950912,,,
20260808_131913,ihawk1,Affine,5.0,11.836043619626265,12.106357542158769,12.121754542339414,14.437802248833856,14.653161119570578,,,
20260808_131913,ihawk1,Affine,10.0,14.201825615648607,16.573485059004792,19.36829534222731,22.07445464405262,22.169853020367956,,,
20260808_131913,ihawk1,Affine,15.0,19.041137363324577,22.013277358462634,25.586164551219795,29.00910227385541,29.125912002035363,,,
20260808_131913,ihawk1,Affine,20.0,25.587613047545023,27.90832779757933,31.734665639055898,35.64867211819403,35.72522788758127,,,
20260808_131913,ihawk1,Affine,25.0,32.20972318816824,34.088664687889874,39.75667064883368,41.64555884407027,41.83199790081552,,,
20260808_131913,ihawk1,Affine,30.0,39.74423096667867,41.32215487048855,46.18642291491003,49.672767311550125,49.97368542941973,,,
20260808_131913,ihawk1,Affine,35.0,44.159407957666,45.5534615392151,51.06060389932966,53.86215779651176,54.29881592703743,,,
20260808_131913,ihawk1,Affine,40.0,51.14609105576169,52.3894482938333,58.647819874268215,60.71577071230842,61.22519407072047,,,
20260808_131913,ihawk1,Affine,45.0,57.96319053119074,59.15852660547479,65.18551036407928,67.38310033810995,67.5569946558315,,,
20260808_131913,ihawk1,Affine,50.0,64.92852483822185,65.98026917921139,72.44079422273556,74.16097957288623,74.44671709996109,,,
20260808_131913,ihawk1,Homography,0.0,0.11020849838795102,0.11799062889959727,0.10082881323665395,0.17386211036501556,0.19211492296229551,,,
20260808_131913,ihawk1,Homography,5.0,4.439157861990752,4.631145114738194,4.06180844356666,6.181206020056837,6.357506962808276,,,
20260808_131913,ihawk1,Homography,10.0,12.955383329339687,13.229807969771826,12.38093140558121,16.354378398135864,16.646280262229983,,,
20260808_131913,ihawk1,Homography,15.0,20.74382879942091,21.245749440972848,19.609904066571676,26.615060732168597,27.056895683835183,,,
20260808_131913,ihawk1,Homography,20.0,28.325355754167028,28.929948904743043,27.405136866995022,35.77472883841205,36.35971501648459,,,
20260808_131913,ihawk1,Homography,25.0,36.0975502022027,36.76737752923917,34.35718009964786,45.170950854142795,46.10563271799492,,,
20260808_131913,ihawk1,Homography,30.0,44.930946503345595,45.630073018597436,43.68508022742196,55.396435361488265,56.86544166361867,,,
20260808_131913,ihawk1,Homography,35.0,50.40274911902361,51.3469469941547,48.64870602753541,63.01234464046924,64.20971644750009,,,
20260808_131913,ihawk1,Homography,40.0,58.890305402890704,60.009290632907096,56.7412501438673,73.51144854481211,74.78199969256663,,,
20260808_131913,ihawk1,Homography,45.0,67.43720760836172,68.73127689576154,64.64283007003486,83.68936481505627,84.57503097717793,,,
20260808_131913,ihawk1,Homography,50.0,76.5955358581533,78.05006521317743,73.66707035803351,95.83796168619907,97.73188737847398,,,
20260808_131913,ihawk1,PnP,0.0,6.800073177094991,8.340325381247458,3.646805148111246,14.146819943419475,15.53870767797573,4.403369902320234,5.059083832485574,9.75476071921795
20260808_131913,ihawk1,PnP,5.0,5.501930144450907,6.605960257487178,3.7030479655298385,10.37471306268242,10.752228772414457,5.448938530089005,5.641978030804232,8.687383209205038
20260808_131913,ihawk1,PnP,10.0,6.894241165751977,8.520431250456756,5.104299416312685,14.406069552914088,15.967552987268386,5.097749805859832,5.755167592052556,10.282008690249784
20260808_131913,ihawk1,PnP,15.0,6.400888943543764,7.741190093271269,4.812660304956761,12.962926616214517,14.534901036885424,5.065693002592947,5.431553076586224,9.456626929510042
20260808_131913,ihawk1,PnP,20.0,7.8628315280850645,8.99704430420057,8.23055539548993,13.655637192960661,14.643624858176329,4.902648009707194,5.587144028357932,10.590702743697587
20260808_131913,ihawk1,PnP,25.0,7.481536655272518,9.079101328998155,6.6367984369168616,15.088365877702556,17.074791056312254,3.4450773911999213,4.36341070669166,10.07320375736972
20260808_131913,ihawk1,PnP,30.0,8.747754182908128,9.997054236977622,7.382699961497989,15.427512974342324,16.31893845592104,5.6892646625846925,6.146971701662125,11.735687219677729
20260808_131913,ihawk1,PnP,35.0,5.588664729075122,6.837956267667982,5.03423665394013,11.126224744557947,12.528699663219255,5.406676539809681,5.93395669482185,9.05370023661933
20260808_131913,ihawk1,PnP,40.0,8.757301299521968,10.858039439825275,3.976464866645569,18.222340983135105,19.60475855261275,5.678857113923819,6.640797633295664,12.727812604025345
20260808_131913,ihawk1,PnP,45.0,5.935011598580273,7.892178577183061,3.969099137961259,13.816885501879419,15.918437073518334,6.4011187040897095,7.061314960973999,10.59002604681511
20260808_131913,ihawk1,PnP,50.0,5.187724368904318,6.603113503196269,3.2417172062257555,11.473732026726854,13.18261894910718,5.9014915983325835,6.32119233076023,9.14103825714316
20260808_131913,ihawk2,Affine,0.0,12.318431900734883,12.721165267214712,12.147687105257976,15.583855966057115,15.71626955136407,,,
20260808_131913,ihawk2,Affine,5.0,13.336151701329726,13.507193366714496,13.345664694585711,16.339306388848026,16.893983886358203,,,
20260808_131913,ihawk2,Affine,10.0,17.813288385259206,17.950383356344446,17.522077400060674,20.652649089165138,21.120437659639695,,,
20260808_131913,ihawk2,Affine,15.0,21.286209318331995,21.434241234002243,22.818526534560373,23.337575910949507,23.376253077698255,,,
20260808_131913,ihawk2,Affine,20.0,27.253321428217923,27.46024181237039,28.575494263714646,30.188963794535354,30.223959352600083,,,
20260808_131913,ihawk2,Affine,25.0,32.22872987302983,32.42088799714444,32.62683738464079,35.4411031401582,35.5413923342348,,,
20260808_131913,ihawk2,Affine,30.0,36.904338915358515,37.07457768484196,38.953607324187196,40.401398307726616,40.656958292488234,,,
20260808_131913,ihawk2,Affine,35.0,39.601353809967485,39.76520062415664,41.66354732324659,43.09120405597825,43.36478483737012,,,
20260808_131913,ihawk2,Affine,40.0,42.695285978864696,42.86807083530794,45.063919042670996,46.234181186901395,46.38684020993441,,,
20260808_131913,ihawk2,Affine,45.0,47.87024976571358,48.064211667255854,49.8663870464661,51.935376478685974,52.0159817894226,,,
20260808_131913,ihawk2,Affine,50.0,55.6609733173828,55.86706600119928,57.606802238506354,60.21198519659858,60.330162233307504,,,
20260808_131913,ihawk2,Homography,0.0,0.04922103250164021,0.060358638711521626,0.061395012782230494,0.09405717774090624,0.10219959736924404,,,
20260808_131913,ihawk2,Homography,5.0,4.845453643641802,4.94988127085736,4.263962169493289,6.0786868054384,6.087705027806679,,,
20260808_131913,ihawk2,Homography,10.0,13.29075222154545,13.481603500343585,12.493219868238555,16.179023755079676,16.438561164504545,,,
20260808_131913,ihawk2,Homography,15.0,18.448593564479037,18.76168580131337,17.28019665579381,22.93245874294735,23.458242936967224,,,
20260808_131913,ihawk2,Homography,20.0,26.19060447526549,26.52488664685547,24.878964001610825,31.572679983618325,32.112504941193095,,,
20260808_131913,ihawk2,Homography,25.0,32.522938043910926,32.88004190306237,30.828807611736885,38.696727312091014,39.084240822133815,,,
20260808_131913,ihawk2,Homography,30.0,38.4531501143578,38.831239286885044,36.664641266894314,44.93011608047724,44.979952106739326,,,
20260808_131913,ihawk2,Homography,35.0,42.13519385532374,42.64492268013598,39.79976706613032,50.065395324843394,50.143808974226076,,,
20260808_131913,ihawk2,Homography,40.0,46.252212223085834,46.83832535576059,43.337525292065045,55.24099969223614,55.35357933236603,,,
20260808_131913,ihawk2,Homography,45.0,52.879107780313845,53.549568704187294,49.552074933325414,63.35582536057621,63.63964463743661,,,
20260808_131913,ihawk2,Homography,50.0,62.962560393219135,63.78408359782011,59.465797470137716,75.47942833803698,75.77728882515157,,,
20260808_131913,ihawk2,PnP,0.0,2.9031789935101187,3.1506340988071644,2.9576505200309615,4.647742423168274,5.0626835270334025,2.6537032221197276,3.019929466130757,4.364226071707472
20260808_131913,ihawk2,PnP,5.0,3.9399737424862487,4.021488106384301,3.6943454266441487,5.155118535316557,5.505250991095057,4.1833289349943446,4.429646061321766,5.982819637794025
20260808_131913,ihawk2,PnP,10.0,6.0265079174029985,6.235147588604909,6.518262633569564,8.029517596651235,8.322027474061837,3.449632720750576,3.68355265832939,7.241935213627027
20260808_131913,ihawk2,PnP,15.0,5.775418853542453,6.010835015843663,5.94942385546469,7.725714067914852,8.119436883000528,4.0055447908161295,4.2893893900656215,7.3843753241083165
20260808_131913,ihawk2,PnP,20.0,6.786240709194502,7.126688901776607,6.2644997267170375,9.692890033072503,10.122493542327392,3.4078160112877476,3.698140688255144,8.029068392586657
20260808_131913,ihawk2,PnP,25.0,6.916971329289216,7.0647610593738674,6.56293626437393,8.491777704014345,8.510817322463303,3.4279308737785663,3.586926147138372,7.9231867333207715
20260808_131913,ihawk2,PnP,30.0,5.873608013228435,5.945105196126261,6.0902547945252055,7.020000037708576,7.176685272697985,3.4528736386898777,3.6986001789951026,7.001708297056517
20260808_131913,ihawk2,PnP,35.0,4.496684236719437,4.534130476516311,4.2391472794820855,5.358341675685379,5.5031679531139925,3.519424113581464,3.64503478189072,5.817612718226194
20260808_131913,ihawk2,PnP,40.0,3.5099312573647325,3.815566077805218,3.5883031586585097,5.205204751475678,5.263536206051372,2.780239450736127,2.917181559494853,4.802967077250761
20260808_131913,ihawk2,PnP,45.0,3.6209752964320217,4.00395718107181,3.08646382222523,5.869510839920824,6.124538013125994,3.842751200770097,3.959594936457289,5.631169076548379
20260808_131913,ihawk2,PnP,50.0,5.632657618370234,5.714902461754741,5.069225940950949,7.1272995360896525,7.517750105551956,3.353952083646037,3.730162965019492,6.824531184848772
20260808_141232,ihawk1,Affine,0.0,11.383677930336637,11.687017029486114,10.964234097350486,15.227024972309142,15.994492558042204,,,
20260808_141232,ihawk1,Affine,5.0,14.566750523578497,16.454458170231433,16.20978253845682,22.35307271852828,22.374428380139562,,,
20260808_141232,ihawk1,Affine,10.0,18.384243182243644,19.9655525193392,22.665492528878083,26.83083178530198,27.75740339335985,,,
20260808_141232,ihawk1,Affine,15.0,24.174347787013215,26.212392638556484,30.182932828851033,33.76546183620657,34.39646768618337,,,
20260808_141232,ihawk1,Affine,20.0,30.39069793614746,32.06497808388347,35.3342083005153,39.99587270214182,40.211702751726946,,,
20260808_141232,ihawk1,Affine,25.0,35.81397728009208,37.595836513826484,42.08804680508021,46.17828465536219,47.00740902751653,,,
20260808_141232,ihawk1,Affine,30.0,42.34789762942239,43.72921680212159,46.45861057361459,52.44222684203856,52.61020556711504,,,
20260808_141232,ihawk1,Affine,35.0,51.180806908756736,52.45821876743616,56.29564731079753,60.81229351001117,60.871870739910094,,,
20260808_141232,ihawk1,Affine,40.0,58.251071090185846,59.363404898534036,62.462770171247,68.0033909468729,68.05548729566544,,,
20260808_141232,ihawk1,Affine,45.0,67.34829168488824,68.39797734409338,71.43836249970997,77.03167182755398,77.05142159839022,,,
20260808_141232,ihawk1,Affine,50.0,73.3969477141039,74.44902267368781,76.58962977738462,84.23395052438028,84.5356903134331,,,
20260808_141232,ihawk1,Homography,0.0,0.28861719558449694,0.37256860059673724,0.3185708544527475,0.6204819876482802,0.6951901050176021,,,
20260808_141232,ihawk1,Homography,5.0,12.112828354978056,12.304935593844979,11.112245692061157,15.024159539148432,15.296994798927603,,,
20260808_141232,ihawk1,Homography,10.0,17.533325339583072,17.831317347789525,16.801848062551787,21.97913274731949,22.519982078253012,,,
20260808_141232,ihawk1,Homography,15.0,25.495564743047005,25.849442425287982,24.49583247701646,31.03515027540841,31.5348001067641,,,
20260808_141232,ihawk1,Homography,20.0,33.50931374888898,34.144918124131046,31.546685393098265,42.918178931087205,44.803308832925374,,,
20260808_141232,ihawk1,Homography,25.0,39.62611001409336,40.125856750334215,39.28889777905419,47.44974963039198,48.02810371111326,,,
20260808_141232,ihawk1,Homography,30.0,47.53378876089415,48.26944790631654,45.896708673943316,58.960840372176214,60.804394861059194,,,
20260808_141232,ihawk1,Homography,35.0,58.41838024137131,59.29936833925933,55.6436312138163,71.80051096020638,73.31675367055358,,,
20260808_141232,ihawk1,Homography,40.0,67.40471255783419,68.49777812488406,64.91341436181123,83.69015680803467,85.86611661379665,,,
20260808_141232,ihawk1,Homography,45.0,78.92038744191458,80.17431781865429,76.09488728661232,97.52082247454048,99.69820020357466,,,
20260808_141232,ihawk1,Homography,50.0,87.14832249581245,88.47825208563506,84.36366567140747,107.2440904722751,109.92027247759205,,,
20260808_141232,ihawk1,PnP,0.0,5.259540937262022,5.407011693290463,5.502136723398857,6.693696242426494,6.9832448709442305,3.7984043571569814,3.959781672941913,6.701913633339844
20260808_141232,ihawk1,PnP,5.0,12.82043483258619,14.137677074696587,13.305011224828688,21.05386467785395,22.676259179542733,5.3006633931169285,5.874234187330766,15.309491838595001
20260808_141232,ihawk1,PnP,10.0,11.150825696729305,11.736905875996305,9.659246194099966,16.656102887148844,18.00739617079582,5.369326909350298,5.5779593073849565,12.99494477005728
20260808_141232,ihawk1,PnP,15.0,11.045406131463508,12.289738070368358,10.824759557114122,18.34115917387374,19.86528137354771,5.19352460549522,5.848351907518951,13.610322621908779
20260808_141232,ihawk1,PnP,20.0,11.580315098508766,12.519296226477735,10.964995604235428,18.528115290654007,20.199128867394037,5.7278924255651305,5.927546578246664,13.851663670605905
20260808_141232,ihawk1,PnP,25.0,6.788642571842966,8.032042187422922,7.91576370736755,11.740895287161509,12.143575417295638,3.907250148412453,4.679434658807512,9.295741521072463
20260808_141232,ihawk1,PnP,30.0,9.878818060712273,10.8528900108952,9.454400477575462,15.885719647889387,16.72975848873407,5.8805698283271415,6.560439567222585,12.681663491189493
20260808_141232,ihawk1,PnP,35.0,15.28865960371105,16.66825277910443,14.026320125257273,25.04993823955857,27.259906056484287,8.14302045374001,8.542039422060114,18.729577896902846
20260808_141232,ihawk1,PnP,40.0,9.828118036383074,10.181770750189715,10.48625823755155,12.913522366073078,13.17262926531362,5.279225995374386,5.610699630741559,11.625334659949463
20260808_141232,ihawk1,PnP,45.0,14.276409116589118,14.963712882813391,12.731414896022542,21.09545426120864,22.877005159983508,6.361443167470581,6.550682643069727,16.334752717120956
20260808_141232,ihawk1,PnP,50.0,14.61427516311782,16.05464307422439,12.567011619406093,24.574693392185132,27.302230888728687,7.361492213989007,7.716098031155004,17.812628471596643
20260808_141232,ihawk2,Affine,0.0,12.305887142189533,12.689099885474542,12.085228129455704,15.376482573780029,15.413782873151563,,,
20260808_141232,ihawk2,Affine,5.0,14.547878840482426,14.972605140458764,13.38962183609612,19.644663769593315,20.455685206982906,,,
20260808_141232,ihawk2,Affine,10.0,15.469640296165391,15.94630725567159,15.166894220760813,20.2517072036722,20.552074601987137,,,
20260808_141232,ihawk2,Affine,15.0,20.429264807612455,20.744047772171157,21.878343111398806,24.79249956858178,25.423539359921758,,,
20260808_141232,ihawk2,Affine,20.0,26.689537944788178,26.812303773465814,26.77144636116251,29.382225836301327,29.54483376788097,,,
20260808_141232,ihawk2,Affine,25.0,30.582098193053902,30.747362092266393,30.000459835324627,34.19144124547182,34.269868182382474,,,
20260808_141232,ihawk2,Affine,30.0,34.33784385785666,34.502592449739474,35.57906731694933,37.736008548639994,37.96469511738185,,,
20260808_141232,ihawk2,Affine,35.0,41.01657209394886,41.19314445404543,41.46726436153616,45.25709130752809,45.42174489872883,,,
20260808_141232,ihawk2,Affine,40.0,46.21052336619506,46.40627705495618,46.768620198870856,50.97659489242923,51.15803665456639,,,
20260808_141232,ihawk2,Affine,45.0,51.651091493924355,51.87850120482369,51.24525533621734,57.746438461829555,58.26173307719359,,,
20260808_141232,ihawk2,Affine,50.0,58.46032273634114,58.6713266002351,60.62266903103103,63.47244267742506,63.637449760745525,,,
20260808_141232,ihawk2,Homography,0.0,0.15046079550976835,0.17208838765992066,0.16297558838314372,0.26734343819947703,0.2933974731639607,,,
20260808_141232,ihawk2,Homography,5.0,8.15679451611102,8.328596947759998,7.529286267433258,10.411362730895712,10.66263337495819,,,
20260808_141232,ihawk2,Homography,10.0,10.128133384021417,10.403406362249664,10.4173927772548,13.218939267823908,13.862020249663244,,,
20260808_141232,ihawk2,Homography,15.0,17.513811624061994,17.80922534732201,17.40591450698749,21.67518931462566,22.37514911527145,,,
20260808_141232,ihawk2,Homography,20.0,25.596693822165385,25.88073909576817,24.186572929336204,30.51483492884373,30.77720966842729,,,
20260808_141232,ihawk2,Homography,25.0,30.60762268590514,30.96205456368461,29.03060576466696,36.80384514053214,37.36577872748917,,,
20260808_141232,ihawk2,Homography,30.0,35.59927917117629,36.03846823202459,33.63624151774411,42.48477079105575,42.636044111936165,,,
20260808_141232,ihawk2,Homography,35.0,43.850439186414896,44.38657064625861,41.29977549873683,52.811629919669905,53.43558283264422,,,
20260808_141232,ihawk2,Homography,40.0,50.50278733937183,51.1288273797882,47.97830703106385,60.895913399874445,61.683994786297724,,,
20260808_141232,ihawk2,Homography,45.0,57.688565559971366,58.487335218365416,54.55579382351972,70.50871547395026,71.81486326353486,,,
20260808_141232,ihawk2,Homography,50.0,66.41817714151946,67.22389131582429,63.332190392242616,79.53117879721046,80.19282807028469,,,
20260808_141232,ihawk2,PnP,0.0,3.027581827069935,3.208559254863774,2.8447647188022556,4.571074708191396,4.981968948635131,2.6830267627610658,2.9209827842155653,4.339008287345818
20260808_141232,ihawk2,PnP,5.0,5.8587667688598755,5.868760665895571,5.7688340061892385,6.331059901150449,6.395212457034709,2.59576420942351,3.267931878635949,6.717271061745841
20260808_141232,ihawk2,PnP,10.0,4.4087403258094735,4.51787633118072,4.213028342184764,5.797035560223729,5.998997398586399,2.7896460402164998,3.0073735407652835,5.427292341263559
20260808_141232,ihawk2,PnP,15.0,5.4785174766796825,5.843843167906155,5.035494960906544,8.410305618883616,8.937057885976987,3.443939681872186,3.8320876839910714,6.988232894579252
20260808_141232,ihawk2,PnP,20.0,5.445034595666143,5.57979094966208,5.224992978282028,6.98099668436248,7.0982826625593045,3.3681638878739646,3.7026304802264116,6.696531902039481
20260808_141232,ihawk2,PnP,25.0,4.250800837382852,4.596881690633235,3.358872348543053,6.812921141361573,7.197353652579407,3.0751834411807786,3.424123771982079,5.732010544611014
20260808_141232,ihawk2,PnP,30.0,5.431726092398673,7.012610467989883,3.3524652628859566,12.221139475075551,14.2235437278686,4.804497346986917,5.287531617437596,8.782636061067516
20260808_141232,ihawk2,PnP,35.0,4.999238458300274,5.131687596888043,4.752370212838731,6.347743083989475,6.389263497426955,3.899477391884061,4.014741054148571,6.515547814567902
20260808_141232,ihawk2,PnP,40.0,4.616319493439906,4.67456464217411,5.068156990050632,5.113236354144784,5.115761058846147,3.487331188131421,3.5914131171264456,5.894896332568729
20260808_141232,ihawk2,PnP,45.0,10.34388733433514,13.53768480213249,6.0395751961530095,23.74869262833324,27.657334514564205,6.382986136742998,8.47165918587178,15.969906673598773
20260808_141232,ihawk2,PnP,50.0,4.829918447273651,4.944286466197831,4.994291067322057,5.949466735743512,5.949737092422844,3.072318226608483,3.457884994109948,6.03348467241923
20260808_145501,ihawk1,Affine,0.0,11.136318741232772,11.439331657673993,10.783165992682987,14.917519406860569,15.678959297257293,,,
20260808_145501,ihawk1,Affine,5.0,12.470066066185556,13.584221458325096,14.849561096222782,18.067329400320602,18.594206006827328,,,
20260808_145501,ihawk1,Affine,10.0,14.97387693258475,17.008501225025917,19.323150280230383,23.024236443237694,23.39326480920376,,,
20260808_145501,ihawk1,Affine,15.0,21.13641870069145,23.43423092202428,27.390306512465962,30.67303080324619,31.097577790870265,,,
20260808_145501,ihawk1,Affine,20.0,27.888941101861626,29.941029112654736,34.06682706772122,37.890949370048794,38.175894928102366,,,
20260808_145501,ihawk1,Affine,25.0,35.31331606154422,37.05899878155586,42.066164848373774,45.04604878140955,45.319747345675644,,,
20260808_145501,ihawk1,Affine,30.0,41.89480492021541,43.429691521410625,48.26928581566269,51.52804307475876,51.52903652470414,,,
20260808_145501,ihawk1,Affine,35.0,48.03468735202064,49.621155929560324,54.65997664260852,58.22071437040395,58.539766298311974,,,
20260808_145501,ihawk1,Affine,40.0,55.22248790545082,56.46869497116228,60.58619246272498,65.37194589834901,65.51889434199423,,,
20260808_145501,ihawk1,Affine,45.0,63.10991791049861,64.23988526040687,68.3653809944483,72.68580794552453,72.71214824818117,,,
20260808_145501,ihawk1,Affine,50.0,68.74236066014235,69.87169621234018,73.07209404382542,79.21108566196246,79.43337235587992,,,
20260808_145501,ihawk1,Homography,0.0,0.05537341159761886,0.06885007335024991,0.054791470377441455,0.11531905542522199,0.13042649258377864,,,
20260808_145501,ihawk1,Homography,5.0,7.7972679819849535,7.919191184425872,7.400594472259735,9.46024600466755,9.505971664234496,,,
20260808_145501,ihawk1,Homography,10.0,13.209415908898126,13.387590605269299,13.454819118496932,15.54187300687892,15.689692932318598,,,
20260808_145501,ihawk1,Homography,15.0,22.216657213928634,22.566948450888415,21.097325602008894,27.19355030826675,27.658396139859374,,,
20260808_145501,ihawk1,Homography,20.0,30.419152943378045,30.87312022890974,29.28010154676379,37.08771302530303,37.84344875478944,,,
20260808_145501,ihawk1,Homography,25.0,39.32153425103218,39.897107445405474,37.79393767670175,47.90135652525831,48.74134893284598,,,
20260808_145501,ihawk1,Homography,30.0,47.08948421469536,47.81451405219496,44.80900417574087,57.24838897188503,57.98178859359873,,,
20260808_145501,ihawk1,Homography,35.0,54.277141463465554,54.92189901863917,53.2798015852116,63.69071896584289,63.86049001216702,,,
20260808_145501,ihawk1,Homography,40.0,63.59165745282227,64.54403600787963,61.09501319887675,77.528096566783,78.94486057099706,,,
20260808_145501,ihawk1,Homography,45.0,73.3706067848463,74.45431280742476,70.83050720941485,89.33054204408381,90.74234936189264,,,
20260808_145501,ihawk1,Homography,50.0,80.68007514414515,81.78204416160723,78.23360482789677,97.54220578630115,99.25800580213502,,,
20260808_145501,ihawk1,PnP,0.0,7.292399455040413,8.592824369342713,5.550775126174942,14.241987179617215,15.890055070366566,4.715526835637666,5.151459471876333,10.018690799338723
20260808_145501,ihawk1,PnP,5.0,6.7309230422766095,7.867512968015853,6.1212613087002525,12.67829424400123,13.882149636062612,3.9913594352185084,4.451582247748756,9.039598708480897
20260808_145501,ihawk1,PnP,10.0,4.229281711119965,4.469180010630344,4.427038031028232,6.041849323477203,6.241784669293252,3.8274621443823262,3.9790208221536085,5.98382625671483
20260808_145501,ihawk1,PnP,15.0,8.137084577084943,9.205902182434892,7.208917907287912,14.512290920231447,15.83935945389623,5.339614321529085,5.633753161110716,10.792951851689349
20260808_145501,ihawk1,PnP,20.0,8.39820136155379,9.862427541787948,7.246888608851543,16.141268657614738,18.015037550395245,5.335219443602467,5.820283696579009,11.45177625199169
20260808_145501,ihawk1,PnP,25.0,9.109531421452232,10.804002811335078,6.966848283272429,17.994873778971783,20.13956065799776,5.232760576695197,5.908420501852816,12.314053336495297
20260808_145501,ihawk1,PnP,30.0,11.062273765416542,12.388014030236082,8.924010404387934,18.40201102946652,19.13247799695782,7.065434159982874,7.698129141780539,14.585063726184291
20260808_145501,ihawk1,PnP,35.0,7.191990552376947,7.9803081302709105,5.147600991552261,11.588822142332297,11.774692831743609,4.278119234578834,4.799850766853793,9.312565985706353
20260808_145501,ihawk1,PnP,40.0,8.922590126946755,9.706351177492648,8.998457217524095,13.123962575476083,13.26332328621031,6.14792374309423,6.441008559150801,11.649027617782817
20260808_145501,ihawk1,PnP,45.0,8.544235369526817,10.215372825551956,8.298649461411026,16.492314136018607,18.126890953129656,5.341849063817503,6.0202135321213275,11.857352695157639
20260808_145501,ihawk1,PnP,50.0,10.264000149092988,10.662368205660973,9.097899425887634,14.234247613103218,14.631774037137305,7.576445636331071,7.713571668004508,13.15998797987794
20260808_145501,ihawk2,Affine,0.0,12.237884852006962,12.63005900036132,12.011406427277738,15.324132229019991,15.367406043818638,,,
20260808_145501,ihawk2,Affine,5.0,13.84333430304267,13.897016183079412,13.879478092871313,15.163020364558653,15.164808634355689,,,
20260808_145501,ihawk2,Affine,10.0,15.494279893403506,15.519474804719204,15.043282655498292,16.65860137131024,16.730382069361465,,,
20260808_145501,ihawk2,Affine,15.0,19.661965866782438,19.712260922825028,20.09715204857605,21.00490392550993,21.03798819784316,,,
20260808_145501,ihawk2,Affine,20.0,25.0689533287763,25.15248750586907,25.48142754719403,27.47636961251341,27.78300792436187,,,
20260808_145501,ihawk2,Affine,25.0,31.2680378011976,31.397837843691473,31.85751962776804,34.41413780639535,34.51583829897438,,,
20260808_145501,ihawk2,Affine,30.0,34.48008177714316,34.64019171295286,36.33386774758672,37.80256016126011,38.04890411650172,,,
20260808_145501,ihawk2,Affine,35.0,40.05551554347788,40.2279915369291,41.21810680167839,43.93168640324823,43.9819757412759,,,
20260808_145501,ihawk2,Affine,40.0,45.81576655175347,46.007765926674615,48.010091274611035,49.80511652101272,49.852977010622844,,,
20260808_145501,ihawk2,Affine,45.0,50.393145022988655,50.60090751826736,52.70442177611989,54.912619288764915,55.038692862578664,,,
20260808_145501,ihawk2,Affine,50.0,56.27099025596058,56.49369248190557,59.70654421049056,60.686341504973996,60.73903409299956,,,
20260808_145501,ihawk2,Homography,0.0,0.03230974920991151,0.03530313548645812,0.02862142883577679,0.05384738809253728,0.060153683920031696,,,
20260808_145501,ihawk2,Homography,5.0,6.027363388371132,6.100860085392267,5.51952889462729,7.193877480230663,7.224670625548802,,,
20260808_145501,ihawk2,Homography,10.0,9.575570760291507,9.785625254545238,8.86474647421661,12.307588812601226,12.644816626204435,,,
20260808_145501,ihawk2,Homography,15.0,16.212350287401453,16.43864560401023,14.95552227464309,19.506460143217087,19.525948314485476,,,
20260808_145501,ihawk2,Homography,20.0,23.545922866001195,23.833428883299433,22.25343014224952,27.971174900346636,27.997682203917577,,,
20260808_145501,ihawk2,Homography,25.0,31.326366448842407,31.634486581436022,29.726802647142243,36.74812327075652,36.89383552635444,,,
20260808_145501,ihawk2,Homography,30.0,35.529906331959566,35.8989743210096,33.72839422998211,41.75892963010386,41.84513855110367,,,
20260808_145501,ihawk2,Homography,35.0,42.58430004085307,43.050255745996495,40.272169208752295,50.42191724384284,50.675545567464475,,,
20260808_145501,ihawk2,Homography,40.0,49.91585880362694,50.45882971323133,47.47040436406414,58.976087528617505,59.20374472361565,,,
20260808_145501,ihawk2,Homography,45.0,55.7871635183678,56.39008875846232,52.95477408847588,65.90229486225616,66.16635871462391,,,
20260808_145501,ihawk2,Homography,50.0,63.38459469575103,64.05702933781679,60.38606981541049,74.46863500372147,74.55482117149181,,,
20260808_145501,ihawk2,PnP,0.0,3.115994478127737,3.4956226320953037,2.392375645430736,5.3854564033095045,5.713477938344524,2.7484675056243626,3.169309640897846,4.718463858704964
20260808_145501,ihawk2,PnP,5.0,3.3844256538262143,3.5529560786373304,3.0498447149286574,5.020532005852047,5.418184431802788,2.766136274298995,2.995105096407402,4.646950767465861
20260808_145501,ihawk2,PnP,10.0,1.7251740842466738,1.8997023197142415,1.3352306798295688,2.673333245452442,2.673855010138587,3.0388468541410085,3.1717730244883766,3.69716283417431
20260808_145501,ihawk2,PnP,15.0,2.980644093740627,3.1167999327588984,3.6174956594480214,3.68723958511713,3.689101385105311,3.787958121840977,3.8682051085515474,4.967640544833147
20260808_145501,ihawk2,PnP,20.0,3.020067571213719,3.0606871122399504,2.948735602626142,3.611910426328945,3.629486034106637,3.0284706394477854,3.162223206729523,4.400847782894845
20260808_145501,ihawk2,PnP,25.0,5.133166393045364,5.210851663368924,5.0685534788051,6.442778626700086,6.730657371973984,3.7783999821402334,3.9421397350775793,6.534021789718198
20260808_145501,ihawk2,PnP,30.0,2.4922746207850714,2.5648334836018396,2.6465535660294806,3.131120914387505,3.154489324682834,3.3432527823277907,3.464403043544313,4.310505683411662
20260808_145501,ihawk2,PnP,35.0,2.901483918105406,3.2840951074323694,2.739987727651899,5.113196817712968,5.655980338065682,3.5461427956810425,3.831363644628218,5.046248909045217
20260808_145501,ihawk2,PnP,40.0,3.161710475101027,3.258457290632158,3.476793585192226,3.804517000464396,3.8666405137182656,3.2538157460931445,3.3839271521667196,4.697712942065003
20260808_145501,ihawk2,PnP,45.0,1.452899841034254,1.7607642244175794,1.4428070581100585,2.80680137810309,3.020186231355977,2.9870835203259345,3.1627623999052696,3.6198558883253047
20260808_145501,ihawk2,PnP,50.0,3.1749431693899526,3.226921200943938,3.1400573434330354,3.9849545366876717,4.1749454171832685,4.249205209458017,4.348150020015805,5.414741825208744
20260808_151001,ihawk1,Affine,0.0,11.14920229636165,11.459603227986504,10.806420622015112,14.967480118598747,15.718553041945105,,,
20260808_151001,ihawk1,Affine,5.0,12.581504338292754,13.512965018841612,14.291099417585908,17.978303395665826,18.42950824229794,,,
20260808_151001,ihawk1,Affine,10.0,15.17394474425169,17.16025630808174,20.309177598934372,23.1792029465698,23.754339916183678,,,
20260808_151001,ihawk1,Affine,15.0,20.363693468477273,22.8731796984339,27.04340512324688,30.124918059814327,30.601100512121928,,,
20260808_151001,ihawk1,Affine,20.0,25.590822820955786,27.765948872072276,33.00092477518745,35.2837506979573,35.77648736884936,,,
20260808_151001,ihawk1,Affine,25.0,31.78650517854295,33.56823267449177,38.79296405307878,41.29683020900805,41.79197689316292,,,
20260808_151001,ihawk1,Affine,30.0,39.72139037884456,41.24129442530705,45.04371576247594,49.78930397611571,49.90057501771822,,,
20260808_151001,ihawk1,Affine,35.0,44.99651876569947,46.35439475697196,50.40834678664914,54.73243167801021,54.73319752447305,,,
20260808_151001,ihawk1,Affine,40.0,53.59977660795855,54.78052412902487,57.239098845445874,64.45052160449342,64.74232152756852,,,
20260808_151001,ihawk1,Affine,45.0,62.112708971121855,63.13818950070817,65.14771705150876,73.62347716803947,74.32234238644234,,,
20260808_151001,ihawk1,Affine,50.0,67.58229949618564,68.66419127521061,70.20345463163646,79.97513190256898,80.82681475497188,,,
20260808_151001,ihawk1,Homography,0.0,0.0631961984837385,0.08414694321385165,0.07495296696929976,0.1391748103952363,0.15518216614106092,,,
20260808_151001,ihawk1,Homography,5.0,7.761212096505543,7.987533849365084,7.094524651658319,10.095641349829625,10.170356909947872,,,
20260808_151001,ihawk1,Homography,10.0,13.801825771398232,14.07463781437625,12.935223164175586,17.284686621285765,17.518661663415287,,,
20260808_151001,ihawk1,Homography,15.0,22.129152367038436,22.684148937555523,20.88825801016121,28.945073545388716,29.831765276962738,,,
20260808_151001,ihawk1,Homography,20.0,27.994963410934172,28.546510828877928,26.585011565739446,35.227705786283025,35.961288623981225,,,
20260808_151001,ihawk1,Homography,25.0,35.078805168239086,35.66525828033505,33.37250590298043,43.35796996757796,44.05679747183451,,,
20260808_151001,ihawk1,Homography,30.0,44.53060292054632,45.25370776956221,42.88599413385252,54.93700412343115,56.247668913365395,,,
20260808_151001,ihawk1,Homography,35.0,50.98941525955853,51.821491379964044,48.69718591601862,62.933042530287736,64.33092443140667,,,
20260808_151001,ihawk1,Homography,40.0,61.47382779299435,62.45565232501574,58.96626083344018,75.88823897988155,77.93123875918425,,,
20260808_151001,ihawk1,Homography,45.0,72.38131818682454,73.59449639268375,68.96142928436436,90.03344309475126,92.73261135061216,,,
20260808_151001,ihawk1,Homography,50.0,78.9414878450845,80.10642081205485,75.84808937327384,96.08777461558073,98.19725472566586,,,
20260808_151001,ihawk1,PnP,0.0,7.088007191085661,8.675267084335214,4.669018639593939,14.754579830986343,16.468277777197475,4.5319219972034706,5.128463527757312,10.077767468050004
20260808_151001,ihawk1,PnP,5.0,9.580597761338339,11.306212715399488,7.396414558759542,17.375947464139813,17.86207833200043,5.972073086650073,7.212297628064252,13.410730145731899
20260808_151001,ihawk1,PnP,10.0,7.704099376586858,8.962568553883859,5.73330811080861,14.72206333857543,16.46577832507976,5.614691799567001,5.996166963252578,10.78339711474401
20260808_151001,ihawk1,PnP,15.0,5.601779797204479,6.2011585888745,4.217055282195926,9.273215257274545,9.629215961734996,3.9925596885514762,4.183206906318876,7.480213089574783
20260808_151001,ihawk1,PnP,20.0,7.3713428584903085,9.721334805278667,3.862008236955308,17.11413212191429,19.27770842280832,6.140324189245007,6.809845902035385,11.8692186602906
20260808_151001,ihawk1,PnP,25.0,5.395845554760204,6.849149313596237,4.365069729365144,11.715481180928451,13.471012795507605,5.6257857650129335,5.94574649593005,9.0698813505911
20260808_151001,ihawk1,PnP,30.0,6.992572628643875,8.761034836662644,5.47946748679146,13.528732960135871,13.79540751353041,5.61951699176744,6.7283426850077115,11.046552706438023
20260808_151001,ihawk1,PnP,35.0,7.071974205126192,8.650278537979004,5.703034374275444,14.208451605799365,15.335339497359865,7.017868238962242,7.423255983449823,11.398773977075068
20260808_151001,ihawk1,PnP,40.0,9.207971795357945,10.878016646718338,6.96771488901327,16.20534797452843,16.37995534968731,6.682839676640336,7.541994559294,13.236802034430431
20260808_151001,ihawk1,PnP,45.0,8.582941050101677,9.0207437861748,8.509454160247067,11.667622720044795,11.889466050841074,5.689232912937577,6.013393426340668,10.841343042066717
20260808_151001,ihawk1,PnP,50.0,8.957244104609419,10.480541969658452,10.675485447635564,15.757888005927567,16.99953900524585,5.473984392153225,6.450267274398223,12.30640921995303
20260808_151001,ihawk2,Affine,0.0,12.294766826847454,12.682430874482497,12.0681381256828,15.421320304011843,15.490257806064664,,,
20260808_151001,ihawk2,Affine,5.0,13.717423042183745,13.795208629111787,14.59157811755404,15.112545495141529,15.15474358946801,,,
20260808_151001,ihawk2,Affine,10.0,15.796076420137544,15.821545113727794,15.78371553006473,16.90128606103921,17.089807577711632,,,
20260808_151001,ihawk2,Affine,15.0,21.00698724999454,21.073385843419594,21.18298084225097,22.8848634336969,22.94479915090468,,,
20260808_151001,ihawk2,Affine,20.0,24.00585273578257,24.090623039631563,22.96036515261504,26.497935610050092,26.56805353785306,,,
20260808_151001,ihawk2,Affine,25.0,27.647522252947493,27.755835188049005,27.82755286483304,30.390761441516226,30.434457514643146,,,
20260808_151001,ihawk2,Affine,30.0,33.40918674675241,33.55248801043595,34.324587352731875,36.769889317666056,36.94454303421801,,,
20260808_151001,ihawk2,Affine,35.0,37.900381350346755,38.07456051081136,38.17033554500301,42.05027886174964,42.196451295242575,,,
20260808_151001,ihawk2,Affine,40.0,43.008479887084924,43.23844650870459,42.46389450745885,48.324987686239396,48.70800276297843,,,
20260808_151001,ihawk2,Affine,45.0,49.72493479435724,50.04291826954935,48.30815636858127,56.81984923197994,57.57831434400002,,,
20260808_151001,ihawk2,Affine,50.0,53.10693530007226,53.449435159062745,51.581503481404894,60.779032923756155,61.7188680162376,,,
20260808_151001,ihawk2,Homography,0.0,0.04644771434323859,0.05581414681691675,0.05567356836361675,0.08721335303459493,0.09509451598219901,,,
20260808_151001,ihawk2,Homography,5.0,5.727771040487245,5.883917024387368,5.851223030689027,7.457727543944252,7.7538067491989775,,,
20260808_151001,ihawk2,Homography,10.0,10.058463821616106,10.2524802354457,9.462482559406077,12.632152859106046,12.901552011607066,,,
20260808_151001,ihawk2,Homography,15.0,18.066433400946085,18.377014837896546,16.943601773009174,22.756786022687656,23.46945814138662,,,
20260808_151001,ihawk2,Homography,20.0,22.18450194055921,22.515886310064456,20.883313203774446,27.167169055791273,27.566921543632393,,,
20260808_151001,ihawk2,Homography,25.0,26.95592450677384,27.2905073661482,25.14051651824616,32.46558191138643,32.79199305101141,,,
20260808_151001,ihawk2,Homography,30.0,34.342999615978066,34.77034271442162,32.44308816044844,41.16561270087204,41.447035203784985,,,
20260808_151001,ihawk2,Homography,35.0,40.08317413768627,40.596286076676364,37.61600874578697,48.270709860554156,48.73412201581236,,,
20260808_151001,ihawk2,Homography,40.0,46.65457252324947,47.308036820133005,43.83873084625629,56.68850725557151,57.430032249821316,,,
20260808_151001,ihawk2,Homography,45.0,55.16015771826731,55.92511905972472,52.19043348875654,67.12829184373261,68.38141247987947,,,
20260808_151001,ihawk2,Homography,50.0,59.63224991508484,60.49244281489746,56.1301803938737,72.9190216114713,74.3683242476135,,,
20260808_151001,ihawk2,PnP,0.0,3.044936548500826,3.3095479077509258,2.604632192274752,5.022005635390176,5.491979377251124,2.7598478224706113,3.1721817026148784,4.58430410292589
20260808_151001,ihawk2,PnP,5.0,2.244239995292655,2.5505233050391047,1.9190057238917921,4.0791323231051955,4.537389925674318,2.049020489249739,2.368448153416198,3.4806200288121363
20260808_151001,ihawk2,PnP,10.0,2.171288403900504,2.5432520616750756,1.6296583099888615,4.097110832220403,4.387317352688793,3.2660509309486088,3.465920484996876,4.298922639166179
20260808_151001,ihawk2,PnP,15.0,3.891296822753156,3.9846993634740078,3.813109126689298,4.812840935602674,4.841075730414,3.072756210926882,3.19125245984438,5.1050877837440725
20260808_151001,ihawk2,PnP,20.0,3.2300659715576843,3.387483363385559,3.0548072923883947,4.752329316715267,5.116287285589614,4.249675345231908,4.477283756554803,5.614366693931154
20260808_151001,ihawk2,PnP,25.0,2.2498086240101305,2.4101064293330836,1.9553102397097897,3.3207693116532986,3.385317207695051,4.253014390486437,4.441954273251683,5.053669040051154
20260808_151001,ihawk2,PnP,30.0,1.782129922537092,2.0147659568077287,1.8113858510155942,2.9401001417494634,3.036500819328356,3.325923336573392,3.39124384854034,3.944593350520946
20260808_151001,ihawk2,PnP,35.0,2.4588740949734538,2.8212382551575197,2.355416202758131,4.067103695072107,4.140843888071387,3.984975081631363,4.170587311104574,5.035194515796855
20260808_151001,ihawk2,PnP,40.0,3.218034850169044,3.387088997676057,3.46584879397018,4.336407666141663,4.349200650199913,2.7416992073218056,2.825346967106498,4.410777410243695
20260808_151001,ihawk2,PnP,45.0,3.534324908976687,3.7991828130158463,3.4745623144711755,5.257477171932041,5.419844903979342,3.21377822443756,3.4136226632189977,5.107505235783647
20260808_151001,ihawk2,PnP,50.0,4.436410433424162,4.8676325256380455,5.06714488674717,6.722100712406453,7.010000452951406,3.950341816342804,4.1217054963846005,6.378267994022863
20260808_162715,ihawk1,Affine,0.0,11.145213109548738,11.452240169481902,10.777224988552488,14.938117711272412,15.675361819527348,,,
20260808_162715,ihawk1,Affine,5.0,12.576944888529415,13.505714249567218,13.232142072006251,17.62388770340932,17.635612339575808,,,
20260808_162715,ihawk1,Affine,10.0,14.548467510206667,16.54169539998341,17.896336231220236,22.308116203888027,22.308631781106946,,,
20260808_162715,ihawk1,Affine,15.0,20.630814085898514,23.463459938216403,27.996128650471817,30.581300278153407,30.95427090258604,,,
20260808_162715,ihawk1,Affine,20.0,27.214376756628603,29.321526457813942,33.51852871813551,36.9660097516654,37.238219675713,,,
20260808_162715,ihawk1,Affine,25.0,35.158544264603776,36.9440904443237,42.12806599293276,44.83850470270193,45.07118428108144,,,
20260808_162715,ihawk1,Affine,30.0,42.117661076803365,43.66443115154486,47.18143594526558,52.36660463112044,52.44170898156656,,,
20260808_162715,ihawk1,Affine,35.0,48.10817635734738,49.476476382586874,52.756484782698344,58.297084727292884,58.37586883133318,,,
20260808_162715,ihawk1,Affine,40.0,54.49047988818694,55.73089935525546,59.66236558625509,64.67974733675833,64.85286331970384,,,
20260808_162715,ihawk1,Affine,45.0,62.47556581573544,63.65209918428219,67.18288872412033,73.02827733201043,73.18125804637218,,,
20260808_162715,ihawk1,Affine,50.0,68.0934752802131,69.18755547372793,73.8031730764113,77.82054274364474,77.92675626244763,,,
20260808_162715,ihawk1,Homography,0.0,0.0894559012814112,0.10718685565924833,0.06993346714738734,0.17903814294327258,0.20623456068909707,,,
20260808_162715,ihawk1,Homography,5.0,7.428071933723619,7.721413675570214,6.69075791525434,10.308421662064442,10.599076952062738,,,
20260808_162715,ihawk1,Homography,10.0,12.793060091484225,13.110427703528059,11.93805988215496,16.394217156311935,16.54696070555607,,,
20260808_162715,ihawk1,Homography,15.0,22.40293683377188,22.750549242250397,21.650984984964474,27.34223242888139,27.704641543188554,,,
20260808_162715,ihawk1,Homography,20.0,29.92985639548965,30.49855721278639,28.442345191280754,37.28280026578877,37.691127022424844,,,
20260808_162715,ihawk1,Homography,25.0,39.09467561666337,39.66857810261337,37.464042788275655,47.518132436153145,48.238540921840325,,,
20260808_162715,ihawk1,Homography,30.0,47.44437163333888,48.07351597704388,46.262720776456476,57.42668771685538,58.81848038601789,,,
20260808_162715,ihawk1,Homography,35.0,54.79025189001025,55.524810667007536,53.04231931422821,66.57723150501087,68.28798168860143,,,
20260808_162715,ihawk1,Homography,40.0,62.7899914039577,63.746644697091675,61.32831345933484,76.92476151431958,78.65477024833025,,,
20260808_162715,ihawk1,Homography,45.0,72.89457069094821,73.96616052529491,70.82373812496367,88.77329328871211,90.59369720627707,,,
20260808_162715,ihawk1,Homography,50.0,80.19980474528131,81.4528878949134,77.87884760261717,98.12815626935968,99.79188021899236,,,
20260808_162715,ihawk1,PnP,0.0,6.888415792357094,7.59233309829828,6.739827883545475,11.592783731360532,12.794293809060745,4.542490769759088,4.697477394638124,8.928035380118727
20260808_162715,ihawk1,PnP,5.0,6.562421648756382,7.710717747581894,5.751184465063145,11.508258577025856,11.725001290722375,3.9962270905090924,4.337546914736488,8.847004092935327
20260808_162715,ihawk1,PnP,10.0,8.707443101728785,9.45408492582196,7.496427397025562,14.272156919820961,15.540092296791732,6.9864341144305255,7.314696714483817,11.953430880275937
20260808_162715,ihawk1,PnP,15.0,8.680642141532118,9.583495523501401,9.822661781583808,13.815599753689476,14.70858375812265,5.24275630535781,5.701118908312157,11.151060185277712
20260808_162715,ihawk1,PnP,20.0,8.537641494097198,10.343090497333206,6.939834130307157,17.37893113617395,19.737817494344732,5.51073688202662,6.093080158374388,12.004380319383426
20260808_162715,ihawk1,PnP,25.0,8.41311183931783,9.487663067419764,8.186715959955219,14.421702490945082,15.290516899507814,5.006819797261118,5.541167162454242,10.987278280044709
20260808_162715,ihawk1,PnP,30.0,9.072132932305786,10.103408263997904,8.20974974367341,15.597097105003412,16.876107634310987,5.198540791561639,5.569829748020535,11.536978025937106
20260808_162715,ihawk1,PnP,35.0,8.35470847807351,9.943840436837117,5.897312183982804,16.340725306931756,17.672594950098905,5.1815081001563135,5.967079189664063,11.596809763421962
20260808_162715,ihawk1,PnP,40.0,6.050282137475986,7.043966200040131,5.045777146357379,11.482840752889157,12.934601420840307,4.1574619199686325,4.642025303954749,8.43598593822109
20260808_162715,ihawk1,PnP,45.0,6.389519098146548,7.309155147403348,6.980914826325061,10.953955538754656,11.878457876692352,4.399872112303638,4.671293704702903,8.674372244975991
20260808_162715,ihawk1,PnP,50.0,7.569049810982139,9.347274601589412,5.386055511922905,15.92756099117506,18.20323414148561,6.043574085373495,6.467164947069694,11.366431494982296
20260808_162715,ihawk2,Affine,0.0,12.293335461779229,12.67009355159074,12.057600046877672,15.389108951799361,15.457733741159458,,,
20260808_162715,ihawk2,Affine,5.0,14.24842602250358,14.356193286364988,13.65995222898066,16.842390425918815,17.30587139883997,,,
20260808_162715,ihawk2,Affine,10.0,16.633207396400515,16.770128773524966,16.820030204907525,18.965917112975177,18.970031342552286,,,
20260808_162715,ihawk2,Affine,15.0,22.47205385435751,22.54269681630875,22.095340813802373,24.548228444761186,24.683292897729395,,,
20260808_162715,ihawk2,Affine,20.0,26.107693115004963,26.261353168450356,25.51016189939581,29.523488565023076,29.73717980574998,,,
20260808_162715,ihawk2,Affine,25.0,31.6918803730766,31.823918667412425,32.3500756190713,34.76842451956224,34.800225293163855,,,
20260808_162715,ihawk2,Affine,30.0,37.42268507304785,37.590417596657986,38.72142141932294,41.24548102653702,41.46374111515,,,
20260808_162715,ihawk2,Affine,35.0,42.725909801252286,42.91417628474725,43.82752724205507,46.91628045364364,46.966005212314975,,,
20260808_162715,ihawk2,Affine,40.0,47.543813223895896,47.74511175908877,50.04971600386745,51.830398138787444,51.98494279394439,,,
20260808_162715,ihawk2,Affine,45.0,53.177862814199685,53.38788541389245,55.859802689693254,57.596618768346225,57.620165034841506,,,
20260808_162715,ihawk2,Affine,50.0,57.45661194889433,57.67949059865175,59.99714376348454,62.56482018176481,62.7582644072348,,,
20260808_162715,ihawk2,Homography,0.0,0.0951479521982338,0.11510050882867369,0.1154213820596183,0.17982813463658867,0.19590653051184356,,,
20260808_162715,ihawk2,Homography,5.0,6.743280247868003,6.9938457658052195,6.330392075365174,9.141781289322637,9.459995328583403,,,
20260808_162715,ihawk2,Homography,10.0,11.278863292350694,11.558652871607372,10.80509753378855,14.60587905148367,15.103222436050673,,,
20260808_162715,ihawk2,Homography,15.0,19.787441444389984,19.978328417159563,18.821710108121806,23.448071668273418,23.818325225600617,,,
20260808_162715,ihawk2,Homography,20.0,24.775163857887765,25.095485279998574,23.562259277014363,30.113684403724363,30.822232130214726,,,
20260808_162715,ihawk2,Homography,25.0,31.91925859018239,32.25846011465757,30.01823703400589,37.887428321721266,38.19785587217144,,,
20260808_162715,ihawk2,Homography,30.0,39.120385211244454,39.5211276918817,37.62546907122437,45.83494502709317,45.93741038102739,,,
20260808_162715,ihawk2,Homography,35.0,45.81900796481425,46.30442522551704,43.752011640492945,54.083411874657855,54.39333922189888,,,
20260808_162715,ihawk2,Homography,40.0,52.08287435714666,52.63279554712174,50.0219420267883,61.08073206243459,61.139819165285694,,,
20260808_162715,ihawk2,Homography,45.0,59.400535656808074,60.05246850501141,56.87450293853496,69.96505619187624,70.09229509608336,,,
20260808_162715,ihawk2,Homography,50.0,65.03097175139642,65.75757045451364,62.04249187827843,77.14811838280643,77.59699922225013,,,
20260808_162715,ihawk2,PnP,0.0,2.7499700023355147,2.895017789132072,2.810085122624697,3.9661707038187273,4.219712667705978,2.5175456901083106,2.792553972261461,4.022373141241923
20260808_162715,ihawk2,PnP,5.0,5.955566142907654,7.431658678646156,5.193199508574362,12.497997007962638,13.905408946111995,4.381456826155252,6.126192816007587,9.631188355275775
20260808_162715,ihawk2,PnP,10.0,5.898358345101789,6.490990110210061,4.766272445543454,9.519962485896016,9.797960420358098,5.336240894809984,5.471848416329305,8.48964532251674
20260808_162715,ihawk2,PnP,15.0,5.5536387726496885,5.693653518825825,5.172566455254757,7.244599336711979,7.407235319313788,3.0469001086414442,3.314354776207824,6.5880678483914625
20260808_162715,ihawk2,PnP,20.0,5.039556500898091,5.501509540870136,5.671013259501042,7.799729034748298,8.330213371990718,3.5522873975557436,3.721117105532452,6.64178588493873
20260808_162715,ihawk2,PnP,25.0,4.524751240517521,4.648507709235255,4.138069355387915,6.1224922029187665,6.528433816651581,2.7067452030868977,2.89858391722521,5.478176032952596
20260808_162715,ihawk2,PnP,30.0,5.200747410972357,5.38969014025932,5.7588698889006675,6.545564942756203,6.739075152347289,2.9048361994332597,3.210200285578033,6.273288267052123
20260808_162715,ihawk2,PnP,35.0,5.768752010583708,5.885385003905355,5.508861635422723,7.256806559653702,7.436662855731566,3.422038112900579,3.6972554260964996,6.950356417479181
20260808_162715,ihawk2,PnP,40.0,6.451426806273861,7.399159568747047,5.495969135244839,11.871991664026625,13.259441862715573,5.192132407816334,6.861536815824649,10.090998454003353
20260808_162715,ihawk2,PnP,45.0,3.9532217910543594,4.182631496300935,3.9039324731677927,5.5569738068221755,5.651393706487284,2.397829978026593,2.5071687418586026,4.876505032705437
20260808_162715,ihawk2,PnP,50.0,3.8780319801936614,3.9638019196073335,4.160155840839544,4.872794378937549,5.024443967279294,3.51945101920317,3.6051418486610167,5.358056868571829
